,charts/0/avg_episode_returns,charts/0/avg_episode_lengths,charts/0/avg_episode_success,stats/0/avg_params_queue_get_time,stats/0/avg_rollout_time,stats/0/avg_create_rollout_time,stats/0/avg_rollout_queue_put_time,stats/0/avg_env_recv_time,stats/0/avg_inference_time,stats/0/avg_storage_time,stats/0/avg_device2host_time,stats/0/avg_env_send_time,stats/0/avg_update_time,charts/0/instant_avg_episode_length,charts/0/instant_avg_episode_return,charts/0/returned_avg_episode_length,charts/0/returned_avg_episode_return,charts/0/returned_avg_episode_success,stats/0/inner_time_efficiency,stats/0/middle_time_efficiency,charts/0/SPS,policy_versions/actor_0,stats/rollout_queue_get_time,stats/rollout_params_queue_get_time_diff,stats/training_time,stats/rollout_queue_size,stats/params_queue_size,losses/value_loss,losses/policy_loss,losses/entropy,losses/loss,actor_ma,adv_multiplier,critic_bias,critic_diff,critic_ma,grad_rms/avg,grad_rms/total,param_rms/avg,param_rms/total,proportion_of_boxes,var_explained,policy_versions/learner,losses/learning_rate,rho100/00_episode_returns,rho100/00_episode_lengths,rho100/00_episode_successes,rho100/00_episode_num_cycles,rho100/00_cycles_steps_per_eps_incl_noops,rho100/00_cycles_steps_per_eps_excl_noops,rho100/00_episode_num_noops_per_eps,rho100/00_episode_num_cycles_in_solved,rho100/00_cycles_steps_per_eps_incl_noops_in_solved,rho100/00_cycles_steps_per_eps_excl_noops_in_solved,rho100/00_episode_num_noops_per_eps_in_solved,rho100/00_episode_zero_boxes,rho100/00_episode_one_box,rho100/00_episode_two_boxes,rho100/00_episode_three_boxes,rho050/00_episode_returns,rho050/00_episode_lengths,rho050/00_episode_successes,rho050/00_episode_num_cycles,rho050/00_cycles_steps_per_eps_incl_noops,rho050/00_cycles_steps_per_eps_excl_noops,rho050/00_episode_num_noops_per_eps,rho050/00_episode_num_cycles_in_solved,rho050/00_cycles_steps_per_eps_incl_noops_in_solved,rho050/00_cycles_steps_per_eps_excl_noops_in_solved,rho050/00_episode_num_noops_per_eps_in_solved,rho050/00_episode_zero_boxes,rho050/00_episode_one_box,rho050/00_episode_two_boxes,rho050/00_episode_three_boxes,rho000/00_episode_returns,rho000/00_episode_lengths,rho000/00_episode_successes,rho000/00_episode_num_cycles,rho000/00_cycles_steps_per_eps_incl_noops,rho000/00_cycles_steps_per_eps_excl_noops,rho000/00_episode_num_noops_per_eps,rho000/00_episode_num_cycles_in_solved,rho000/00_cycles_steps_per_eps_incl_noops_in_solved,rho000/00_cycles_steps_per_eps_excl_noops_in_solved,rho000/00_episode_num_noops_per_eps_in_solved,rho000/00_episode_zero_boxes,rho000/00_episode_one_box,rho000/00_episode_two_boxes,rho000/00_episode_three_boxes
51200,-3.0390615463256836,68.24810791015625,0.6117424242424242,0.9740432024002075,1.0739691019058228,5.432724952697754e-05,1.5330314636230468e-05,0.00957221508026123,0.0169859778881073,0.05866308212280273,0.021114966869354247,0.00594024658203125,2.106711745262146,59.23828,-2.9619129,77.328125,-3.5417871,0.52734375,0.999427889946636,0.9999900183218117,2369.6217802153383,8.0,0.9643353700637818,-0.009707832336425692,1.1678385734558105,1.0,0.0,0.24253052473068237,0.02427799627184868,-1.2161290645599365,0.0743851363658905,0.5575395822525024,1.0,-0.009158708155155182,-5.758955478668213,5.76811408996582,0.0004450289416126907,0.5358660221099854,0.03329446166753769,40.090354919433594,0.005078124813735485,-0.015617147088050842,10.0,0.00039987834,,,,,,,,,,,,,,,,,,,,,,,,,,,,,,,,,,,,,,,,,,,,,
102400,-4.036873817443848,85.86009216308594,0.4149443561208267,0.3539955377578735,0.7884814023971558,4.969477653503418e-05,1.4066696166992188e-05,0.0029119205474853515,0.00802640438079834,0.020477724075317384,0.024429681301116942,0.003978728055953979,1.1629905939102172,48.277344,-2.413867,86.71484,-4.0812454,0.40625,0.9992988786321629,0.999981201065754,3073.1900018085807,18.0,0.00019583702087402343,-0.3537997007369995,1.1734824180603027,1.0,1.0,0.14998450875282288,-0.0015528155490756035,-1.0977973937988281,0.026922110468149185,0.5320509076118469,1.0,-0.009665639139711857,-3.9390125274658203,3.9486780166625977,0.00023455580230802298,0.2824321687221527,0.033319443464279175,40.120445251464844,0.00644531287252903,0.0009527057409286499,20.0,0.00039974315,,,,,,,,,,,,,,,,,,,,,,,,,,,,,,,,,,,,,,,,,,,,,
153600,-3.9072391986846924,83.95548248291016,0.4571917808219178,0.33027138710021975,0.8330796241760254,5.6507587432861326e-05,1.1897087097167968e-05,0.0032869279384613037,0.00831553816795349,0.02193324565887451,0.024928447008132935,0.005033543109893799,1.185318684577942,56.753906,-2.8376951,82.47266,-3.834847,0.46484375,0.9992073411479836,0.9999809919846719,3397.130807611369,28.0,0.00015707015991210936,-0.33011431694030763,1.1797864437103271,1.0,1.0,0.418368935585022,0.03269420191645622,-1.3463387489318848,0.12415461242198944,0.21806779503822327,1.0,-0.01334894448518753,-5.224763870239258,5.2381134033203125,0.00044664673623628914,0.5378140211105347,0.033341821283102036,40.14738464355469,0.0054687499068677425,0.001311182975769043,30.0,0.000399608,,,,,,,,,,,,,,,,,,,,,,,,,,,,,,,,,,,,,,,,,,,,,
204800,-3.9139392375946045,83.89286041259766,0.4383116883116883,0.3338595390319824,0.8045367240905762,5.1232576370239256e-05,1.018047332763672e-05,0.0028947997093200684,0.008390154838562012,0.028676676750183105,0.024285112619400025,0.004576492309570313,1.1671034097671509,54.88672,-2.7443354,86.66406,-4.1040597,0.3828125,0.9992779906637828,0.999982615575525,3597.71729088954,38.0,0.00013663768768310547,-0.33372290134429927,1.1849517822265625,1.0,1.0,0.456733763217926,0.032974973320961,-1.3053169250488281,0.13500246405601501,0.34805166721343994,1.0,-0.015471595339477062,-5.34620475769043,5.361676216125488,0.0007699152338318527,0.927066445350647,0.033351872116327286,40.15949249267578,0.005078124813735485,0.010698892176151276,40.0,0.00039947283,,,,,,,,,,,,,,,,,,,,,,,,,,,,,,,,,,,,,,,,,,,,,
256000,-3.9109511375427246,83.66828155517578,0.43527508090614886,0.2877582311630249,0.8688672304153442,6.49571418762207e-05,1.2516975402832031e-05,0.0038108885288238525,0.00849712610244751,0.02798490524291992,0.025235146284103394,0.005799485445022583,1.1846497774124145,52.90625,-2.6453123,87.10156,-4.1247425,0.375,0.9991769048885281,0.9999772982562143,3717.141513546388,48.0,0.00026752948760986326,-0.287490701675415,1.2186553478240967,1.0,0.0,0.28830936551094055,-0.0318349190056324,-1.2655706405639648,0.028630897402763367,0.3988913893699646,1.0,-0.016294077038764954,-5.448223114013672,5.464517593383789,0.00048682495253160596,0.5861932039260864,0.033354319632053375,40.162437438964844,0.0033203125931322575,-0.02505744993686676,50.0,0.00039933764,,,,,,,,,,,,,,,,,,,,,,,,,,,,,,,,,,,,,,,,,,,,,
307200,-3.9164516925811768,83.90115356445312,0.443163097199341,0.32559640407562257,0.8296911001205445,5.651712417602539e-05,1.1301040649414062e-05,0.003179091215133667,0.008658044338226319,0.025281548500061035,0.02451283574104309,0.005045688152313233,1.1806044816970824,53.96875,-2.6984372,82.28906,-3.8213966,0.44921875,0.9992195062685334,0.9999795630453898,3807.5074713853364,58.0,0.000331568717956543,-0.32526483535766604,1.1832406520843506,1.0,1.0,0.49444374442100525,-0.050692368298769,-1.2535589933395386,0.06178734451532364,0.5084569454193115,1.0,-0.01654273085296154,-5.0796098709106445,5.0961527824401855,0.0005757127073593438,0.693224310874939,0.03337306156754494,40.185001373291016,0.004101562779396772,-0.006415553390979767,60.0,0.0003992025,,,,,,,,,,,,,,,,,,,,,,,,,,,,,,,,,,,,,,,,,,,,,
358400,-3.93721604347229,84.06810760498047,0.4219269102990033,0.3441540002822876,0.8041042566299439,4.989385604858399e-05,1.080036163330078e-05,0.0027832257747650146,0.008116555213928223,0.023880863189697267,0.024561082124710084,0.004664312601089477,1.1721731662750243,56.277344,-2.8138669,86.828125,-4.0882936,0.3984375,0.9992502648578894,0.9999801686200203,3877.574677214245,68.0,0.00026683807373046876,-0.34388716220855714,1.1912753582000732,1.0,1.0,0.15210863947868347,-0.11823531985282898,-1.31817626953125,-0.09292195737361908,0.25645139813423157,1.0,-0.016744643449783325,-4.54728364944458,4.564028263092041,0.0007272568764165044,0.8757008910179138,0.03338836133480072,40.20342254638672,0.001953125,-0.06760016083717346,70.0,0.0003990673,,,,,,,,,,,,,,,,,,,,,,,,,,,,,,,,,,,,,,,,,,,,,
409600,-3.710805892944336,80.02163696289062,0.46367851622874806,0.2701632261276245,0.8925175428390503,6.706714630126953e-05,1.2564659118652344e-05,0.003989037275314331,0.009074574708938599,0.024836254119873048,0.025374900102615356,0.0060841250419616695,1.1875545024871825,54.035156,-2.7017577,82.95703,-3.8912358,0.41796875,0.9991894194772637,0.9999790201279487,3925.0036449922136,78.0,0.00019447803497314454,-0.26996874809265137,1.1884469985961914,1.0,1.0,0.5099765062332153,-0.010287314653396606,-1.2701035737991333,0.105663001537323,0.43204042315483093,1.0,-0.01848279871046543,-5.213387489318848,5.231870174407959,0.0007955649634823203,0.9579517245292664,0.033393021672964096,40.20903396606445,0.0044921874068677425,0.008747875690460205,80.0,0.00039893214,,,,,,,,,,,,,,,,,,,,,,,,,,,,,,,,,,,,,,,,,,,,,
460800,-4.035184383392334,85.68888854980469,0.39658119658119656,0.317311692237854,0.8539723873138427,5.867481231689453e-05,1.1396408081054687e-05,0.003355332612991333,0.0090876042842865,0.019892358779907228,0.024770610332489014,0.005393427610397339,1.1912109136581421,58.222656,-2.9111326,89.80078,-4.256259,0.375,0.9992278506026462,0.999980625665705,3962.692053709504,88.0,0.00016565322875976561,-0.3171460390090942,1.2123260498046875,1.0,0.0,0.7960089445114136,0.12253787368535995,-1.3213717937469482,0.30879831314086914,0.2822958528995514,1.0,-0.02162855491042137,-7.045377254486084,7.0670061111450195,0.001170334406197071,1.409217119216919,0.033427610993385315,40.25068283081055,0.0048828125,-0.0015574917197227478,90.0,0.00039879695,,,,,,,,,,,,,,,,,,,,,,,,,,,,,,,,,,,,,,,,,,,,,
512000,-4.017525672912598,85.74160766601562,0.42953020134228187,0.28823997974395754,0.8901736736297607,6.74891471862793e-05,1.2850761413574218e-05,0.003984594345092773,0.009052020311355592,0.02836153507232666,0.02529497742652893,0.006073076725006104,1.2068126916885376,58.60547,-2.930273,88.15625,-4.1545,0.40625,0.9991793573007068,0.9999795722391314,3988.8972254225123,98.0,0.0002354145050048828,-0.2880045652389527,1.1923387050628662,1.0,1.0,0.5976843237876892,0.06504767388105392,-1.3329424858093262,0.20161765813827515,0.25800180435180664,1.0,-0.02324182167649269,-6.447230339050293,6.4704718589782715,0.0008270045509561896,0.9958085417747498,0.03347939997911453,40.313045501708984,0.0044921874068677425,0.008055277168750763,100.0,0.0003986618,,,,,,,,,,,,,,,,,,,,,,,,,,,,,,,,,,,,,,,,,,,,,
563200,-3.89136004447937,83.41439819335938,0.4496,0.2906374454498291,0.8631138801574707,5.7380199432373044e-05,1.1801719665527344e-05,0.0034011363983154296,0.009195891618728637,0.021545600891113282,0.024994602203369142,0.005474156141281128,1.1753315448760986,54.95703,-2.7478514,81.16016,-3.7582314,0.484375,0.9992462768240759,0.9999805870453154,4018.998900200594,108.0,0.00017654895782470703,-0.2904608964920044,1.1949751377105713,1.0,1.0,0.29631102085113525,0.014563304372131824,-1.2103883028030396,0.07774454355239868,0.4169924855232239,1.0,-0.021431945264339447,-4.844049453735352,4.865480899810791,0.0004303898895159364,0.51823890209198,0.033526696264743805,40.3699951171875,0.00546875037252903,0.004910074174404144,110.0,0.0003985266,,,,,,,,,,,,,,,,,,,,,,,,,,,,,,,,,,,,,,,,,,,,,
614400,-3.9412643909454346,84.2414321899414,0.44861337683523655,0.28753294944763186,0.8866616487503052,6.601929664611816e-05,1.2469291687011718e-05,0.0038232576847076418,0.00933622121810913,0.020594978332519533,0.025127798318862915,0.005944026708602905,1.1948254346847533,53.23828,-2.6619136,81.79297,-3.8211858,0.45703125,0.9991933967001516,0.9999804248705033,4039.151069372056,118.0,0.00018587112426757813,-0.28734707832336426,1.1963191032409668,1.0,1.0,0.6418861150741577,0.024443207308650017,-1.2725456953048706,0.1732267141342163,0.47107651829719543,1.0,-0.02204865962266922,-4.9808502197265625,5.002899169921875,0.0008853549370542169,1.0660691261291504,0.03352777659893036,40.371299743652344,0.00546875037252903,0.014723896980285645,120.0,0.00039839145,,,,,,,,,,,,,,,,,,,,,,,,,,,,,,,,,,,,,,,,,,,,,
665600,-4.277096271514893,90.08626556396484,0.3573943661971831,0.2938475847244263,0.8943534612655639,6.668925285339355e-05,1.2660026550292969e-05,0.003946998119354248,0.009205619096755982,0.023082399368286134,0.025381865501403807,0.006080508232116699,1.2113212823867798,53.359375,-2.6679683,92.10156,-4.3762083,0.35546875,0.9991951088165268,0.9999792152566629,4052.5029167138355,128.0,0.0001928567886352539,-0.29365472793579106,1.1930313110351562,1.0,1.0,1.032508373260498,0.128834068775177,-1.3674230575561523,0.3734181523323059,0.16371284425258636,1.0,-0.023291844874620438,-5.361502647399902,5.384794235229492,0.0010612636106088758,1.2778834104537964,0.033540029078722,40.386051177978516,0.0062500000931322575,-0.0004257708787918091,130.0,0.00039825626,,,,,,,,,,,,,,,,,,,,,,,,,,,,,,,,,,,,,,,,,,,,,
716800,-3.677947521209717,79.796875,0.4984375,0.2892958402633667,0.8670066595077515,6.357669830322266e-05,1.1539459228515625e-05,0.0037068760395050047,0.00855638027191162,0.021733665466308595,0.02525819420814514,0.0057304537296295165,1.1780723094940186,53.867188,-2.6933591,78.74219,-3.615838,0.5078125,0.9991960378271407,0.9999791143572725,4071.4674300317024,138.0,0.00014214515686035157,-0.28915369510650635,1.200463056564331,1.0,1.0,0.8042609691619873,0.09760583192110062,-1.2746105194091797,0.287150502204895,0.46205127239227295,1.0,-0.023051399737596512,-4.9939351081848145,5.016985893249512,0.0009152501588687301,1.1020662784576416,0.03354117274284363,40.38742446899414,0.00722656212747097,-0.0009245947003364563,140.0,0.0003981211,,,,,,,,,,,,,,,,,,,,,,,,,,,,,,,,,,,,,,,,,,,,,
768000,-3.8854222297668457,83.330078125,0.43902439024390244,0.2955585718154907,0.8899407863616944,6.635785102844238e-05,1.5091896057128906e-05,0.00390813946723938,0.009208644628524781,0.027469754219055176,0.025318418741226197,0.0059596610069274905,1.2130081415176392,53.679688,-2.683984,87.27344,-4.0992975,0.41015625,0.99919505603772,0.9999802662286241,4080.632079691667,148.0,0.00011351108551025391,-0.29544506072998045,1.1971168518066406,1.0,1.0,0.7150410413742065,0.05073738098144531,-1.3012135028839111,0.21715782582759857,0.3759915232658386,1.0,-0.023464754223823547,-5.021293640136719,5.044758319854736,0.000683694495819509,0.8232467174530029,0.033563219010829926,40.413978576660156,0.0062500000931322575,0.003721892833709717,150.0,0.00039798592,,,,,,,,,,,,,,,,,,,,,,,,,,,,,,,,,,,,,,,,,,,,,
819200,-3.979310989379883,84.87689971923828,0.4317032040472175,0.3149463653564453,0.8473574161529541,5.773663520812988e-05,1.1897087097167968e-05,0.0032991886138916014,0.008293659687042236,0.024186420440673827,0.02544670343399048,0.005238443613052368,1.1865260124206543,57.070312,-2.8535154,88.07422,-4.1656837,0.38671875,0.9992414340430559,0.9999798458835006,4094.0249762208737,158.0,0.00017516613006591798,-0.3147711992263794,1.1931943893432617,1.0,1.0,0.42399653792381287,-0.05016893893480301,-1.2035518884658813,0.045324526727199554,0.4862346649169922,1.0,-0.024682171642780304,-5.259143829345703,5.283825874328613,0.000882960855960846,1.0631864070892334,0.03358450531959534,40.439605712890625,0.002734375186264515,-0.023889310657978058,160.0,0.00039785076,,,,,,,,,,,,,,,,,,,,,,,,,,,,,,,,,,,,,,,,,,,,,
870400,-4.050896167755127,86.10430145263672,0.41225165562913907,0.30022544860839845,0.8801514387130738,6.497502326965331e-05,1.201629638671875e-05,0.0037623417377471925,0.00945244550704956,0.025577783584594727,0.024835941791534425,0.0058567535877227786,1.205989456176758,53.91797,-2.6958983,85.91406,-4.0443144,0.40625,0.9992020853051965,0.9999811200884157,4102.186365288982,168.0,0.00014858245849609376,-0.30007686614990237,1.1981120109558105,1.0,1.0,0.5139606595039368,0.008007340133190155,-1.2568066120147705,0.1250719130039215,0.5175563097000122,1.0,-0.025422701612114906,-4.734353065490723,4.7597761154174805,0.00044685770990327,0.5380680561065674,0.03360801562666893,40.46791458129883,0.0042968750931322575,0.005621060729026794,170.0,0.00039771557,,,,,,,,,,,,,,,,,,,,,,,,,,,,,,,,,,,,,,,,,,,,,
921600,-4.029685974121094,85.82252502441406,0.4044368600682594,0.2985211372375488,0.8518874168395996,5.893349647521973e-05,1.125335693359375e-05,0.0034073972702026367,0.008401315212249755,0.026081252098083495,0.025410701036453247,0.005283797979354858,1.176525068283081,57.464844,-2.873242,83.91016,-3.9244404,0.4140625,0.9992434247388272,0.9999795935067065,4114.691466327524,178.0,0.0001860380172729492,-0.29833509922027585,1.1944162845611572,1.0,1.0,0.4191682040691376,-0.03993772342801094,-1.3344931602478027,0.051924705505371094,0.2626610994338989,1.0,-0.026105251163244247,-4.74533748626709,4.771442890167236,0.0005949564510956407,0.7163959741592407,0.03362997621297836,40.494361877441406,0.0042968750931322575,0.006249085068702698,180.0,0.0003975804,,,,,,,,,,,,,,,,,,,,,,,,,,,,,,,,,,,,,,,,,,,,,
972800,-4.099318504333496,87.04568481445312,0.41624365482233505,0.3161414623260498,0.8583639621734619,6.0791969299316404e-05,1.1944770812988282e-05,0.0035396254062652587,0.008657481670379639,0.02199420928955078,0.025160726308822632,0.0054652559757232665,1.196536946296692,56.51172,-2.8255856,91.07422,-4.332524,0.37109375,0.9992004142835612,0.999978799035922,4122.662291932189,188.0,0.00017411708831787108,-0.3159673452377319,1.1977851390838623,1.0,1.0,0.9081414937973022,0.07261554151773453,-1.3361411094665527,0.28682923316955566,0.2922026515007019,1.0,-0.028363069519400597,-5.332690238952637,5.361053466796875,0.0009091846877709031,1.0947628021240234,0.033645037561655045,40.51249694824219,0.0052734375931322575,0.0012548044323921204,190.0,0.00039744523,,,,,,,,,,,,,,,,,,,,,,,,,,,,,,,,,,,,,,,,,,,,,
998400,,,,,,,,,,,,,,,,,,,,,,,,,,,,,,,,,,,,,,,,,,,,,-5.898323005748283,118.140625,0.015625,0.0,0.0,0.0,0.0,0.0,0.0,0.0,0.0,1.0,0.0,0.0,0.0,-5.898323005748283,118.140625,0.015625,0.0,0.0,0.0,0.0,0.0,0.0,0.0,0.0,1.0,0.0,0.0,0.0,-5.898323005748283,118.140625,0.015625,0.0,0.0,0.0,0.0,0.0,0.0,0.0,0.0,1.0,0.0,0.0,0.0
1024000,-3.8434982299804688,82.628662109375,0.4514637904468413,0.2537407398223877,0.8290112495422364,6.129860877990723e-05,1.1682510375976562e-05,0.0043198466300964355,0.008195037841796876,0.01970081329345703,0.023180090188980103,0.005660700798034668,1.1024853944778443,47.035156,-2.3517573,80.80469,-3.728497,0.484375,0.9991896754249746,0.9999810343887621,4040.8265797153194,198.0,0.007893204689025879,-0.24584753513336183,1.2045917510986328,1.0,1.0,0.6687641143798828,0.03401122987270355,-1.3538464307785034,0.18784019351005554,0.1487012505531311,1.0,-0.02712828852236271,-4.225741863250732,4.252870559692383,0.0005710950936190784,0.6876641511917114,0.03367144614458084,40.54429244995117,0.0068359375,-7.236748933792114e-05,200.0,0.00039731007,,,,,,,,,,,,,,,,,,,,,,,,,,,,,,,,,,,,,,,,,,,,,
1075200,-3.764070510864258,81.35726165771484,0.4974958263772955,0.32197983264923097,0.8549637794494629,5.864620208740234e-05,1.2421607971191407e-05,0.003551715612411499,0.008796384334564209,0.024265027046203612,0.025049331188201903,0.005259811878204346,1.2012438535690309,56.671875,-2.8335934,79.89844,-3.6824632,0.51171875,0.9992444181196873,0.9999810256542879,4050.525296571643,208.0,0.00011005401611328126,-0.32186977863311766,1.2052688598632812,1.0,0.0,0.7576065063476562,0.07484932243824005,-1.3325457572937012,0.2513354420661926,0.2637573778629303,1.0,-0.02913178876042366,-5.310175895690918,5.339308261871338,0.0007476451573893428,0.9002507328987122,0.033690162003040314,40.56683349609375,0.0052734375931322575,-0.0007767081260681152,210.0,0.00039717488,,,,,,,,,,,,,,,,,,,,,,,,,,,,,,,,,,,,,,,,,,,,,
1126400,-3.7985122203826904,81.65660095214844,0.4483306836248013,0.2606640338897705,0.9053809404373169,6.738543510437012e-05,1.2063980102539063e-05,0.003989263772964478,0.009223434925079346,0.02632782459259033,0.025891474485397338,0.006061239242553711,1.1924081563949585,56.039062,-2.8019528,85.58984,-4.0299587,0.4140625,0.999199250632577,0.9999804651661821,4060.8479630316497,218.0,0.00011332035064697266,-0.2605507135391235,1.2029743194580078,1.0,1.0,1.135762095451355,0.11290113627910614,-1.3453582525253296,0.38366231322288513,0.23848363757133484,1.0,-0.031067732721567154,-6.012479782104492,6.043547630310059,0.0010098376078531146,1.2159606218338013,0.03369695693254471,40.575008392333984,0.00449218787252903,-0.002539820969104767,220.0,0.00039703972,,,,,,,,,,,,,,,,,,,,,,,,,,,,,,,,,,,,,,,,,,,,,
1177600,-3.9794504642486572,84.83717346191406,0.42598684210526316,0.3349332094192505,0.8349100589752197,5.530595779418945e-05,1.0132789611816406e-05,0.0030972933769226074,0.008799498081207275,0.02073647975921631,0.02466764807701111,0.005094374418258667,1.1906130075454713,54.55078,-2.7275386,83.640625,-3.9340966,0.41796875,0.999248229501375,0.999980575886517,4069.8888726849254,228.0,0.00022759437561035157,-0.3347056150436401,1.2031965255737305,1.0,1.0,0.5494339466094971,-0.026167627424001694,-1.2706900835037231,0.0995468944311142,0.4858178198337555,1.0,-0.02981092780828476,-5.06718635559082,5.0969977378845215,0.0004817989538423717,0.5801413059234619,0.03371373191475868,40.595211029052734,0.004687500186264515,-0.03212621062994003,230.0,0.00039690456,,,,,,,,,,,,,,,,,,,,,,,,,,,,,,,,,,,,,,,,,,,,,
1228800,-4.027551651000977,85.74073791503906,0.41919191919191917,0.30811707973480223,0.879729175567627,6.559014320373536e-05,1.2183189392089844e-05,0.003812265396118164,0.009065176248550416,0.02671945095062256,0.025095690488815308,0.005911734104156494,1.2146021604537964,55.60547,-2.7802734,83.00781,-3.8595765,0.4609375,0.999181511798469,0.9999800173158399,4075.3958682999464,238.0,0.0001470327377319336,-0.3079700469970703,1.2031328678131104,1.0,1.0,0.6263628602027893,0.03979421406984329,-1.3340377807617188,0.18347109854221344,0.2673511803150177,1.0,-0.031107762828469276,-5.537644386291504,5.568751811981201,0.0007112327730283141,0.8564060926437378,0.03372800350189209,40.612396240234375,0.0052734375931322575,0.01926685869693756,240.0,0.00039676938,,,,,,,,,,,,,,,,,,,,,,,,,,,,,,,,,,,,,,,,,,,,,
1280000,-3.921434164047241,83.80613708496094,0.43295638126009695,0.26617214679718015,0.9053211212158203,6.930828094482422e-05,1.2516975402832031e-05,0.004090057611465454,0.009124599695205689,0.023706626892089844,0.0256862735748291,0.006258857250213623,1.1952354192733765,52.964844,-2.6482415,83.00391,-3.884333,0.4375,0.9991835019140459,0.9999807507437344,4082.9149603000524,248.0,0.0002508401870727539,-0.2659213066101074,1.2200758457183838,1.0,0.0,0.341692179441452,0.02142404019832611,-1.3134348392486572,0.09421493858098984,0.2946934401988983,1.0,-0.030896103009581566,-5.112140655517578,5.143036842346191,0.00046742602717131376,0.5628347396850586,0.033759184181690216,40.649940490722656,0.0054687499068677425,-0.13485664129257202,250.0,0.00039663422,,,,,,,,,,,,,,,,,,,,,,,,,,,,,,,,,,,,,,,,,,,,,
1331200,-4.166004657745361,88.231689453125,0.3850085178875639,0.33702232837677004,0.8447545766830444,5.789041519165039e-05,1.220703125e-05,0.0033056473731994628,0.008598438501358031,0.021360063552856447,0.025108609199523926,0.00513359546661377,1.203172755241394,50.652344,-2.5326169,92.11328,-4.3830595,0.34765625,0.9992057366910728,0.9999804021514197,4089.231291059539,258.0,0.00021784305572509767,-0.33680448532104496,1.2063660621643066,1.0,1.0,0.2851346731185913,0.005704786628484726,-1.3331611156463623,0.06399890035390854,0.2502904534339905,1.0,-0.03219866007566452,-3.584073543548584,3.616272211074829,0.0004707806510850787,0.566874086856842,0.03378698229789734,40.68341064453125,0.0052734375931322575,-0.024540863931179047,260.0,0.00039649903,,,,,,,,,,,,,,,,,,,,,,,,,,,,,,,,,,,,,,,,,,,,,
1382400,-3.927701950073242,84.32215118408203,0.44966442953020136,0.35129361152648925,0.8232050895690918,5.517840385437012e-05,1.1038780212402343e-05,0.0030858850479125975,0.008218003511428833,0.019075560569763183,0.025197641849517824,0.004572752714157104,1.1936069488525392,54.339844,-2.7169914,84.07422,-3.9074879,0.4609375,0.9992518765499864,0.999981863035396,4096.034655964516,268.0,0.0002579450607299805,-0.3510356664657593,1.2003200054168701,1.0,1.0,0.49102166295051575,0.001289866864681244,-1.249543309211731,0.11267393827438354,0.47047701478004456,1.0,-0.03214330971240997,-5.077317237854004,5.109460830688477,0.0006421388243325055,0.7732089757919312,0.033832527697086334,40.73825454711914,0.0052734375931322575,-0.08329682052135468,270.0,0.00039636387,,,,,,,,,,,,,,,,,,,,,,,,,,,,,,,,,,,,,,,,,,,,,
1433600,-4.04691743850708,86.01597595214844,0.40894568690095845,0.3765196561813354,0.81277015209198,5.363583564758301e-05,1.1420249938964843e-05,0.002950500249862671,0.008498381376266479,0.022098469734191894,0.024730546474456785,0.004376074075698852,1.2114232778549194,44.003906,-2.2001948,85.30078,-3.9984424,0.4296875,0.9992772964757372,0.9999805356245797,4099.995240819111,278.0,0.00018749237060546874,-0.37633216381073,1.203026533126831,1.0,1.0,0.1623428761959076,0.009553549811244011,-1.3552088737487793,0.03676818311214447,0.15968406200408936,1.0,-0.03376850113272667,-4.652473449707031,4.68624210357666,0.0002608151698950678,0.31405144929885864,0.03394261747598648,40.870811462402344,0.009765625,-0.019100002944469452,280.0,0.0003962287,,,,,,,,,,,,,,,,,,,,,,,,,,,,,,,,,,,,,,,,,,,,,
1484800,-3.7545363903045654,81.05128479003906,0.48034188034188036,0.37531208992004395,0.7976434230804443,4.96828556060791e-05,1.0013580322265625e-05,0.002674071788787842,0.007991472482681275,0.018141341209411622,0.025121777057647704,0.004016276597976685,1.1911290168762207,58.789062,-2.9394526,78.97266,-3.648036,0.484375,0.9992756068567316,0.9999814049647984,4106.217146584088,288.0,0.00020530223846435547,-0.37510678768157957,1.2200729846954346,1.0,0.0,0.31847211718559265,-0.017040668055415154,-1.1604905128479004,0.05324080213904381,0.7215481400489807,1.0,-0.0352020338177681,-4.834746360778809,4.869948387145996,0.00036798318615183234,0.44309401512145996,0.03407614678144455,41.03160095214844,0.0052734375931322575,0.010488040745258331,290.0,0.00039609353,,,,,,,,,,,,,,,,,,,,,,,,,,,,,,,,,,,,,,,,,,,,,
1536000,-4.113795280456543,87.32562255859375,0.4033057851239669,0.38412227630615237,0.8074479341506958,4.970788955688477e-05,1.1110305786132813e-05,0.0027162504196166994,0.00785486102104187,0.01549384593963623,0.025570377111434936,0.0041530561447143555,1.2070971727371216,52.414062,-2.6207027,85.91016,-4.016733,0.4375,0.9993028870350719,0.999981769458708,4110.5444998290095,298.0,0.00021860599517822265,-0.38390367031097417,1.2063486576080322,1.0,1.0,0.7952386140823364,0.09985090047121048,-1.2899587154388428,0.28642743825912476,0.28593870997428894,1.0,-0.038398683071136475,-6.286676406860352,6.325075149536133,0.0010337114799767733,1.2447073459625244,0.03409644961357117,41.05604553222656,0.005078124813735485,0.001819215714931488,300.0,0.00039595834,,,,,,,,,,,,,,,,,,,,,,,,,,,,,,,,,,,,,,,,,,,,,
1587200,-3.8724277019500732,82.94934844970703,0.4493464052287582,0.3516349792480469,0.8356257677078247,5.591034889221191e-05,1.2040138244628906e-05,0.003088005781173706,0.008601571321487428,0.01845855712890625,0.02516177177429199,0.004842346906661988,1.205754828453064,54.11328,-2.7056637,82.75,-3.8639421,0.4609375,0.9992417119215742,0.9999805232129391,4114.553897575059,308.0,0.0002016782760620117,-0.3514333009719849,1.209989070892334,1.0,1.0,0.8613507151603699,0.09891536831855774,-1.347213625907898,0.3010208308696747,0.17984627187252045,1.0,-0.037567611783742905,-5.298093795776367,5.335660934448242,0.0009202192886732519,1.1080498695373535,0.03409840539097786,41.05840301513672,0.0064453124068677425,-0.002609759569168091,310.0,0.00039582318,,,,,,,,,,,,,,,,,,,,,,,,,,,,,,,,,,,,,,,,,,,,,
1638400,-3.8515195846557617,82.9153060913086,0.46254071661237783,0.35137917995452883,0.829352331161499,5.6384801864624025e-05,1.2183189392089844e-05,0.003184934854507446,0.008241033554077149,0.02114696502685547,0.02524781346321106,0.004706496000289917,1.2019147872924805,55.246094,-2.7623043,85.34375,-3.9944177,0.44921875,0.9992535407941422,0.9999799253986554,4118.699503824668,318.0,0.0002474784851074219,-0.3511317014694214,1.205263376235962,1.0,1.0,0.9720719456672668,0.12931528687477112,-1.2633389234542847,0.3608190417289734,0.469015896320343,1.0,-0.03741713613271713,-5.103331565856934,5.140748977661133,0.0010276762768626213,1.2374403476715088,0.03410549834370613,41.06694030761719,0.0072265625931322575,0.0012257769703865051,320.0,0.000395688,,,,,,,,,,,,,,,,,,,,,,,,,,,,,,,,,,,,,,,,,,,,,
1689600,-4.048224925994873,85.91475677490234,0.4016393442622951,0.34668588638305664,0.8419854640960693,5.667567253112793e-05,1.1038780212402343e-05,0.00322371244430542,0.008705934286117554,0.021727728843688964,0.025022498369216918,0.005058400630950928,1.2104319334030151,50.527344,-2.5263667,86.50391,-4.081815,0.40234375,0.9992386614009797,0.9999819772600295,4121.697500478042,328.0,0.00020751953125,-0.34647836685180666,1.2030959129333496,1.0,1.0,0.8021957874298096,0.13437193632125854,-1.3478375673294067,0.3217238783836365,0.21483586728572845,1.0,-0.0382591187953949,-5.067625522613525,5.105884552001953,0.0008960686973296106,1.0789698362350464,0.034110113978385925,41.07250213623047,0.007226563058793545,0.00017660856246948242,330.0,0.00039555284,,,,,,,,,,,,,,,,,,,,,,,,,,,,,,,,,,,,,,,,,,,,,
1740800,-3.9483330249786377,84.52195739746094,0.4391891891891892,0.36491434574127196,0.8318068742752075,5.3690671920776366e-05,1.1730194091796876e-05,0.002984863519668579,0.008532018661499023,0.0147613525390625,0.025523111820220948,0.004467015266418457,1.211516547203064,55.070312,-2.7535152,84.9375,-3.9806905,0.4140625,0.9992872438314861,0.9999816391666448,4124.097750768361,338.0,0.0001477956771850586,-0.3647665500640869,1.2043814659118652,1.0,1.0,0.6809160709381104,0.03843703866004944,-1.3419140577316284,0.1955713927745819,0.2548710107803345,1.0,-0.03822637349367142,-4.948764801025391,4.986990928649902,0.0006184604717418551,0.7446975708007812,0.03412393108010292,41.08913803100586,0.0054687499068677425,0.0031558051705360413,340.0,0.00039541765,,,,,,,,,,,,,,,,,,,,,,,,,,,,,,,,,,,,,,,,,,,,,
1792000,-3.8745086193084717,83.23003387451172,0.46166134185303515,0.35786511898040774,0.8052704572677613,5.016922950744629e-05,1.0895729064941407e-05,0.002734687328338623,0.008701742887496948,0.023912882804870604,0.024455511569976808,0.004291906356811524,1.1870805025100708,51.546875,-2.5773437,83.63281,-3.9100156,0.4375,0.999267190519895,0.9999821850936633,4129.004800592638,348.0,0.0003309011459350586,-0.3575342178344727,1.2049517631530762,1.0,1.0,0.9492213726043701,0.06676319986581802,-1.3413355350494385,0.29099270701408386,0.22762690484523773,1.0,-0.03887975960969925,-5.202033996582031,5.240913391113281,0.0007292147492989898,0.8780584335327148,0.03413020074367523,41.09668731689453,0.00624999962747097,0.0010783076286315918,350.0,0.0003952825,,,,,,,,,,,,,,,,,,,,,,,,,,,,,,,,,,,,,,,,,,,,,
1843200,-3.9250125885009766,83.97504425048828,0.4276206322795341,0.35892319679260254,0.8212338209152221,5.113840103149414e-05,1.087188720703125e-05,0.002844042778015137,0.008631211519241334,0.02748568058013916,0.024706614017486573,0.004799003601074219,1.2076751947402955,54.402344,-2.720117,84.04297,-3.9311013,0.421875,0.9992771673996749,0.9999820940554061,4131.722282934876,358.0,0.0002463817596435547,-0.358676815032959,1.208711862564087,1.0,1.0,0.8128408193588257,0.06538548320531845,-1.2831528186798096,0.25644373893737793,0.28710079193115234,1.0,-0.04013994708657265,-5.607961654663086,5.648101329803467,0.0008772291475906968,1.056284785270691,0.03413711115717888,41.10500717163086,0.0048828125,0.0004754588007926941,360.0,0.0003951473,,,,,,,,,,,,,,,,,,,,,,,,,,,,,,,,,,,,,,,,,,,,,
1894400,-3.8095061779022217,82.0977554321289,0.46634615384615385,0.26850061416625975,0.9008896589279175,6.882309913635254e-05,1.4400482177734375e-05,0.004067302942276001,0.009384156465530395,0.030640840530395508,0.025351346731185914,0.006136211156845092,1.200071597099304,54.289062,-2.7144527,79.48047,-3.6780105,0.4921875,0.9991865252074106,0.9999782654696463,4134.938103872706,368.0,0.0002290964126586914,-0.2682715177536011,1.2080800533294678,1.0,1.0,0.46139392256736755,-0.03133213892579079,-1.3445453643798828,0.07084430009126663,0.21716049313545227,1.0,-0.03844910487532616,-4.352537155151367,4.39098596572876,0.0005873593036085367,0.7072482109069824,0.03415844216942787,41.13069152832031,0.0052734375931322575,0.0008776113390922546,370.0,0.00039501215,,,,,,,,,,,,,,,,,,,,,,,,,,,,,,,,,,,,,,,,,,,,,
1945600,-3.7014408111572266,80.06531524658203,0.4821150855365474,0.3023259162902832,0.8823261260986328,6.345629692077636e-05,1.2421607971191407e-05,0.003653268814086914,0.009084954261779785,0.021667098999023436,0.025575625896453857,0.005704923868179322,1.2063561916351317,53.1875,-2.6593747,86.77344,-4.0772114,0.40625,0.9992275607283292,0.9999795842725457,4137.4869996778,378.0,0.00020880699157714843,-0.30211710929870605,1.201915979385376,1.0,1.0,0.7185927033424377,0.06253015995025635,-1.2330584526062012,0.23131585121154785,0.5250639915466309,1.0,-0.04080016165971756,-5.366451263427734,5.407251358032227,0.0006983787752687931,0.840928316116333,0.0341656357049942,41.13935852050781,0.006640625186264515,0.004669129848480225,380.0,0.00039487696,,,,,,,,,,,,,,,,,,,,,,,,,,,,,,,,,,,,,,,,,,,,,
1996800,-3.954444408416748,84.4243392944336,0.41118421052631576,0.3286590576171875,0.8472196817398071,5.563735961914063e-05,1.1658668518066406e-05,0.0031586313247680665,0.008573516607284545,0.021776342391967775,0.02546413540840149,0.005077189207077027,1.1976866722106934,52.679688,-2.633984,84.28906,-3.9443817,0.421875,0.9992475580884846,0.9999833580904962,4140.64278328525,388.0,0.0002033233642578125,-0.3284557342529297,1.7687747478485107,1.0,1.0,0.7249011993408203,-0.00519830547273159,-1.3297009468078613,0.16315224766731262,0.31149429082870483,1.0,-0.040787868201732635,-5.149219512939453,5.190007209777832,0.0006688294233754277,0.8053476214408875,0.03422749787569046,41.21384811401367,0.005859375,0.005393296480178833,390.0,0.0003947418,,,,,,,,,,,,,,,,,,,,,,,,,,,,,,,,,,,,,,,,,,,,,
2001920,,,,,,,,,,,,,,,,,,,,,,,,,,,,,,,,,,,,,,,,,,,,,-5.701262755455312,114.4375,0.046875,0.0,0.0,0.0,0.0,0.0,0.0,0.0,0.0,1.0,0.0,0.0,0.0,-5.701262755455312,114.4375,0.046875,0.0,0.0,0.0,0.0,0.0,0.0,0.0,0.0,1.0,0.0,0.0,0.0,-5.701262755455312,114.4375,0.046875,0.0,0.0,0.0,0.0,0.0,0.0,0.0,0.0,1.0,0.0,0.0,0.0
2048000,-3.6992685794830322,79.79936981201172,0.47335423197492166,0.23737242221832275,0.8395216464996338,6.185650825500488e-05,1.2612342834472656e-05,0.004678553342819214,0.008355743885040283,0.019237661361694337,0.02326180100440979,0.00558530330657959,1.0961660385131835,53.804688,-2.6902342,80.28125,-3.7329223,0.44921875,0.9992180242638253,0.9999802072953039,4112.201170857333,398.0,0.003676295280456543,-0.2336961269378662,1.2039475440979004,1.0,1.0,0.3569900393486023,-0.06037353724241257,-1.3598307371139526,0.015412857756018639,0.17058253288269043,1.0,-0.0413779616355896,-5.206326484680176,5.247704029083252,0.0006051479140296578,0.728667676448822,0.034239739179611206,41.22858428955078,0.0042968750931322575,0.03216240555047989,400.0,0.0003946066,,,,,,,,,,,,,,,,,,,,,,,,,,,,,,,,,,,,,,,,,,,,,
2099200,-3.8026065826416016,81.86677551269531,0.46869983948635635,0.30248117446899414,0.8835521221160889,6.601333618164062e-05,1.2564659118652344e-05,0.003946985006332397,0.008853111267089844,0.02749772071838379,0.02544521450996399,0.005830944776535034,1.2135670185089111,54.57422,-2.7287107,78.99609,-3.6486678,0.49609375,0.9992001103541711,0.9999806878845847,4114.472952263837,408.0,0.0001329183578491211,-0.302348256111145,1.2072076797485352,1.0,0.0,0.4680069088935852,-0.012739771977066994,-1.3232040405273438,0.09157410264015198,0.30834531784057617,1.0,-0.04204374924302101,-5.376826286315918,5.418869972229004,0.0005851996247656643,0.7046476602554321,0.034244611859321594,41.23444747924805,0.0048828125,0.009126827120780945,410.0,0.00039447146,,,,,,,,,,,,,,,,,,,,,,,,,,,,,,,,,,,,,,,,,,,,,
2150400,-3.941443681716919,84.50906372070312,0.43492586490939045,0.28770270347595217,0.8732026100158692,6.270885467529296e-05,1.2302398681640625e-05,0.0036662304401397705,0.008445459604263305,0.028983378410339357,0.025753304958343506,0.00569827675819397,1.189923930168152,54.195312,-2.7097654,86.46094,-4.045663,0.41796875,0.999217824482293,0.9999807249297807,4118.696279912451,418.0,0.00025990009307861326,-0.28744280338287354,1.2044386863708496,1.0,1.0,0.4984062612056732,0.014624455943703651,-1.341526985168457,0.12619265913963318,0.25706589221954346,1.0,-0.04058536887168884,-4.008194923400879,4.0487799644470215,0.00038218603003770113,0.46019595861434937,0.03426493704319,41.2589225769043,0.0062500000931322575,0.09909059852361679,420.0,0.00039433627,,,,,,,,,,,,,,,,,,,,,,,,,,,,,,,,,,,,,,,,,,,,,
2201600,-3.8762388229370117,83.18456268310547,0.4513422818791946,0.32087082862854005,0.8667335033416748,6.212115287780762e-05,1.2540817260742188e-05,0.003537348508834839,0.008703628778457642,0.024555087089538574,0.025455127954483032,0.0055444324016571045,1.2121967554092408,60.53125,-3.0265625,83.22656,-3.8898702,0.43359375,0.999215067361717,0.9999795449607368,4120.772593930068,428.0,0.0003435850143432617,-0.32052724361419677,1.2098796367645264,1.0,1.0,0.8547475337982178,0.09870213270187378,-1.3555536270141602,0.29903271794319153,0.20800994336605072,1.0,-0.045137375593185425,-6.415131568908691,6.460268497467041,0.000829839613288641,0.9992222785949707,0.034289389848709106,41.28837585449219,0.0054687499068677425,0.021936513483524323,430.0,0.0003942011,,,,,,,,,,,,,,,,,,,,,,,,,,,,,,,,,,,,,,,,,,,,,
2252800,-3.8300321102142334,82.31481170654297,0.45987654320987653,0.2933758497238159,0.8927732944488526,6.543993949890137e-05,1.2326240539550782e-05,0.0037673461437225343,0.00955625057220459,0.020910811424255372,0.02513710141181946,0.0060749351978302,1.2070960521697998,52.171875,-2.6085932,81.72656,-3.7897694,0.4765625,0.9991578722705824,0.9999803078369002,4123.144424241906,438.0,0.00022058486938476564,-0.29315526485443116,1.2066164016723633,1.0,1.0,0.8946331739425659,0.0715925544500351,-1.3122999668121338,0.28276968002319336,0.3423401713371277,1.0,-0.044925373047590256,-6.377725124359131,6.422650337219238,0.0008551052305847406,1.0296449661254883,0.034310419112443924,41.313690185546875,0.005859375,0.0035373345017433167,440.0,0.00039406595,,,,,,,,,,,,,,,,,,,,,,,,,,,,,,,,,,,,,,,,,,,,,
2304000,-4.105356216430664,86.93181610107422,0.3951048951048951,0.2751251220703125,0.8921011447906494,6.55210018157959e-05,1.2469291687011718e-05,0.0038399577140808107,0.009507813453674317,0.019570326805114745,0.025187655687332153,0.005968708992004395,1.1868338584899902,57.933594,-2.8966794,86.140625,-4.072426,0.38671875,0.9992063592602315,0.9999791078321122,4126.993973201942,448.0,0.00016655921936035157,-0.2749585628509521,1.2221343517303467,1.0,0.0,0.2961992025375366,-0.08050975948572159,-1.3424675464630127,-0.01957000605762005,0.2245400846004486,1.0,-0.04209188371896744,-5.010798454284668,5.052890777587891,0.0005094935186207294,0.6134887933731079,0.03434903547167778,41.36018753051758,0.004101562313735485,-0.0729500874876976,450.0,0.00039393076,,,,,,,,,,,,,,,,,,,,,,,,,,,,,,,,,,,,,,,,,,,,,
2355200,-3.8339550495147705,82.52283477783203,0.45984251968503936,0.298254132270813,0.8815913438796997,6.500244140625e-05,1.2826919555664062e-05,0.003746258020401001,0.008955103158950806,0.028116464614868164,0.025419942140579223,0.005858384370803833,1.2079976558685304,53.23828,-2.6619136,82.890625,-3.8511338,0.4453125,0.9992087703200354,0.9999810527913837,4129.323720955856,458.0,0.00017807483673095703,-0.29807605743408205,1.2114317417144775,1.0,1.0,0.5967142581939697,0.016596965491771698,-1.334196925163269,0.15276774764060974,0.23300068080425262,1.0,-0.04421555995941162,-5.451096534729004,5.495311737060547,0.0006967250956222415,0.8389371037483215,0.034448206424713135,41.47960662841797,0.0048828125,-0.0367259681224823,460.0,0.0003937956,,,,,,,,,,,,,,,,,,,,,,,,,,,,,,,,,,,,,,,,,,,,,
2406400,-4.0105767250061035,85.70646667480469,0.43449419568822556,0.3123406648635864,0.8670327425003052,6.332039833068847e-05,1.2803077697753907e-05,0.0036238288879394532,0.008605622053146363,0.02955460548400879,0.025411664247512816,0.00561319351196289,1.2089649438858032,51.359375,-2.5679684,83.96094,-3.9270196,0.42578125,0.9992155307531991,0.9999800424649804,4131.366257565493,468.0,0.0002325296401977539,-0.31210813522338865,1.2022209167480469,1.0,1.0,0.42071157693862915,0.030435124412178993,-1.3516641855239868,0.12229000777006149,0.18968716263771057,1.0,-0.04331858456134796,-4.702282905578613,4.745601177215576,0.00034097445313818753,0.41057243943214417,0.0344519317150116,41.484092712402344,0.0062500000931322575,0.003572620451450348,470.0,0.00039366042,,,,,,,,,,,,,,,,,,,,,,,,,,,,,,,,,,,,,,,,,,,,,
2457600,-3.819955587387085,82.47154235839844,0.46504065040650405,0.32028698921203613,0.8548321485519409,5.826234817504883e-05,1.1539459228515625e-05,0.003316512107849121,0.008852219581604004,0.023369598388671874,0.02519723176956177,0.005285065174102783,1.1985234022140503,53.234375,-2.6617184,85.44922,-3.9780266,0.44140625,0.9992439113021413,0.9999807040879385,4134.060524127211,478.0,0.0001279592514038086,-0.32015902996063234,1.2084949016571045,1.0,1.0,0.501514196395874,-0.05031213164329529,-1.3698763847351074,0.06142033264040947,0.08699886500835419,1.0,-0.04360777139663696,-4.744032859802246,4.787640571594238,0.00058558868477121,0.7051161527633667,0.03446495160460472,41.49976348876953,0.0048828125,-0.041864171624183655,480.0,0.00039352526,,,,,,,,,,,,,,,,,,,,,,,,,,,,,,,,,,,,,,,,,,,,,
2508800,-3.9229984283447266,84.0415267944336,0.44019933554817275,0.2852239370346069,0.8974565744400025,6.542086601257324e-05,1.2135505676269531e-05,0.003815460205078125,0.009604116678237915,0.024176812171936034,0.02540044665336609,0.005951923131942749,1.2068928003311157,55.60547,-2.7802734,81.45703,-3.7772548,0.44921875,0.9992097403178578,0.9999806601059451,4136.0676481968585,488.0,0.00013418197631835936,-0.28508975505828854,1.2359001636505127,1.0,0.0,0.8796175718307495,0.07981708645820618,-1.3741047382354736,0.2860165536403656,0.07667941600084305,1.0,-0.04517602175474167,-5.326337814331055,5.371514320373535,0.0008094047661870718,0.9746164083480835,0.03447221219539642,41.508506774902344,0.006054687313735485,0.011910147964954376,490.0,0.00039339007,,,,,,,,,,,,,,,,,,,,,,,,,,,,,,,,,,,,,,,,,,,,,
2560000,-3.9120681285858154,83.5674819946289,0.432520325203252,0.307561469078064,0.8741031408309936,6.10041618347168e-05,1.1897087097167968e-05,0.00354295015335083,0.00902844786643982,0.024537134170532226,0.025389405488967894,0.005649088621139526,1.2062365293502808,54.847656,-2.742382,87.59766,-4.1337624,0.39453125,0.999216093657224,0.9999810251281264,4138.156520828497,498.0,0.00018365383148193358,-0.30737781524658203,1.2072696685791016,1.0,1.0,0.377096951007843,-0.08608011901378632,-1.3428866863250732,-0.004923902451992035,0.25864046812057495,1.0,-0.04566958546638489,-5.342984199523926,5.388653755187988,0.0006485588382929564,0.7809393405914307,0.03448372334241867,41.52236557006836,0.0031250000465661287,0.040680624544620514,500.0,0.00039325492,,,,,,,,,,,,,,,,,,,,,,,,,,,,,,,,,,,,,,,,,,,,,
2611200,-3.9183645248413086,84.052978515625,0.44867549668874174,0.309812068939209,0.8749006032943726,6.33537769317627e-05,1.2421607971191407e-05,0.0036537504196166993,0.009181441068649291,0.023126673698425294,0.0250167977809906,0.005795072317123413,1.207875657081604,56.535156,-2.8267574,82.98828,-3.8497653,0.44140625,0.9992087146522355,0.999980221853561,4139.870957762656,508.0,0.00037434101104736326,-0.3094377279281616,1.2081856727600098,1.0,1.0,0.5103008151054382,-0.05624905601143837,-1.3683234453201294,0.05772668868303299,0.10983829200267792,1.0,-0.0450311079621315,-4.787960052490234,4.832991600036621,0.00045190233504399657,0.5441423654556274,0.034495942294597626,41.537078857421875,0.00449218787252903,0.07101268321275711,510.0,0.00039311973,,,,,,,,,,,,,,,,,,,,,,,,,,,,,,,,,,,,,,,,,,,,,
2662400,-3.9733529090881348,84.83168029785156,0.43399339933993397,0.3208223819732666,0.8767447233200073,6.191372871398926e-05,1.2898445129394532e-05,0.003548368215560913,0.008946577310562134,0.021205663681030273,0.025488401651382445,0.0057566845417022705,1.2188109636306763,55.722656,-2.7861323,87.58984,-4.1405425,0.3984375,0.9991949602400805,0.9999792451725513,4140.876835881894,518.0,0.0001912355422973633,-0.32063114643096924,1.210057258605957,1.0,1.0,1.0435688495635986,0.13282321393489838,-1.3641552925109863,0.3801972568035126,0.1437380611896515,1.0,-0.04864458739757538,-6.849225997924805,6.8978705406188965,0.0009985528886318207,1.2023725509643555,0.03452268987894058,41.56929397583008,0.0052734375931322575,0.028416357934474945,520.0,0.00039298457,,,,,,,,,,,,,,,,,,,,,,,,,,,,,,,,,,,,,,,,,,,,,
2713600,-3.837491273880005,82.7115707397461,0.4706814580031696,0.2571420431137085,0.9169612169265747,6.933331489562988e-05,1.4448165893554688e-05,0.004099540710449219,0.009577257633209229,0.025417065620422362,0.02582441210746765,0.006240969896316529,1.1995579957962037,51.851562,-2.592578,81.11719,-3.7268577,0.50390625,0.9992028630368256,0.9999806412281141,4142.992779458907,528.0,0.0001403331756591797,-0.25700170993804927,1.2060365676879883,1.0,1.0,1.2550785541534424,0.13856500387191772,-1.3750991821289062,0.438607782125473,0.06151942163705826,1.0,-0.047175854444503784,-5.623138427734375,5.670314788818359,0.0011736266314983368,1.4131815433502197,0.03453855589032173,41.58839416503906,0.0078125,0.0020346567034721375,530.0,0.00039284938,,,,,,,,,,,,,,,,,,,,,,,,,,,,,,,,,,,,,,,,,,,,,
2764800,-3.758953094482422,81.12882232666016,0.47665056360708535,0.3275972604751587,0.844081974029541,5.5598020553588866e-05,1.1420249938964843e-05,0.0031059467792510986,0.008676636219024658,0.021308517456054686,0.025309427976608276,0.0050262796878814695,1.19302237033844,55.05078,-2.7525387,81.88281,-3.7891412,0.47265625,0.9992841923157358,0.9999805551611408,4145.455289605533,538.0,0.00012032985687255859,-0.32747693061828614,1.2041175365447998,1.0,1.0,0.6571692228317261,-0.01265857182443142,-1.350095272064209,0.13840113580226898,0.21519896388053894,1.0,-0.04672916978597641,-5.253748893737793,5.300477981567383,0.0006712382892146707,0.8082481622695923,0.03454594314098358,41.597286224365234,0.00449218787252903,0.07081172615289688,540.0,0.00039271422,,,,,,,,,,,,,,,,,,,,,,,,,,,,,,,,,,,,,,,,,,,,,
2816000,-3.9396183490753174,84.17569732666016,0.4400656814449918,0.3261218786239624,0.8495005369186401,5.925774574279785e-05,1.1777877807617187e-05,0.0033934593200683595,0.008780460357666015,0.024344873428344727,0.02480576992034912,0.005402966737747193,1.2000017166137695,54.804688,-2.7402341,84.578125,-3.9386578,0.4609375,0.9992204180475593,0.9999811252228217,4147.468965919168,548.0,0.00015320777893066407,-0.3259686708450317,1.2026052474975586,1.0,1.0,0.4941612184047699,-0.0619901642203331,-1.295751929283142,0.04927912354469299,0.36221206188201904,1.0,-0.048248883336782455,-5.559741973876953,5.607990741729736,0.0007873941212892532,0.9481130838394165,0.0346183106303215,41.684425354003906,0.0029296875,-0.1077229380607605,550.0,0.00039257904,,,,,,,,,,,,,,,,,,,,,,,,,,,,,,,,,,,,,,,,,,,,,
2867200,-3.9360363483428955,84.1886215209961,0.4373983739837398,0.3164870262145996,0.8611724376678467,6.159663200378418e-05,1.2421607971191407e-05,0.0035870528221130372,0.008688594102859498,0.02714211940765381,0.025028494596481324,0.005659472942352295,1.2048395156860352,52.554688,-2.627734,82.96875,-3.8630524,0.453125,0.9992240627748636,0.9999788264016645,4149.099199553938,558.0,0.00022492408752441406,-0.31626210212707523,1.2031152248382568,1.0,1.0,0.5472578406333923,-0.018488314002752304,-1.2895376682281494,0.1061534583568573,0.3744162917137146,1.0,-0.04673120379447937,-4.657961368560791,4.704692363739014,0.0006375954835675657,0.7677382826805115,0.034626398235559464,41.69416427612305,0.0048828125,0.02505481243133545,560.0,0.00039244388,,,,,,,,,,,,,,,,,,,,,,,,,,,,,,,,,,,,,,,,,,,,,
2918400,-3.723695755004883,80.43875885009766,0.4697674418604651,0.3078042507171631,0.8779728174209595,6.374001502990723e-05,1.3303756713867187e-05,0.0036834049224853515,0.009305435419082641,0.02380967140197754,0.025042355060577393,0.0057698976993560795,1.209625744819641,49.88672,-2.4943357,81.11328,-3.7361908,0.4609375,0.9992298678536333,0.9999787525001537,4150.409096198437,568.0,0.00022242069244384765,-0.3075818300247193,1.200739860534668,1.0,1.0,1.346053123474121,0.010704658925533295,-1.373848795890808,0.33349865674972534,0.05455407872796059,1.0,-0.04960741102695465,-5.814948081970215,5.864555358886719,0.0015125889331102371,1.8213310241699219,0.034639835357666016,41.71034622192383,0.007031249813735485,0.12393001466989517,570.0,0.0003923087,,,,,,,,,,,,,,,,,,,,,,,,,,,,,,,,,,,,,,,,,,,,,
2969600,-3.7966206073760986,81.81135559082031,0.4607679465776294,0.32700812816619873,0.8514724969863892,5.8597326278686525e-05,1.068115234375e-05,0.003276948928833008,0.00876131534576416,0.020307421684265137,0.025281670093536376,0.005163235664367676,1.198820376396179,58.460938,-2.9230466,82.42578,-3.8285985,0.4609375,0.9992517082899963,0.9999819419093897,4152.294257691024,578.0,0.00018720626831054689,-0.3268209218978882,1.2038273811340332,1.0,1.0,1.086693286895752,0.06841668486595154,-1.3420088291168213,0.326941579580307,0.2427465319633484,1.0,-0.05024207383394241,-6.2867021560668945,6.336943626403809,0.0012645471142604947,1.522660255432129,0.034653373062610626,41.726646423339844,0.00449218787252903,0.12870508432388306,580.0,0.00039217353,,,,,,,,,,,,,,,,,,,,,,,,,,,,,,,,,,,,,,,,,,,,,
3000320,,,,,,,,,,,,,,,,,,,,,,,,,,,,,,,,,,,,,,,,,,,,,-5.701262755455312,114.4375,0.046875,0.0,0.0,0.0,0.0,0.0,0.0,0.0,0.0,1.0,0.0,0.0,0.0,-5.701262755455312,114.4375,0.046875,0.0,0.0,0.0,0.0,0.0,0.0,0.0,0.0,1.0,0.0,0.0,0.0,-5.701262755455312,114.4375,0.046875,0.0,0.0,0.0,0.0,0.0,0.0,0.0,0.0,1.0,0.0,0.0,0.0
3020800,-4.037197589874268,86.14473724365234,0.4292763157894737,0.23952124118804932,0.8400048971176147,6.0133934020996093e-05,1.1396408081054687e-05,0.0044710075855255126,0.008041120767593384,0.013942456245422364,0.023445751667022705,0.0059484755992889405,1.0934999942779542,53.867188,-2.693359,87.58984,-4.1096363,0.4296875,0.9991963070085657,0.9999817070700583,4134.5863846023485,588.0,0.026523828506469727,-0.2129974126815796,1.2059950828552246,1.0,1.0,0.5629331469535828,0.02362741157412529,-1.2564964294433594,0.15274159610271454,0.4149606227874756,1.0,-0.04934006556868553,-5.674874305725098,5.72421407699585,0.0005458826199173927,0.6573054790496826,0.03465854749083519,41.732879638671875,0.0052734375931322575,0.0886615738272667,590.0,0.00039203835,,,,,,,,,,,,,,,,,,,,,,,,,,,,,,,,,,,,,,,,,,,,,
3072000,-3.912128448486328,84.03338623046875,0.43906510851419034,0.30869691371917723,0.8789416790008545,6.147503852844239e-05,1.2516975402832031e-05,0.003940610885620117,0.008986128568649292,0.023932528495788575,0.025152946710586547,0.005771771669387817,1.2116064786911012,57.242188,-2.8621092,81.92969,-3.7987542,0.453125,0.9992229045888612,0.9999811485822504,4135.918967354378,598.0,0.00033550262451171876,-0.3083614110946655,1.2042715549468994,1.0,1.0,0.5345640182495117,-0.03263988345861435,-1.300795078277588,0.08873668313026428,0.3703029453754425,1.0,-0.04865628480911255,-5.229830265045166,5.2784857749938965,0.0003863030578941107,0.465153306722641,0.03466373682022095,41.73912048339844,0.00390625,0.16040977835655212,600.0,0.0003919032,,,,,,,,,,,,,,,,,,,,,,,,,,,,,,,,,,,,,,,,,,,,,
3123200,-4.008512020111084,85.08496856689453,0.3954248366013072,0.3300783157348633,0.846720814704895,5.58161735534668e-05,1.3399124145507813e-05,0.003124501705169678,0.008582721948623657,0.018756532669067384,0.02558511734008789,0.004955815076828003,1.195592451095581,53.835938,-2.6917965,84.24219,-3.9607615,0.40625,0.9992425250348137,0.9999804374286669,4138.085410770508,608.0,0.0002971172332763672,-0.32978119850158694,1.2068164348602295,1.0,0.0,1.3761494159698486,0.07659289240837097,-1.3322670459747314,0.40771424770355225,0.29055577516555786,1.0,-0.05566137284040451,-9.769124984741211,9.824785232543945,0.0015550462994724512,1.8724545240402222,0.03469838947057724,41.780845642089844,0.00449218787252903,0.14355188608169556,610.0,0.000391768,,,,,,,,,,,,,,,,,,,,,,,,,,,,,,,,,,,,,,,,,,,,,
3174400,-3.8692312240600586,83.08026885986328,0.45484949832775917,0.35972492694854735,0.8299904108047486,5.4417848587036134e-05,1.1277198791503906e-05,0.00305087685585022,0.008662952184677124,0.022040033340454103,0.025198748111724855,0.00450204849243164,1.211788272857666,59.765625,-2.9882812,79.140625,-3.65393,0.48046875,0.9992656048414583,0.9999821548321527,4139.4129291305,618.0,0.00014629364013671876,-0.3595786333084106,1.2092459201812744,1.0,1.0,0.15717172622680664,-0.007486834656447172,-1.2825517654418945,0.019651025533676147,0.33656322956085205,1.0,-0.05440621078014374,-4.747324466705322,4.801731109619141,0.0002239423047285527,0.26965227723121643,0.03492486849427223,42.053558349609375,0.0048828125,0.0005451366305351257,620.0,0.00039163284,,,,,,,,,,,,,,,,,,,,,,,,,,,,,,,,,,,,,,,,,,,,,
3225600,-4.038630962371826,86.36894989013672,0.44073455759599334,0.3222308397293091,0.8644631147384644,5.930066108703613e-05,1.2683868408203126e-05,0.00334742546081543,0.008346880674362183,0.017386794090270996,0.026083153486251832,0.005351952314376831,1.2041193008422852,57.67578,-2.8837886,87.16797,-4.090195,0.41796875,0.9992031322229329,0.9999785167335044,4140.996200781483,628.0,0.00019330978393554686,-0.32203752994537355,1.2100121974945068,1.0,1.0,0.4698229432106018,-0.009487144649028778,-1.300193190574646,0.09552472829818726,0.3144952654838562,1.0,-0.05695408955216408,-5.9886627197265625,6.04561710357666,0.0005450020544230938,0.656245231628418,0.03494684398174286,42.08001708984375,0.0029296875,-0.08960209041833878,630.0,0.00039149768,,,,,,,,,,,,,,,,,,,,,,,,,,,,,,,,,,,,,,,,,,,,,
3276800,-4.011688709259033,85.60294342041016,0.4264705882352941,0.382705020904541,0.8006372451782227,4.8799514770507814e-05,1.1038780212402343e-05,0.0026876771450042723,0.007489066123962402,0.018184733390808106,0.025650204420089723,0.0041272187232971195,1.2015596389770509,53.03125,-2.6515622,85.62109,-4.0033183,0.4296875,0.9992781666863205,0.9999820227622783,4142.707749472356,638.0,0.0002763986587524414,-0.38242862224578855,1.207512378692627,1.0,1.0,1.112377643585205,0.090074323117733,-1.327665090560913,0.3552893400192261,0.21700738370418549,1.0,-0.056818582117557526,-5.432953357696533,5.489771842956543,0.0008307537063956261,1.0003230571746826,0.0349503718316555,42.084266662597656,0.0052734375931322575,-0.002984084188938141,640.0,0.0003913625,,,,,,,,,,,,,,,,,,,,,,,,,,,,,,,,,,,,,,,,,,,,,
3328000,-4.11110782623291,87.30570220947266,0.39896373056994816,0.3772995710372925,0.8276051759719849,5.646228790283203e-05,1.2326240539550782e-05,0.0031632578372955324,0.008408980369567871,0.01466217041015625,0.024919971227645873,0.004798990488052368,1.2196008205413817,55.570312,-2.7785153,85.65625,-4.025316,0.40234375,0.9992122671756739,0.9999823082429552,4143.435381225829,648.0,0.0002999067306518555,-0.37699966430664067,1.2296574115753174,1.0,0.0,0.6866050958633423,0.07921404391527176,-1.3699277639389038,0.2372523546218872,0.12362842261791229,1.0,-0.05794709920883179,-5.69210147857666,5.750048637390137,0.0005885818973183632,0.708720326423645,0.034958768635988235,42.09437561035156,0.0062500000931322575,0.0034369975328445435,650.0,0.00039122734,,,,,,,,,,,,,,,,,,,,,,,,,,,,,,,,,,,,,,,,,,,,,
3379200,-3.790504217147827,81.49291229248047,0.4566929133858268,0.36122024059295654,0.8127774953842163,5.0259828567504884e-05,1.0657310485839844e-05,0.002733365297317505,0.007897555828094482,0.01897892951965332,0.02556241750717163,0.004365460872650146,1.1930100917816162,53.429688,-2.6714842,78.41797,-3.6248353,0.47265625,0.9992663321615357,0.999980914684242,4145.582659488191,658.0,0.00019195079803466797,-0.36102828979492185,1.2054848670959473,1.0,1.0,0.18045613169670105,-0.029791420325636864,-1.3364914655685425,0.002340208739042282,0.27605247497558594,1.0,-0.056102704256772995,-4.011321067810059,4.067422866821289,0.0002341763029107824,0.2819752097129822,0.03498762100934982,42.129119873046875,0.0048828125,0.022924311459064484,660.0,0.00039109215,,,,,,,,,,,,,,,,,,,,,,,,,,,,,,,,,,,,,,,,,,,,,
3430400,-4.114987373352051,87.46620178222656,0.4038128249566724,0.3738645792007446,0.819058108329773,5.362629890441895e-05,1.1420249938964843e-05,0.002986966371536255,0.008144960403442383,0.023861408233642578,0.025247679948806764,0.004489569664001465,1.216820478439331,56.289062,-2.8144531,85.79297,-4.0326552,0.41015625,0.9992649427558016,0.9999794855316176,4146.26077695031,668.0,0.00016138553619384765,-0.3737031936645508,1.2057104110717773,1.0,1.0,0.7093568444252014,-0.005049235187470913,-1.3394042253494263,0.1591574102640152,0.20308692753314972,1.0,-0.05884438753128052,-7.91592264175415,7.974766731262207,0.0007109217112883925,0.8560314774513245,0.035072363913059235,42.231163024902344,0.0042968750931322575,0.03740062564611435,670.0,0.000390957,,,,,,,,,,,,,,,,,,,,,,,,,,,,,,,,,,,,,,,,,,,,,
3481600,-3.919257879257202,83.87149810791016,0.44481054365733114,0.315801739692688,0.8667059898376465,6.197214126586914e-05,1.0657310485839844e-05,0.0034869372844696044,0.008621885776519775,0.013335037231445312,0.025929423570632933,0.0052005696296691896,1.1958748817443847,57.421875,-2.8710933,84.60547,-3.9571433,0.4453125,0.9992036263801196,0.9999820569254805,4148.056661475392,678.0,0.00025186538696289065,-0.3155498743057251,1.206535816192627,1.0,1.0,0.15932048857212067,0.012969172559678555,-1.343583583831787,0.039694610983133316,0.2516603469848633,1.0,-0.057567186653614044,-5.14383602142334,5.2014031410217285,0.00024695758474990726,0.29736530780792236,0.03509223461151123,42.255088806152344,0.0044921874068677425,0.028753146529197693,680.0,0.0003908218,,,,,,,,,,,,,,,,,,,,,,,,,,,,,,,,,,,,,,,,,,,,,
3532800,-3.977219581604004,85.0440444946289,0.4355628058727569,0.36781394481658936,0.8143676519393921,5.33747673034668e-05,1.1682510375976562e-05,0.003012785911560059,0.008275156021118163,0.019823622703552247,0.024894726276397706,0.004451909065246582,1.2020402669906616,53.78125,-2.689062,84.23828,-3.9272654,0.44140625,0.9992526580526336,0.9999805621979616,4149.499076632637,688.0,0.00028188228607177733,-0.36753206253051757,1.2262680530548096,1.0,0.0,1.419546127319336,0.18132862448692322,-1.322693109512329,0.5235351920127869,0.3313372731208801,1.0,-0.05917111039161682,-5.980095863342285,6.039267539978027,0.001316369278356433,1.5850600004196167,0.035120412707328796,42.28901672363281,0.0052734375931322575,0.002135269343852997,690.0,0.00039068665,,,,,,,,,,,,,,,,,,,,,,,,,,,,,,,,,,,,,,,,,,,,,
3584000,-3.8310179710388184,82.3311996459961,0.456,0.3690610885620117,0.8261235475540161,5.3719282150268554e-05,1.0967254638671875e-05,0.002989957332611084,0.008100072145462036,0.02001998424530029,0.0255450701713562,0.0045863866806030275,1.2152378797531127,52.777344,-2.638867,83.43359,-3.880076,0.46875,0.9992501904682444,0.9999816561534846,4150.375121145285,698.0,0.0002802133560180664,-0.3687808752059936,1.2049248218536377,1.0,1.0,0.6175718307495117,-0.05880093574523926,-1.3634206056594849,0.08211342990398407,0.16128477454185486,1.0,-0.05648666247725487,-4.035841941833496,4.092329025268555,0.0006320337997749448,0.7610414028167725,0.035134054720401764,42.30544662475586,0.005664062686264515,0.002459414303302765,700.0,0.00039055146,,,,,,,,,,,,,,,,,,,,,,,,,,,,,,,,,,,,,,,,,,,,,
3635200,-4.166454315185547,88.33333587646484,0.4048865619546248,0.32332234382629393,0.8684854745864868,6.149530410766602e-05,1.2612342834472656e-05,0.003611443042755127,0.008695719242095947,0.019436216354370116,0.025388453006744385,0.005631519556045532,1.2112818717956544,55.0625,-2.7531247,92.046875,-4.387635,0.375,0.9991791784982321,0.99997917521408,4151.302286696045,708.0,0.00030071735382080077,-0.3230216264724731,1.2108564376831055,1.0,1.0,0.6587631106376648,-0.003306664526462555,-1.3454725742340088,0.14818377792835236,0.19805268943309784,1.0,-0.05970388278365135,-5.597108364105225,5.65681266784668,0.0009099581511691213,1.0956941843032837,0.035144902765750885,42.318504333496094,0.0037109374534338713,-0.03367345780134201,710.0,0.0003904163,,,,,,,,,,,,,,,,,,,,,,,,,,,,,,,,,,,,,,,,,,,,,
3686400,-3.817901134490967,82.42172241210938,0.46645367412140576,0.3182792663574219,0.8625143527984619,6.280064582824706e-05,1.2373924255371093e-05,0.0036089956760406495,0.008793596029281616,0.025548577308654785,0.02510694622993469,0.005518202781677246,1.2063790321350099,53.515625,-2.6757812,85.67578,-4.0144267,0.4140625,0.9991843317842419,0.9999797230011761,4152.448702579277,718.0,0.00023453235626220704,-0.3180447340011597,1.206906795501709,1.0,1.0,1.0966460704803467,0.15215471386909485,-1.3335506916046143,0.4134361743927002,0.28281542658805847,1.0,-0.060427241027355194,-5.843255996704102,5.903683185577393,0.0011361392680555582,1.3680423498153687,0.03515370562672615,42.3291015625,0.007421874441206455,0.01021651178598404,720.0,0.00039028111,,,,,,,,,,,,,,,,,,,,,,,,,,,,,,,,,,,,,,,,,,,,,
3737600,-4.144145488739014,87.70085144042969,0.38461538461538464,0.2955721378326416,0.8849621534347534,6.507515907287597e-05,1.4448165893554688e-05,0.003726080656051636,0.008842953443527223,0.02224099636077881,0.025810810327529906,0.005767194032669068,1.202815580368042,53.10547,-2.655273,89.39844,-4.2500577,0.34765625,0.9991865402888189,0.9999785132697011,4153.732462624785,728.0,0.00029349327087402344,-0.29527864456176756,1.2067532539367676,1.0,1.0,0.9163619875907898,0.10163655877113342,-1.339439034461975,0.3176494240760803,0.2639751434326172,1.0,-0.06063251197338104,-5.628772258758545,5.6894049644470215,0.0008019738597795367,0.9656688570976257,0.03517124056816101,42.350223541259766,0.005664062686264515,0.015550091862678528,730.0,0.00039014596,,,,,,,,,,,,,,,,,,,,,,,,,,,,,,,,,,,,,,,,,,,,,
3788800,-3.9393200874328613,84.35643768310547,0.43399339933993397,0.3419517993927002,0.8491437673568726,5.79071044921875e-05,1.0371208190917969e-05,0.003269461393356323,0.008772515058517456,0.0218855619430542,0.025105925798416136,0.0052190089225769044,1.2130148887634278,53.41797,-2.670898,82.03906,-3.8065004,0.46484375,0.9992375828044907,0.999980718404344,4154.408258497277,738.0,0.00028164386749267577,-0.3416701555252075,1.2065320014953613,1.0,1.0,0.9459484219551086,0.06472323834896088,-1.3691730499267578,0.2876044511795044,0.12335384637117386,1.0,-0.059903521090745926,-5.173395156860352,5.233298301696777,0.0009094852721318603,1.0951249599456787,0.0352175310254097,42.40595245361328,0.0062500000931322575,0.005687311291694641,740.0,0.00039001077,,,,,,,,,,,,,,,,,,,,,,,,,,,,,,,,,,,,,,,,,,,,,
3840000,-3.979628324508667,85.10517883300781,0.43906510851419034,0.29019789695739745,0.8917915105819703,6.631731986999511e-05,1.3756752014160157e-05,0.0039033210277557373,0.009243955612182617,0.014622020721435546,0.02536194920539856,0.005977933406829834,1.1966517210006713,54.285156,-2.7142575,85.28516,-3.9777513,0.4453125,0.9991904171180501,0.9999778248028325,4155.915828222374,748.0,0.00026662349700927733,-0.28993127346038816,1.2070362567901611,1.0,1.0,1.0587831735610962,0.10530144721269608,-1.3586297035217285,0.3565827012062073,0.1873449981212616,1.0,-0.060295701026916504,-5.298750400543213,5.359046459197998,0.0010373175609856844,1.2490497827529907,0.03522948920726776,42.420352935791016,0.0062500000931322575,0.004211224615573883,750.0,0.0003898756,,,,,,,,,,,,,,,,,,,,,,,,,,,,,,,,,,,,,,,,,,,,,
3891200,-4.14067268371582,87.90766906738281,0.4094076655052265,0.31062304973602295,0.8753360271453857,6.303310394287109e-05,1.3136863708496094e-05,0.003651292324066162,0.00891086459159851,0.028447508811950684,0.02539685130119324,0.005709607601165772,1.2144458532333373,57.179688,-2.858984,86.27344,-4.059059,0.421875,0.9991968242089299,0.9999784834571258,4156.5886197477475,758.0,0.00029733180999755857,-0.31032571792602537,1.203178882598877,1.0,1.0,1.0368282794952393,0.101486936211586,-1.338928461074829,0.34767457842826843,0.282970130443573,1.0,-0.06137740984559059,-5.801939487457275,5.863316535949707,0.0009210583521053195,1.1090601682662964,0.03524136543273926,42.434654235839844,0.0054687499068677425,0.002634599804878235,760.0,0.00038974042,,,,,,,,,,,,,,,,,,,,,,,,,,,,,,,,,,,,,,,,,,,,,
3942400,-4.002630710601807,85.23966979980469,0.40826446280991735,0.29257447719573976,0.8921030044555665,6.595253944396973e-05,1.2850761413574218e-05,0.003899214267730713,0.00893652081489563,0.022780179977416992,0.025520267486572264,0.006146931648254394,1.207496953010559,55.734375,-2.7867184,84.72266,-3.9790428,0.3984375,0.9991870116858652,0.9999781029506066,4157.505934378758,768.0,0.00021657943725585937,-0.2923578977584839,1.201725959777832,1.0,1.0,0.7896524667739868,0.01697540655732155,-1.334388017654419,0.20149530470371246,0.26766353845596313,1.0,-0.06165771558880806,-5.225417613983154,5.287075042724609,0.0006549996323883533,0.7886948585510254,0.03527120128273964,42.4705810546875,0.004687500186264515,-0.0012361332774162292,770.0,0.00038960527,,,,,,,,,,,,,,,,,,,,,,,,,,,,,,,,,,,,,,,,,,,,,
3993600,-4.042917728424072,86.29769897460938,0.43256578947368424,0.28654019832611083,0.8950531482696533,6.578683853149414e-05,1.5401840209960936e-05,0.0038376116752624513,0.009300956726074219,0.014122390747070312,0.025476645231246948,0.006035689115524292,1.1957566738128662,50.777344,-2.5388668,85.84766,-4.0069017,0.4453125,0.9991962974061865,0.9999786456305192,4158.942966497676,778.0,0.0003076791763305664,-0.28623251914978026,1.2079312801361084,1.0,1.0,0.8390156030654907,0.0471331961452961,-1.3448436260223389,0.2437455952167511,0.22974349558353424,1.0,-0.061811402440071106,-4.999056816101074,5.060867786407471,0.0006274697370827198,0.7555457353591919,0.035301677882671356,42.50727844238281,0.005664062686264515,0.001733921468257904,780.0,0.00038947008,,,,,,,,,,,,,,,,,,,,,,,,,,,,,,,,,,,,,,,,,,,,,
4003840,,,,,,,,,,,,,,,,,,,,,,,,,,,,,,,,,,,,,,,,,,,,,-5.488302537611592,110.796875,0.078125,0.0,0.0,0.0,0.0,0.0,0.0,0.0,0.0,1.0,0.0,0.0,0.0,-5.488302537611592,110.796875,0.078125,0.0,0.0,0.0,0.0,0.0,0.0,0.0,0.0,1.0,0.0,0.0,0.0,-5.488302537611592,110.796875,0.078125,0.0,0.0,0.0,0.0,0.0,0.0,0.0,0.0,1.0,0.0,0.0,0.0
4044800,-3.691352605819702,79.8869400024414,0.4872611464968153,0.19372613430023194,0.8924637794494629,7.146716117858887e-05,1.3136863708496094e-05,0.004987810850143433,0.00880419373512268,0.01999208927154541,0.023948136568069458,0.0067733657360076905,1.106216597557068,54.804688,-2.7402344,79.86719,-3.6976619,0.46875,0.9991436084504209,0.9999806026485532,4145.199903325391,788.0,0.021183872222900392,-0.17254226207733156,1.207855224609375,1.0,1.0,1.1506553888320923,0.11659298837184906,-1.3362616300582886,0.3913421332836151,0.2527974545955658,1.0,-0.06512826681137085,-6.328464984893799,6.393593788146973,0.001192685216665268,1.4361302852630615,0.03531346470117569,42.52147674560547,0.006640625186264515,0.0036890655755996704,790.0,0.00038933492,,,,,,,,,,,,,,,,,,,,,,,,,,,,,,,,,,,,,,,,,,,,,
4096000,-3.978325128555298,84.9617919921875,0.43023255813953487,0.2661479949951172,0.9217075109481812,7.228493690490723e-05,1.2946128845214843e-05,0.004382165670394897,0.009444180727005005,0.020163488388061524,0.02570074200630188,0.006447211503982544,1.2080589056015014,55.01172,-2.7505856,81.58984,-3.7869315,0.4609375,0.9991582860645256,0.9999776789516046,4146.1537107855565,798.0,0.00029747486114501954,-0.2658505201339722,1.2113933563232422,1.0,1.0,0.7156907320022583,-0.028448037803173065,-1.3204907178878784,0.1378333866596222,0.3135143220424652,1.0,-0.06175518035888672,-4.634273529052734,4.696029186248779,0.000635280623100698,0.7649509310722351,0.035316381603479385,42.524986267089844,0.005078124813735485,0.004431664943695068,800.0,0.00038919973,,,,,,,,,,,,,,,,,,,,,,,,,,,,,,,,,,,,,,,,,,,,,
4147200,-3.707976818084717,80.08682250976562,0.4744186046511628,0.3263844966888428,0.8524321794509888,5.807757377624512e-05,1.1277198791503906e-05,0.0033551156520843506,0.008437526226043702,0.026706719398498537,0.02531592011451721,0.0054224514961242675,1.205557632446289,53.23047,-2.661523,76.99609,-3.540605,0.5,0.9992370557849046,0.9999809551127631,4147.119453432075,808.0,0.00032465457916259767,-0.3260598421096802,1.2087986469268799,1.0,0.0,0.7085922360420227,0.012934792786836624,-1.3353209495544434,0.17715796828269958,0.2751384973526001,1.0,-0.06233595311641693,-4.869139671325684,4.931475639343262,0.00048153504030779004,0.5798236131668091,0.0353265218436718,42.537193298339844,0.0054687499068677425,0.021447211503982544,810.0,0.00038906457,,,,,,,,,,,,,,,,,,,,,,,,,,,,,,,,,,,,,,,,,,,,,
4198400,-3.8138999938964844,82.03889465332031,0.4554294975688817,0.2911182403564453,0.8928417682647705,6.787657737731933e-05,1.2183189392089844e-05,0.003987481594085693,0.009074907302856445,0.025568819046020506,0.02537770986557007,0.006097676753997802,1.2095666408538819,55.503906,-2.775195,83.96484,-3.9395263,0.4140625,0.9991838123921553,0.9999788105951439,4148.107489029556,818.0,0.0002953529357910156,-0.29082288742065426,1.2087597846984863,1.0,1.0,0.8941811323165894,0.04029262065887451,-1.345278263092041,0.2506447732448578,0.23086732625961304,1.0,-0.06308522075414658,-4.758650779724121,4.821735858917236,0.0009063978213816881,1.091407299041748,0.03534678742289543,42.56159591674805,0.006054687313735485,0.057214900851249695,820.0,0.0003889294,,,,,,,,,,,,,,,,,,,,,,,,,,,,,,,,,,,,,,,,,,,,,
4249600,-3.9043009281158447,83.58386993408203,0.43870967741935485,0.24409232139587403,0.9266359806060791,7.282733917236328e-05,1.3518333435058594e-05,0.0042930996417999264,0.009462747573852539,0.024542880058288575,0.025956273078918457,0.006507962942123413,1.1953117847442627,53.07422,-2.6537106,81.21875,-3.7667542,0.46484375,0.9991606530449677,0.9999773411833367,4149.502941797952,828.0,0.0002309560775756836,-0.24386136531829836,1.2124769687652588,1.0,1.0,1.102240800857544,0.013162478804588318,-1.3676798343658447,0.2751391530036926,0.10341360419988632,1.0,-0.06550151109695435,-6.056676864624023,6.122178077697754,0.0008625914924778044,1.0386593341827393,0.035377319902181625,42.598365783691406,0.005078124813735485,0.01931188255548477,830.0,0.00038879423,,,,,,,,,,,,,,,,,,,,,,,,,,,,,,,,,,,,,,,,,,,,,
4300800,-3.6778042316436768,79.50623321533203,0.4953271028037383,0.28540399074554446,0.9107161521911621,7.133841514587402e-05,1.2183189392089844e-05,0.0041885459423065185,0.009421234130859374,0.02403581142425537,0.025460360050201417,0.006355922222137451,1.2201921463012695,53.6875,-2.6843746,80.44531,-3.7269745,0.484375,0.9991565572035795,0.9999803237949135,4149.928037332631,838.0,0.0003690242767333984,-0.28503496646881105,1.2087790966033936,1.0,1.0,0.8710310459136963,-0.002721130847930908,-1.3456748723983765,0.20183445513248444,0.20340177416801453,1.0,-0.06615692377090454,-5.977488040924072,6.043644905090332,0.0009992971317842603,1.2032686471939087,0.035395245999097824,42.61994934082031,0.0044921874068677425,0.02717362344264984,840.0,0.00038865907,,,,,,,,,,,,,,,,,,,,,,,,,,,,,,,,,,,,,,,,,,,,,
4352000,-3.8096764087677,81.95082092285156,0.4639344262295082,0.33121867179870607,0.8537463426589966,5.908489227294922e-05,1.1420249938964843e-05,0.003323591947555542,0.009198359251022338,0.024077630043029784,0.024669339656829836,0.00540403962135315,1.2090774059295655,58.414062,-2.920703,83.39844,-3.9051142,0.4453125,0.999229237953429,0.9999806950499781,4150.792746588919,848.0,0.00012340545654296876,-0.3310952663421631,1.2396008968353271,1.0,0.0,0.48290663957595825,-0.05054786801338196,-1.3643767833709717,0.05664870887994766,0.1387147754430771,1.0,-0.06617599725723267,-6.048540115356445,6.114716053009033,0.0007040416821837425,0.8477470874786377,0.03541328012943268,42.64166259765625,0.00390625,0.10396583378314972,850.0,0.00038852388,,,,,,,,,,,,,,,,,,,,,,,,,,,,,,,,,,,,,,,,,,,,,
4403200,-3.835675001144409,82.19113159179688,0.43425076452599387,0.27662360668182373,0.9003386974334717,6.705164909362793e-05,1.2350082397460937e-05,0.0039088261127471925,0.009244890213012695,0.01981828212738037,0.025673824548721313,0.006086370944976807,1.1968169450759887,48.441406,-2.42207,84.328125,-3.9571497,0.40625,0.9992009361982443,0.9999799394961658,4152.194666593322,858.0,0.00014119148254394532,-0.2764824151992798,1.2112865447998047,1.0,1.0,0.7763266563415527,-0.05950874835252762,-1.2959049940109253,0.12240087985992432,0.40299832820892334,1.0,-0.06454972177743912,-4.791892051696777,4.856441497802734,0.0008741378551349044,1.0525624752044678,0.03542307764291763,42.65345764160156,0.0052734375931322575,0.07597590982913971,860.0,0.00038838873,,,,,,,,,,,,,,,,,,,,,,,,,,,,,,,,,,,,,,,,,,,,,
4454400,-3.9147133827209473,83.76689147949219,0.4222972972972973,0.312087869644165,0.8871900320053101,6.654858589172363e-05,1.2803077697753907e-05,0.0038591694831848146,0.008709996938705444,0.023637914657592775,0.02574945569038391,0.005938565731048584,1.222954797744751,54.73047,-2.7365232,84.62109,-3.949876,0.4140625,0.9991937427211578,0.9999785941720547,4152.497327363403,868.0,0.00024685859680175783,-0.3118410110473633,1.2082841396331787,1.0,1.0,0.9889426827430725,0.08476356416940689,-1.346429467201233,0.3187851309776306,0.22782713174819946,1.0,-0.06737916171550751,-6.071281433105469,6.138660430908203,0.000799276982434094,0.9624213576316833,0.03545374050736427,42.69038009643555,0.0068359375,0.04497721046209335,870.0,0.00038825354,,,,,,,,,,,,,,,,,,,,,,,,,,,,,,,,,,,,,,,,,,,,,
4505600,-3.8992533683776855,83.44607543945312,0.43137254901960786,0.3057297945022583,0.8644819021224975,5.786776542663574e-05,1.2421607971191407e-05,0.0032864344120025635,0.009446269273757935,0.025818562507629393,0.025064576864242554,0.005337231159210205,1.1960651636123658,55.242188,-2.7621088,84.14844,-3.9498925,0.421875,0.9992662511174123,0.9999812026361997,4153.789250067668,878.0,0.00014035701751708985,-0.3055894374847412,1.2071037292480469,1.0,1.0,0.8551577925682068,-0.006879896856844425,-1.3441166877746582,0.19380846619606018,0.25461703538894653,1.0,-0.06768795847892761,-6.1195478439331055,6.1872358322143555,0.0009613639558665454,1.1575927734375,0.0354679599404335,42.70750045776367,0.005078125279396772,0.020250968635082245,880.0,0.00038811838,,,,,,,,,,,,,,,,,,,,,,,,,,,,,,,,,,,,,,,,,,,,,
4556800,-4.013337135314941,85.42218780517578,0.4056291390728477,0.31611857414245603,0.8707043647766113,6.055593490600586e-05,1.2111663818359374e-05,0.0035094082355499267,0.008878836631774903,0.023361515998840333,0.0254525363445282,0.0056002926826477055,1.2102228641510009,53.69922,-2.6849606,84.33984,-3.9527602,0.40625,0.9992284772930374,0.9999782704739318,4154.545150608013,888.0,0.0002001047134399414,-0.3159184694290161,1.2226762771606445,1.0,0.0,0.7012373208999634,-0.02209402248263359,-1.3295228481292725,0.14034584164619446,0.3143106997013092,1.0,-0.06580875813961029,-4.911551475524902,4.977360248565674,0.0006084648193791509,0.7326616048812866,0.0354953333735466,42.74046325683594,0.004687500186264515,0.04846193641424179,890.0,0.0003879832,,,,,,,,,,,,,,,,,,,,,,,,,,,,,,,,,,,,,,,,,,,,,
4608000,-4.007484436035156,85.5683364868164,0.43333333333333335,0.30559160709381106,0.8860876560211182,6.397724151611328e-05,1.1730194091796876e-05,0.0036847436428070067,0.009246602058410644,0.023348140716552734,0.02541472911834717,0.0058591866493225096,1.2150629043579102,53.148438,-2.6574216,85.1875,-3.9943857,0.43359375,0.999206758148279,0.9999804369533041,4155.176957428329,898.0,0.0001627206802368164,-0.30542888641357424,1.2128448486328125,1.0,1.0,0.5204240083694458,-0.016563178971409798,-1.341461181640625,0.1004314199090004,0.262738436460495,1.0,-0.0649067610502243,-4.512004375457764,4.576910972595215,0.0005440970417112112,0.6551553606987,0.03551081195473671,42.75910186767578,0.0048828125,0.03408358246088028,900.0,0.00038784803,,,,,,,,,,,,,,,,,,,,,,,,,,,,,,,,,,,,,,,,,,,,,
4659200,-4.020991802215576,85.81090545654297,0.424190800681431,0.30378117561340334,0.8866840362548828,6.342887878417969e-05,1.2111663818359374e-05,0.003714374303817749,0.009045313596725463,0.0227144718170166,0.025558080673217774,0.005918200016021728,1.2132149696350099,56.38672,-2.8193355,86.33203,-4.0191174,0.44140625,0.9992149549838689,0.9999808984504241,4155.744708830981,908.0,0.0003101587295532227,-0.30347101688385014,1.2105796337127686,1.0,1.0,0.4545827805995941,-0.08299753069877625,-1.3094251155853271,0.018070369958877563,0.3144707679748535,1.0,-0.06823787838220596,-5.738316535949707,5.806554317474365,0.0007553109899163246,0.9094812870025635,0.035530008375644684,42.7822151184082,0.0025390624068677425,0.17929336428642273,910.0,0.00038771285,,,,,,,,,,,,,,,,,,,,,,,,,,,,,,,,,,,,,,,,,,,,,
4710400,-4.0626935958862305,86.47245788574219,0.41903171953255425,0.28225393295288087,0.8889710664749145,6.566166877746581e-05,1.2612342834472656e-05,0.0038509678840637205,0.009145700931549072,0.024762845039367674,0.025362508296966554,0.00598768949508667,1.1960246801376342,54.054688,-2.7027338,87.24219,-4.0999537,0.41015625,0.999189511365199,0.999979746799511,4156.9224827444405,918.0,0.00023505687713623046,-0.28201887607574466,1.211677074432373,1.0,1.0,0.6042881011962891,-0.018947340548038483,-1.3504303693771362,0.11888621002435684,0.2381989061832428,1.0,-0.06789062917232513,-5.391460418701172,5.4593505859375,0.00044022814836353064,0.5300853252410889,0.035539545118808746,42.79369354248047,0.00546875037252903,0.05914860963821411,920.0,0.0003875777,,,,,,,,,,,,,,,,,,,,,,,,,,,,,,,,,,,,,,,,,,,,,
4761600,-4.001922130584717,85.38191223144531,0.4321608040201005,0.2900839805603027,0.8952794075012207,6.684660911560059e-05,1.5282630920410155e-05,0.003938151597976685,0.009038503170013428,0.02822091579437256,0.025512280464172362,0.006171497106552124,1.2136239051818847,54.941406,-2.7470703,86.3125,-4.044029,0.4296875,0.9991803357270722,0.9999799619182149,4157.34682033491,928.0,0.00020420551300048828,-0.2898797750473022,1.2146995067596436,1.0,1.0,0.3733271360397339,-0.007353069260716438,-1.2078473567962646,0.07544107735157013,0.5614845752716064,1.0,-0.06691977381706238,-4.790024757385254,4.8569440841674805,0.0004962950479239225,0.597596287727356,0.035584159195423126,42.84741973876953,0.0044921874068677425,0.01540425419807434,930.0,0.0003874425,,,,,,,,,,,,,,,,,,,,,,,,,,,,,,,,,,,,,,,,,,,,,
4812800,-3.8969199657440186,83.37194061279297,0.4437194127243067,0.2826815605163574,0.8846594572067261,6.370782852172851e-05,1.2254714965820312e-05,0.0036624908447265626,0.008890281915664672,0.02209186553955078,0.025714966058731078,0.005866708755493164,1.189470386505127,55.304688,-2.765234,84.3125,-3.9418097,0.4453125,0.9992128619229589,0.9999787733029647,4158.748291193183,938.0,0.0001856088638305664,-0.28249595165252683,1.2074964046478271,1.0,1.0,0.5537399649620056,-0.022006185725331306,-1.3161972761154175,0.1037481501698494,0.2771081328392029,1.0,-0.06674013286828995,-4.40326452255249,4.470004081726074,0.0006023251917213202,0.7252687811851501,0.03561555966734886,42.885231018066406,0.005859375,0.0758310854434967,940.0,0.00038730734,,,,,,,,,,,,,,,,,,,,,,,,,,,,,,,,,,,,,,,,,,,,,
4864000,-4.013830184936523,85.43791961669922,0.41946308724832215,0.3380565881729126,0.8583100080490113,5.8858394622802735e-05,1.1658668518066406e-05,0.0033319830894470216,0.00878612995147705,0.021949172019958496,0.025258740186691286,0.005446382761001587,1.2183502435684204,56.39453,-2.8197262,87.13672,-4.1126876,0.40234375,0.9992215861658947,0.9999812724968534,4159.080673946121,948.0,0.00028278827667236326,-0.33777379989624023,1.207573413848877,1.0,1.0,0.5634124875068665,-0.00860007293522358,-1.3143178224563599,0.11980894207954407,0.33524462580680847,1.0,-0.07189760357141495,-7.378909111022949,7.450806140899658,0.00045087828766554594,0.5429093241691589,0.03563705086708069,42.911109924316406,0.0035156249068677425,0.03897581249475479,950.0,0.00038717216,,,,,,,,,,,,,,,,,,,,,,,,,,,,,,,,,,,,,,,,,,,,,
4915200,-3.8014509677886963,81.73482513427734,0.4680511182108626,0.2787579774856567,0.9007504701614379,6.754875183105469e-05,1.41143798828125e-05,0.0039172530174255375,0.009135557413101196,0.02638256549835205,0.025783098936080932,0.0060975348949432375,1.2059321880340577,56.527344,-2.826367,82.82422,-3.8572383,0.44921875,0.9991888875798556,0.9999775605054774,4159.872404684302,958.0,0.00019724369049072265,-0.278560733795166,1.2101259231567383,1.0,1.0,0.658500075340271,-0.026577889919281006,-1.3339452743530273,0.12508034706115723,0.2439051866531372,1.0,-0.06886368244886398,-5.572787284851074,5.641650199890137,0.0008100279956124723,0.9753667712211609,0.03566983714699745,42.950584411621094,0.004687500186264515,0.26230213046073914,960.0,0.000387037,,,,,,,,,,,,,,,,,,,,,,,,,,,,,,,,,,,,,,,,,,,,,
4966400,-4.00306510925293,85.69486236572266,0.44112769485903813,0.29986279010772704,0.8812672853469848,6.403326988220215e-05,1.3303756713867187e-05,0.0037364792823791505,0.009091029167175293,0.023551535606384278,0.025252387523651124,0.005884107351303101,1.204720664024353,54.67578,-2.7337887,80.01953,-3.6868796,0.4765625,0.9991982529353858,0.9999786264091653,4160.689336445674,968.0,0.00023069381713867188,-0.29963209629058835,1.207526683807373,1.0,1.0,0.6713142991065979,0.02909187600016594,-1.3002240657806396,0.18455535173416138,0.33449238538742065,1.0,-0.06718697398900986,-4.76674747467041,4.833934307098389,0.000644248619209975,0.7757493853569031,0.03568460792303085,42.9683723449707,0.00644531287252903,0.07428693026304245,970.0,0.0003869018,,,,,,,,,,,,,,,,,,,,,,,,,,,,,,,,,,,,,,,,,,,,,
5007360,,,,,,,,,,,,,,,,,,,,,,,,,,,,,,,,,,,,,,,,,,,,,-5.701262755455312,114.4375,0.046875,0.0,0.0,0.0,0.0,0.0,0.0,0.0,0.0,1.0,0.0,0.0,0.0,-5.701262755455312,114.4375,0.046875,0.0,0.0,0.0,0.0,0.0,0.0,0.0,0.0,1.0,0.0,0.0,0.0,-5.701262755455312,114.4375,0.046875,0.0,0.0,0.0,0.0,0.0,0.0,0.0,0.0,1.0,0.0,0.0,0.0
5017600,-3.893232583999634,83.34257507324219,0.43230016313213704,0.2545581102371216,0.8137403011322022,5.77545166015625e-05,1.1563301086425781e-05,0.0037673997879028322,0.007749321460723877,0.022255992889404295,0.02355431079864502,0.005525995492935181,1.0905870914459228,55.109375,-2.7554684,82.40625,-3.8229656,0.44140625,0.9992077816532673,0.9999806307205779,4149.123633267347,978.0,0.021932578086853026,-0.23262553215026857,1.1975641250610352,1.0,1.0,1.1114614009857178,0.06639494001865387,-1.3012293577194214,0.3318617045879364,0.33460402488708496,1.0,-0.07017544656991959,-5.790280342102051,5.8604559898376465,0.0008517613168805838,1.025618553161621,0.03570546209812164,42.99348449707031,0.0052734375931322575,0.05704547464847565,980.0,0.00038676665,,,,,,,,,,,,,,,,,,,,,,,,,,,,,,,,,,,,,,,,,,,,,
5068800,-3.9386870861053467,84.12744903564453,0.4264705882352941,0.2969515800476074,0.8834318161010742,6.083250045776367e-05,1.1301040649414062e-05,0.00419735312461853,0.009177923202514648,0.018920254707336426,0.025208485126495362,0.005493324995040893,1.1993367671966553,53.992188,-2.699609,85.50781,-4.022837,0.4140625,0.9992377033447783,0.9999818105301326,4150.1652121509605,988.0,0.00021796226501464845,-0.2967336177825928,1.2056584358215332,1.0,1.0,0.7441675662994385,0.03068171627819538,-1.3604505062103271,0.2032669633626938,0.15638260543346405,1.0,-0.06826391816139221,-4.015207290649414,4.083471298217773,0.00048257765593007207,0.5810789465904236,0.03574906662106514,43.04598617553711,0.00722656212747097,0.007814474403858185,990.0,0.00038663147,,,,,,,,,,,,,,,,,,,,,,,,,,,,,,,,,,,,,,,,,,,,,
5120000,-4.0374579429626465,85.90662384033203,0.4159592529711375,0.2760228157043457,0.900023341178894,6.939411163330078e-05,1.33514404296875e-05,0.004077087640762329,0.009356322288513184,0.027350473403930663,0.025222820043563843,0.006238882541656494,1.203434419631958,56.339844,-2.8169918,85.34375,-3.9992123,0.42578125,0.9991853448430008,0.999979693198101,4151.101662406264,998.0,0.000146484375,-0.27587633132934575,1.201328992843628,1.0,1.0,0.9196834564208984,0.04895882308483124,-1.301335334777832,0.26650744676589966,0.35983169078826904,1.0,-0.06968569755554199,-5.103783130645752,5.173468589782715,0.0007002910715527833,0.8432309627532959,0.035789020359516144,43.09409713745117,0.0064453124068677425,0.004719167947769165,1000.0,0.0003864963,,,,,,,,,,,,,,,,,,,,,,,,,,,,,,,,,,,,,,,,,,,,,
5171200,-3.973134994506836,84.71568298339844,0.4264705882352941,0.3151303768157959,0.8459658622741699,5.666375160217285e-05,1.163482666015625e-05,0.003265209197998047,0.008897641897201538,0.025522470474243164,0.02488751173019409,0.005160057544708252,1.186652159690857,53.816406,-2.6908197,83.64844,-3.9116669,0.43359375,0.9992621689976828,0.9999816160954922,4152.440858970125,1008.0,0.00020992755889892578,-0.314920449256897,1.1981987953186035,1.0,0.0,0.7970062494277954,-0.00018385425209999084,-1.3481972217559814,0.1858120709657669,0.17561286687850952,1.0,-0.07043740153312683,-5.216448783874512,5.286885738372803,0.0007947367848828435,0.9569545388221741,0.03579889237880707,43.105979919433594,0.0054687499068677425,-2.6732683181762695e-05,1010.0,0.00038636112,,,,,,,,,,,,,,,,,,,,,,,,,,,,,,,,,,,,,,,,,,,,,
5222400,-3.8316240310668945,82.4283447265625,0.4557165861513688,0.31569015979766846,0.8638721227645874,5.820274353027344e-05,1.1730194091796876e-05,0.0033078968524932863,0.00902694821357727,0.015877246856689453,0.025423030853271484,0.005345346927642822,1.1954733610153199,53.86328,-2.6931639,84.39453,-3.9492188,0.42578125,0.9992549696450154,0.9999815124259532,4153.649957767642,1018.0,0.0002043008804321289,-0.31548585891723635,1.1970922946929932,1.0,1.0,0.6288014650344849,0.0196645800024271,-1.3394867181777954,0.16374865174293518,0.20628592371940613,1.0,-0.06930068135261536,-4.405694007873535,4.474994659423828,0.0005850066081620753,0.7044152021408081,0.03580299764871597,43.110923767089844,0.007031249813735485,0.16038787364959717,1020.0,0.00038622596,,,,,,,,,,,,,,,,,,,,,,,,,,,,,,,,,,,,,,,,,,,,,
5273600,-3.9435207843780518,84.19933319091797,0.42358803986710963,0.3085386514663696,0.8792325019836426,6.331920623779296e-05,1.1849403381347657e-05,0.0037439966201782224,0.009253942966461181,0.018862414360046386,0.025031758546829222,0.00583338737487793,1.2066694259643556,55.86328,-2.7931638,84.828125,-3.9814634,0.41015625,0.9991988379747492,0.9999801032905956,4154.31245084975,1028.0,0.0002731800079345703,-0.308265471458435,1.203364610671997,1.0,1.0,1.5735301971435547,0.20069466531276703,-1.3499755859375,0.5808792114257812,0.24239274859428406,1.0,-0.07507152855396271,-8.270505905151367,8.345576286315918,0.001842928002588451,2.219097137451172,0.03584293648600578,43.159019470214844,0.0044921874068677425,-0.018248438835144043,1030.0,0.00038609077,,,,,,,,,,,,,,,,,,,,,,,,,,,,,,,,,,,,,,,,,,,,,
5324800,-3.8920867443084717,83.22023010253906,0.4437194127243067,0.3028655290603638,0.8672049522399903,6.0464143753051755e-05,1.1944770812988282e-05,0.003430454730987549,0.009256048202514649,0.023947429656982423,0.0250374960899353,0.00554152250289917,1.1940537214279174,56.589844,-2.8294916,82.86719,-3.8857694,0.4296875,0.9992098305753147,0.9999800128760208,4155.437076689417,1038.0,0.00027544498443603515,-0.30259008407592775,1.1965529918670654,1.0,1.0,0.35557329654693604,-0.0712718665599823,-1.268203616142273,0.005809917114675045,0.3692549467086792,1.0,-0.07082480937242508,-5.300873756408691,5.371698379516602,0.0004984260303899646,0.6001622676849365,0.03586112707853317,43.18092346191406,0.0031250000465661287,0.0032299086451530457,1040.0,0.00038595562,,,,,,,,,,,,,,,,,,,,,,,,,,,,,,,,,,,,,,,,,,,,,
5376000,-4.263767242431641,89.66436004638672,0.36678200692041524,0.37801203727722166,0.7932857990264892,4.8053264617919925e-05,1.0013580322265625e-05,0.0025835227966308594,0.00805997610092163,0.01888539791107178,0.024961217641830444,0.003983454704284668,1.1902137994766235,54.14453,-2.7072263,85.41406,-4.0286083,0.3984375,0.9992924254266651,0.9999827327816838,4156.6948742612585,1048.0,0.0002044677734375,-0.37780756950378414,1.2398066520690918,1.0,0.0,0.9559921026229858,0.10000328719615936,-1.3571124076843262,0.3255995512008667,0.17954164743423462,1.0,-0.07392818480730057,-6.517616271972656,6.591544151306152,0.0008786407415755093,1.0579843521118164,0.03587312996387482,43.19537353515625,0.005664062686264515,0.01980753242969513,1050.0,0.00038582046,,,,,,,,,,,,,,,,,,,,,,,,,,,,,,,,,,,,,,,,,,,,,
5427200,-4.056344032287598,86.40608978271484,0.42978003384094754,0.37263376712799073,0.8247229576110839,5.44893741607666e-05,1.0824203491210937e-05,0.0030393564701080324,0.00839934229850769,0.019022130966186525,0.025198833942413332,0.004513475894927978,1.2164121866226196,54.66797,-2.7333982,87.77344,-4.1396303,0.40625,0.9992567225113951,0.9999814974610459,4157.1688688603745,1058.0,0.00021276473999023437,-0.3724210023880005,1.1980187892913818,1.0,1.0,0.4678765833377838,-0.09910747408866882,-1.3220665454864502,0.005232427269220352,0.3176920413970947,1.0,-0.07129956781864166,-5.354142189025879,5.425442218780518,0.0005995164392516017,0.7218867540359497,0.03587733954191208,43.200439453125,0.003515625139698386,-0.09245578199625015,1060.0,0.00038568527,,,,,,,,,,,,,,,,,,,,,,,,,,,,,,,,,,,,,,,,,,,,,
5478400,-3.759331703186035,80.63461303710938,0.4375,0.37874417304992675,0.7927120208740235,4.9031972885131836e-05,1.1301040649414062e-05,0.00264293909072876,0.007815884351730347,0.01878037452697754,0.024916425943374634,0.004182515144348145,1.1902696132659911,58.121094,-2.9060545,77.359375,-3.583767,0.46484375,0.9992732659559673,0.9999817320595504,4158.373757665691,1068.0,0.00020439624786376952,-0.37853977680206297,1.2041165828704834,1.0,1.0,0.7730516195297241,0.02585529536008835,-1.2824249267578125,0.2071068286895752,0.4029719829559326,1.0,-0.07194533944129944,-5.611153602600098,5.683098793029785,0.0008154638344421983,0.9819121360778809,0.03588501363992691,43.20968246459961,0.00624999962747097,0.15966300666332245,1070.0,0.0003855501,,,,,,,,,,,,,,,,,,,,,,,,,,,,,,,,,,,,,,,,,,,,,
5529600,-4.009234428405762,85.21300506591797,0.40487804878048783,0.31089191436767577,0.8686014413833618,6.55210018157959e-05,1.3232231140136719e-05,0.003836634159088135,0.008475383520126343,0.023891758918762208,0.025407739877700806,0.005609515905380249,1.2034235954284669,53.410156,-2.6705074,84.17578,-3.9362946,0.41796875,0.9991877147935518,0.999979019417915,4159.13496742368,1078.0,0.00022284984588623048,-0.31066906452178955,1.2008156776428223,1.0,1.0,1.1637922525405884,0.0816112533211708,-1.3263212442398071,0.359749436378479,0.25313645601272583,1.0,-0.0732501745223999,-6.031350612640381,6.10460090637207,0.0012753847986459732,1.535710096359253,0.035912953317165375,43.24332809448242,0.0052734375931322575,0.11402808129787445,1080.0,0.00038541493,,,,,,,,,,,,,,,,,,,,,,,,,,,,,,,,,,,,,,,,,,,,,
5580800,-3.7807703018188477,81.70096588134766,0.4807073954983923,0.2920973777770996,0.8807688236236573,6.370186805725098e-05,1.2969970703125e-05,0.003794158697128296,0.009014880657196045,0.021974945068359376,0.02526447892189026,0.005865248441696167,1.1948781251907348,54.902344,-2.745117,81.24219,-3.7384655,0.50390625,0.9991831546655604,0.9999799069458136,4160.147470285999,1088.0,0.0001737833023071289,-0.2919235944747925,1.2208406925201416,1.0,0.0,1.110190749168396,0.038888342678546906,-1.3061909675598145,0.30405381321907043,0.39312392473220825,1.0,-0.07185209542512894,-5.373307228088379,5.445159435272217,0.0008593030506744981,1.0346996784210205,0.03591910004615784,43.25072479248047,0.005664062686264515,0.034540846943855286,1090.0,0.00038527977,,,,,,,,,,,,,,,,,,,,,,,,,,,,,,,,,,,,,,,,,,,,,
5632000,-3.9884090423583984,85.01636505126953,0.4206219312602291,0.356063175201416,0.8313299417495728,5.53739070892334e-05,1.1587142944335938e-05,0.0031285560131072998,0.008521870374679566,0.015811896324157713,0.0251782751083374,0.004651699066162109,1.203240203857422,51.992188,-2.5996094,83.34766,-3.889749,0.43359375,0.9992608802700317,0.9999803834352814,4160.979488075554,1098.0,0.00021195411682128906,-0.3558512210845947,1.197920322418213,1.0,1.0,1.0855305194854736,0.037782296538352966,-1.3195830583572388,0.29654836654663086,0.3166959285736084,1.0,-0.07407338172197342,-6.169065475463867,6.243139266967773,0.0014144561719149351,1.7031679153442383,0.03593410551548004,43.268798828125,0.0048828125,0.2582973539829254,1100.0,0.00038514458,,,,,,,,,,,,,,,,,,,,,,,,,,,,,,,,,,,,,,,,,,,,,
5683200,-4.153332233428955,87.72486877441406,0.38271604938271603,0.3634695768356323,0.8192288637161255,5.321145057678223e-05,1.2874603271484375e-05,0.002988142967224121,0.007984052896499633,0.023111367225646974,0.025425456762313843,0.004480050802230835,1.205847692489624,57.695312,-2.8847654,89.72656,-4.2784038,0.34765625,0.9992547062655341,0.9999792593135074,4161.650918883073,1108.0,0.00033419132232666017,-0.36313538551330565,1.2036805152893066,1.0,1.0,1.3285129070281982,0.03219306096434593,-1.3070204257965088,0.35184377431869507,0.3479253649711609,1.0,-0.07826708257198334,-8.400320053100586,8.47858715057373,0.0012251799926161766,1.4752576351165771,0.03595122694969177,43.28941345214844,0.00390625,-0.22952444851398468,1110.0,0.00038500942,,,,,,,,,,,,,,,,,,,,,,,,,,,,,,,,,,,,,,,,,,,,,
5734400,-4.0769429206848145,86.58940124511719,0.4105960264900662,0.3426758050918579,0.82806556224823,5.377411842346191e-05,1.080036163330078e-05,0.0030640542507171633,0.008538641929626466,0.020220732688903807,0.025096521377563477,0.004619336128234864,1.190993070602417,53.398438,-2.6699214,87.05469,-4.0961547,0.41796875,0.9992524672137786,0.9999830643751926,4162.724204659962,1118.0,0.0001972675323486328,-0.3424785375595093,1.2024648189544678,1.0,1.0,0.8882524967193604,0.016316499561071396,-1.3740320205688477,0.22467783093452454,0.08683794736862183,1.0,-0.07449586689472198,-5.894280433654785,5.968775749206543,0.0009008810156956315,1.0847642421722412,0.03598926216363907,43.335208892822266,0.0048828125,0.014669999480247498,1120.0,0.00038487423,,,,,,,,,,,,,,,,,,,,,,,,,,,,,,,,,,,,,,,,,,,,,
5785600,-4.032918930053711,85.9312744140625,0.42955326460481097,0.36443161964416504,0.8199341297149658,5.465388298034668e-05,1.1801719665527344e-05,0.0030137717723846434,0.008081881999969483,0.027883696556091308,0.02519033432006836,0.004624636173248291,1.212286400794983,58.039062,-2.9019527,84.62891,-3.9553323,0.45703125,0.9992333936115553,0.9999792514705447,4163.173160314492,1128.0,0.00021822452545166015,-0.36421339511871337,1.2024216651916504,1.0,1.0,0.6682404279708862,-0.05173894762992859,-1.3499664068222046,0.10204220563173294,0.2243872582912445,1.0,-0.07411959767341614,-5.634153842926025,5.708273887634277,0.0004916071193292737,0.5919515490531921,0.03599820286035538,43.34597396850586,0.0031250000465661287,-0.010292701423168182,1130.0,0.00038473908,,,,,,,,,,,,,,,,,,,,,,,,,,,,,,,,,,,,,,,,,,,,,
5836800,-3.998302459716797,85.20289611816406,0.41545893719806765,0.3412858724594116,0.8183988094329834,5.176663398742676e-05,1.0037422180175782e-05,0.002835496664047241,0.00789466142654419,0.01972851753234863,0.025380877256393434,0.004727470874786377,1.1794449806213378,51.35547,-2.5677729,84.22656,-3.9586163,0.41015625,0.9992749838941956,0.999981564401247,4164.5999034273955,1138.0,0.0003836393356323242,-0.34090223312377926,1.198911428451538,1.0,1.0,0.7931742072105408,-0.03976910188794136,-1.3207614421844482,0.14574477076530457,0.28545814752578735,1.0,-0.07349981367588043,-5.252728462219238,5.326228141784668,0.0007950389408506453,0.9573183059692383,0.036005422472953796,43.35466766357422,0.00390625,0.01712014526128769,1140.0,0.0003846039,,,,,,,,,,,,,,,,,,,,,,,,,,,,,,,,,,,,,,,,,,,,,
5888000,-3.9301552772521973,84.10385131835938,0.440536013400335,0.35365593433380127,0.8217144250869751,5.445361137390137e-05,1.1157989501953124e-05,0.0030159783363342286,0.008389562368392944,0.028214740753173827,0.02488043189048767,0.004714587926864624,1.2036173820495606,55.222656,-2.7611325,86.28906,-4.0523615,0.4296875,0.999252608449897,0.9999824496667933,4165.264027503182,1148.0,0.00027141571044921877,-0.3533845186233521,1.20351243019104,1.0,1.0,0.7967199683189392,0.0047776959836483,-1.3596861362457275,0.19053418934345245,0.18013960123062134,1.0,-0.07452522218227386,-5.410876750946045,5.485401630401611,0.0008390156435780227,1.0102711915969849,0.03601619601249695,43.367645263671875,0.0052734375931322575,0.013146601617336273,1150.0,0.00038446873,,,,,,,,,,,,,,,,,,,,,,,,,,,,,,,,,,,,,,,,,,,,,
5939200,-3.734736680984497,80.65682983398438,0.47360248447204967,0.31300594806671145,0.859916090965271,6.0875415802001956e-05,1.2230873107910156e-05,0.0034784460067749023,0.008757129907608033,0.019541358947753905,0.025199745893478395,0.005465536117553711,1.1925007343292235,52.320312,-2.6160154,82.35547,-3.8342457,0.44921875,0.9992075690313397,0.9999789472025831,4166.149353189425,1158.0,0.00023975372314453126,-0.3127661943435669,1.1984269618988037,1.0,1.0,0.8203760981559753,0.009372442960739136,-1.361635446548462,0.20097345113754272,0.13339027762413025,1.0,-0.07290837168693542,-4.872190952301025,4.945099353790283,0.0007590517634525895,0.9139856696128845,0.0360264852643013,43.380027770996094,0.0068359375,0.025937899947166443,1160.0,0.00038433354,,,,,,,,,,,,,,,,,,,,,,,,,,,,,,,,,,,,,,,,,,,,,
5990400,-3.765073776245117,81.52606201171875,0.46742671009771986,0.3426173448562622,0.8298062086105347,5.605936050415039e-05,1.1563301086425781e-05,0.0031561160087585447,0.008792264461517334,0.028059911727905274,0.02456573724746704,0.004888935089111328,1.2005211353302,56.785156,-2.8392577,81.51953,-3.7743576,0.46875,0.99924805905657,0.9999782537486069,4166.899713203106,1168.0,0.00024235248565673828,-0.3423749923706055,1.199075698852539,1.0,1.0,1.1872138977050781,0.14361408352851868,-1.3461273908615112,0.4272891581058502,0.2323336899280548,1.0,-0.07552877068519592,-5.558835029602051,5.634363651275635,0.0010294639505445957,1.2395930290222168,0.03604139760136604,43.397987365722656,0.007031249813735485,0.01046597957611084,1170.0,0.00038419839,,,,,,,,,,,,,,,,,,,,,,,,,,,,,,,,,,,,,,,,,,,,,
6005760,,,,,,,,,,,,,,,,,,,,,,,,,,,,,,,,,,,,,,,,,,,,,-5.392094293359888,109.046875,0.09375,0.0,0.0,0.0,0.0,0.0,0.0,0.0,0.0,1.0,0.0,0.0,0.0,-5.392875543359888,109.0625,0.09375,0.0,0.0,0.0,0.0,0.0,0.0,0.0,0.0,1.0,0.0,0.0,0.0,-5.392875543359888,109.0625,0.09375,0.0,0.0,0.0,0.0,0.0,0.0,0.0,0.0,1.0,0.0,0.0,0.0
6041600,-3.991591691970825,85.32733154296875,0.4451718494271686,0.2532315731048584,0.8161956787109375,5.734562873840332e-05,1.1348724365234375e-05,0.0041650569438934325,0.007744280099868775,0.016773152351379394,0.023740559816360474,0.005070338249206543,1.0862321853637695,53.132812,-2.6566403,82.82422,-3.8467178,0.4765625,0.9992108951733215,0.9999811895904905,4157.349506306258,1178.0,0.02075328826904297,-0.23247828483581542,1.2093453407287598,1.0,1.0,0.9732170701026917,0.04854319989681244,-1.3758759498596191,0.27810904383659363,0.05725917965173721,1.0,-0.0750298947095871,-5.3158416748046875,5.390871524810791,0.0009996360167860985,1.203676700592041,0.03605402261018753,43.41318893432617,0.005664062686264515,0.008346594870090485,1180.0,0.0003840632,,,,,,,,,,,,,,,,,,,,,,,,,,,,,,,,,,,,,,,,,,,,,
6092800,-3.701082944869995,80.2258071899414,0.5,0.35034666061401365,0.8359937191009521,5.624532699584961e-05,1.0704994201660156e-05,0.0033659589290618895,0.008452682495117188,0.0204181432723999,0.02492709755897522,0.004964514970779419,1.2067924976348876,58.835938,-2.9417968,78.609375,-3.6274838,0.5,0.9992060544628557,0.9999807177676644,4157.95262488319,1188.0,0.0003774881362915039,-0.34996917247772213,1.207650899887085,1.0,1.0,0.604870080947876,-0.08174087107181549,-1.3613402843475342,0.05601288378238678,0.1701463907957077,1.0,-0.07453984022140503,-5.284877777099609,5.35941743850708,0.0006374954828061163,0.7676178216934204,0.036063797771930695,43.42496109008789,0.004101562313735485,0.015157081186771393,1190.0,0.00038392804,,,,,,,,,,,,,,,,,,,,,,,,,,,,,,,,,,,,,,,,,,,,,
6144000,-3.790807008743286,81.32718658447266,0.4592933947772657,0.31338934898376464,0.8629125595092774,6.043076515197754e-05,1.1420249938964843e-05,0.003556978702545166,0.008907902240753173,0.026131391525268555,0.02505921006202698,0.005527558326721191,1.2024680852890015,52.023438,-2.6011715,79.49609,-3.7076106,0.47265625,0.9992224501104849,0.9999805691136108,4158.621724679245,1198.0,0.00019631385803222656,-0.31319303512573243,1.208739995956421,1.0,1.0,0.8174697160720825,-0.01381230354309082,-1.346703290939331,0.17732898890972137,0.19282642006874084,1.0,-0.075592041015625,-5.406264781951904,5.481856822967529,0.0006307137082330883,0.7594518661499023,0.03607511520385742,43.4385871887207,0.005664062686264515,0.043308012187480927,1200.0,0.00038379285,,,,,,,,,,,,,,,,,,,,,,,,,,,,,,,,,,,,,,,,,,,,,
6195200,-3.7075934410095215,80.31230163574219,0.4968454258675079,0.3153913259506226,0.8718489885330201,6.014108657836914e-05,1.0991096496582032e-05,0.003485422134399414,0.009107294082641602,0.018332576751708983,0.025374680757522583,0.005531835556030274,1.2056055545806885,53.125,-2.6562495,76.40234,-3.5135417,0.51171875,0.9992412491173635,0.9999820237649387,4159.200905612435,1208.0,0.00012395381927490234,-0.3152673721313477,1.2062621116638184,1.0,0.0,0.5461995005607605,-0.0753670409321785,-1.3308994770050049,0.04827863723039627,0.2914183735847473,1.0,-0.07327093183994293,-4.7909464836120605,4.864217281341553,0.0006657061167061329,0.8015866875648499,0.036079950630664825,43.44441223144531,0.005078124813735485,0.05810108780860901,1210.0,0.0003836577,,,,,,,,,,,,,,,,,,,,,,,,,,,,,,,,,,,,,,,,,,,,,
6246400,-4.021482467651367,85.67182159423828,0.41408934707903783,0.31031312942504885,0.8957825660705566,6.798982620239258e-05,1.3208389282226562e-05,0.003997526168823242,0.00881222128868103,0.021652793884277342,0.025777624845504762,0.006097365617752076,1.2277878284454347,58.35547,-2.9177732,86.08984,-4.0531445,0.39453125,0.9991872903549797,0.9999787172704728,4159.277414728836,1218.0,0.0002747058868408203,-0.31003842353820804,1.207367181777954,1.0,1.0,0.6385741829872131,-0.07881101220846176,-1.3380166292190552,0.06776690483093262,0.23851367831230164,1.0,-0.0774393379688263,-5.909066200256348,5.986505508422852,0.0008180541917681694,0.9850313663482666,0.036097198724746704,43.465179443359375,0.0031250000465661287,0.0722874104976654,1220.0,0.0003835225,,,,,,,,,,,,,,,,,,,,,,,,,,,,,,,,,,,,,,,,,,,,,
6297600,-3.8906586170196533,83.12187194824219,0.43125,0.33287150859832765,0.8498803615570069,5.918264389038086e-05,1.1563301086425781e-05,0.0033958268165588377,0.00867138385772705,0.02107720375061035,0.024903022050857544,0.00543140172958374,1.2038639307022094,50.55078,-2.5275385,80.3125,-3.7407215,0.45703125,0.999218690518464,0.9999806510564988,4159.918807102516,1228.0,0.00022373199462890624,-0.33264777660369876,1.2112095355987549,1.0,1.0,1.3746479749679565,0.12815046310424805,-1.3408596515655518,0.4587552845478058,0.25164899230003357,1.0,-0.07824070751667023,-6.103613376617432,6.181854248046875,0.001434267032891512,1.7270225286483765,0.0361008420586586,43.46956253051758,0.007031250279396772,0.23212890326976776,1230.0,0.00038338735,,,,,,,,,,,,,,,,,,,,,,,,,,,,,,,,,,,,,,,,,,,,,
6348800,-3.941802740097046,84.414306640625,0.44093178036605657,0.2914261817932129,0.8941579103469849,6.560325622558594e-05,1.2493133544921875e-05,0.0038117754459381105,0.009190601110458375,0.01802482604980469,0.02567083954811096,0.0059322953224182125,1.2036451816558837,52.375,-2.6187496,84.04297,-3.9353979,0.44140625,0.9991773078608962,0.999980251379145,4160.565340117005,1238.0,0.0003175497055053711,-0.29110863208770754,1.2083828449249268,1.0,1.0,1.1208922863006592,0.03662515804171562,-1.3695765733718872,0.3032086491584778,0.10580970346927643,1.0,-0.07900722324848175,-6.122297286987305,6.2013044357299805,0.0010902348440140486,1.3127679824829102,0.03611613065004349,43.48797607421875,0.0054687499068677425,0.1880473643541336,1240.0,0.00038325216,,,,,,,,,,,,,,,,,,,,,,,,,,,,,,,,,,,,,,,,,,,,,
6400000,-3.9162590503692627,83.77906799316406,0.446843853820598,0.3244755506515503,0.8750105142593384,6.335973739624023e-05,1.3566017150878906e-05,0.0037098169326782227,0.00885204315185547,0.018613815307617188,0.02529060363769531,0.005800209045410156,1.2181384086608886,55.36328,-2.7681637,85.58984,-4.026166,0.421875,0.9992115932924368,0.9999795077266636,4160.809815153056,1248.0,0.0002088308334350586,-0.3242667198181153,1.2265920639038086,1.0,0.0,1.3537687063217163,0.13001465797424316,-1.358713984489441,0.45504456758499146,0.16755110025405884,1.0,-0.08186456561088562,-7.118884086608887,7.200749397277832,0.0012758130906149745,1.53622567653656,0.036141786724328995,43.51886749267578,0.005078125279396772,-0.21385318040847778,1250.0,0.000383117,,,,,,,,,,,,,,,,,,,,,,,,,,,,,,,,,,,,,,,,,,,,,
6451200,-4.057414531707764,86.08695983886719,0.4197324414715719,0.3256844997406006,0.869721508026123,5.9957504272460935e-05,1.2660026550292969e-05,0.0033700430393218996,0.008620868921279907,0.019590234756469725,0.025874342918395996,0.005527362823486328,1.2150331497192384,54.26953,-2.7134762,83.88281,-3.939581,0.4375,0.9992296339865024,0.9999800440263706,4161.2135450853975,1258.0,0.0001835346221923828,-0.3255009651184082,1.2111475467681885,1.0,1.0,0.6148337125778198,-0.06387351453304291,-1.3316748142242432,0.07693842053413391,0.29127824306488037,1.0,-0.07822919636964798,-5.539542198181152,5.617771148681641,0.0007015480659902096,0.8447445631027222,0.03616843372583389,43.55095291137695,0.0033203125931322575,-0.1132926270365715,1260.0,0.00038298185,,,,,,,,,,,,,,,,,,,,,,,,,,,,,,,,,,,,,,,,,,,,,
6502400,-3.8148252964019775,82.16165161132812,0.4611727416798732,0.3167696475982666,0.8669421672821045,6.138801574707032e-05,1.2731552124023437e-05,0.0035337042808532716,0.008650718927383423,0.016239047050476074,0.025446999073028564,0.005620635747909546,1.1999898910522462,51.753906,-2.5876951,83.91797,-3.901243,0.44140625,0.9992234241116941,0.9999780851743244,4161.926677242609,1268.0,0.0002430438995361328,-0.3165266036987305,1.2113099098205566,1.0,1.0,0.8435584306716919,0.011799558997154236,-1.3521910905838013,0.2093588262796402,0.1982334852218628,1.0,-0.07733309268951416,-5.210583686828613,5.287917137145996,0.0007819708553142846,0.9415827989578247,0.03618388622999191,43.56956100463867,0.006054687313735485,-0.08628426492214203,1270.0,0.00038284666,,,,,,,,,,,,,,,,,,,,,,,,,,,,,,,,,,,,,,,,,,,,,
6553600,-3.731872797012329,80.48543548583984,0.470873786407767,0.28947446346282957,0.900653076171875,6.707429885864257e-05,1.1491775512695313e-05,0.003928841352462769,0.009405007362365722,0.01949355602264404,0.025443546772003174,0.006151719093322754,1.2096537590026855,57.45703,-2.8728514,82.85156,-3.85583,0.4609375,0.9991902558144656,0.9999824978266164,4162.390556677871,1278.0,0.00018436908721923827,-0.2892900943756103,1.211862325668335,1.0,1.0,0.3592667579650879,-0.08799419552087784,-1.3498862981796265,-0.011416302993893623,0.2244013547897339,1.0,-0.07568910717964172,-4.819798469543457,4.8954877853393555,0.0005104488809593022,0.614639163017273,0.03620002418756485,43.5889892578125,0.00390625,0.07962639629840851,1280.0,0.0003827115,,,,,,,,,,,,,,,,,,,,,,,,,,,,,,,,,,,,,,,,,,,,,
6604800,-3.922349452972412,83.80451965332031,0.4345718901453958,0.28542661666870117,0.9016290187835694,6.820440292358398e-05,1.2326240539550782e-05,0.003993927240371704,0.008777676820755006,0.019231247901916503,0.02602121591567993,0.006183428764343262,1.2063238143920898,54.820312,-2.7410152,85.51953,-4.011323,0.421875,0.9991793122374234,0.9999796034886572,4162.946088597552,1288.0,0.00024178028106689454,-0.28518483638763426,1.2575538158416748,1.0,0.0,0.565058708190918,-0.052785228937864304,-1.334439992904663,0.07556450366973877,0.2793412506580353,1.0,-0.07866378128528595,-5.627184867858887,5.705848693847656,0.0004729116044472903,0.5694399476051331,0.03622987121343613,43.62493133544922,0.003515625139698386,0.10075519979000092,1290.0,0.0003825763,,,,,,,,,,,,,,,,,,,,,,,,,,,,,,,,,,,,,,,,,,,,,
6656000,-3.9008984565734863,83.35199737548828,0.44,0.3404109239578247,0.8482578277587891,5.7942867279052735e-05,1.2063980102539063e-05,0.0032850587368011474,0.008623487949371338,0.02366349697113037,0.025071710348129272,0.005342234373092652,1.212366771697998,51.32422,-2.5662105,83.44922,-3.8782206,0.46484375,0.999234734718529,0.999981475053032,4163.3792626469485,1298.0,0.00024290084838867186,-0.340168023109436,1.2101740837097168,1.0,1.0,0.8941203951835632,0.04877699539065361,-1.3709425926208496,0.25863292813301086,0.07769519835710526,1.0,-0.0791914314031601,-5.293280601501465,5.372471809387207,0.000632775598205626,0.7619345188140869,0.03624939173460007,43.648433685302734,0.007031250279396772,0.022143833339214325,1300.0,0.00038244115,,,,,,,,,,,,,,,,,,,,,,,,,,,,,,,,,,,,,,,,,,,,,
6707200,-3.9180872440338135,83.90284729003906,0.44221105527638194,0.28279283046722414,0.8923784017562866,6.466388702392579e-05,1.373291015625e-05,0.0037283098697662356,0.009551947116851806,0.026863574981689453,0.025365685224533082,0.005872899293899536,1.2020745038986207,55.660156,-2.7830074,86.359375,-4.064105,0.4140625,0.9992062852334829,0.9999784008535412,4164.025470569537,1308.0,0.00031855106353759763,-0.2824742794036865,1.2125802040100098,1.0,1.0,0.7870384454727173,-0.005242668092250824,-1.3538075685501099,0.17818333208560944,0.1622646600008011,1.0,-0.07972962409257889,-5.6007890701293945,5.680519104003906,0.0006016280967742205,0.7244293689727783,0.03626140207052231,43.66289520263672,0.0044921874068677425,-0.00011615455150604248,1310.0,0.00038230597,,,,,,,,,,,,,,,,,,,,,,,,,,,,,,,,,,,,,,,,,,,,,
6758400,-3.88095760345459,83.0781478881836,0.43381180223285487,0.33250701427459717,0.8612530946731567,5.65946102142334e-05,1.1992454528808593e-05,0.0032162916660308837,0.009264543056488037,0.021550846099853516,0.0251596474647522,0.005333266258239746,1.2153481483459472,52.183594,-2.6091795,78.74609,-3.6305108,0.4765625,0.9992496589415449,0.9999792645063512,4164.324123998623,1318.0,0.00024540424346923827,-0.3322616100311279,1.2142307758331299,1.0,1.0,1.2522640228271484,0.113274484872818,-1.3746075630187988,0.4126276969909668,0.07965276390314102,1.0,-0.07948917150497437,-5.462332725524902,5.54182243347168,0.000989794498309493,1.191826343536377,0.036267317831516266,43.670021057128906,0.006640625186264515,0.010068997740745544,1320.0,0.0003821708,,,,,,,,,,,,,,,,,,,,,,,,,,,,,,,,,,,,,,,,,,,,,
6809600,-3.7114760875701904,80.11039733886719,0.48,0.27784411907196044,0.8900070667266846,6.371855735778808e-05,1.2612342834472656e-05,0.0037084388732910156,0.009435123205184937,0.026917576789855957,0.025459613800048828,0.005798298120498657,1.1948043584823609,56.601562,-2.830078,81.64453,-3.7855482,0.47265625,0.9992098763871096,0.9999807637536119,4164.867060167079,1328.0,0.0001343250274658203,-0.27770979404449464,1.2085742950439453,1.0,1.0,0.9949508905410767,0.06800512969493866,-1.3673813343048096,0.303180456161499,0.14600184559822083,1.0,-0.07804523408412933,-5.096202373504639,5.174247741699219,0.000971709901932627,1.1700503826141357,0.03627246618270874,43.67621994018555,0.0062500000931322575,0.04505059868097305,1330.0,0.00038203562,,,,,,,,,,,,,,,,,,,,,,,,,,,,,,,,,,,,,,,,,,,,,
6860800,-3.922469139099121,84.17495727539062,0.45264847512038525,0.3217394113540649,0.866890549659729,5.936622619628906e-05,1.1110305786132813e-05,0.003428710699081421,0.00921537160873413,0.029521465301513672,0.02500116229057312,0.005606646537780762,1.218182420730591,51.753906,-2.587695,81.14453,-3.7291262,0.51171875,0.9992324262703339,0.999983677231621,4165.052901707078,1338.0,0.00014638900756835938,-0.32159302234649656,1.2092552185058594,1.0,1.0,0.8471278548240662,-5.7190656661987305e-05,-1.340425968170166,0.19860370457172394,0.19730743765830994,1.0,-0.07835043966770172,-5.091979026794434,5.1703290939331055,0.0009899538708850741,1.1920182704925537,0.036286357790231705,43.69294738769531,0.0044921874068677425,0.056114934384822845,1340.0,0.00038190046,,,,,,,,,,,,,,,,,,,,,,,,,,,,,,,,,,,,,,,,,,,,,
6912000,-3.79872727394104,81.80000305175781,0.44878048780487806,0.2576207399368286,0.9243766069412231,7.121086120605469e-05,1.399517059326172e-05,0.004268012046813965,0.00944221019744873,0.0233288049697876,0.025879682302474977,0.006518692970275879,1.205364179611206,55.242188,-2.762109,81.84766,-3.8048205,0.4453125,0.9991557127571482,0.9999800619653546,4165.567229400059,1348.0,0.00015823841094970704,-0.2574625015258789,1.2080140113830566,1.0,1.0,1.1357080936431885,0.05383475124835968,-1.3249826431274414,0.3249585032463074,0.269925057888031,1.0,-0.08179962635040283,-6.125522613525391,6.207322120666504,0.0012599700130522251,1.517148733139038,0.03631574288010597,43.728328704833984,0.00546875037252903,0.08048057556152344,1350.0,0.00038176528,,,,,,,,,,,,,,,,,,,,,,,,,,,,,,,,,,,,,,,,,,,,,
6963200,-3.9997358322143555,84.94435119628906,0.41734860883797054,0.2859887361526489,0.8923334836959839,6.68644905090332e-05,1.2040138244628906e-05,0.003929289579391479,0.009095654487609864,0.02799046039581299,0.02533884882926941,0.0061498737335205075,1.2063486099243164,52.503906,-2.625195,86.68359,-4.1065807,0.37890625,0.9991899202448573,0.9999801968175456,4166.003648347206,1358.0,0.00021774768829345702,-0.28577098846435545,1.2122063636779785,1.0,1.0,1.1976662874221802,0.0843583345413208,-1.3342177867889404,0.3707990050315857,0.2912231683731079,1.0,-0.08303120732307434,-6.33676815032959,6.4197998046875,0.0010831300169229507,1.304213047027588,0.03633299469947815,43.74909973144531,0.00449218787252903,-0.10356131196022034,1360.0,0.00038163012,,,,,,,,,,,,,,,,,,,,,,,,,,,,,,,,,,,,,,,,,,,,,
7009280,,,,,,,,,,,,,,,,,,,,,,,,,,,,,,,,,,,,,,,,,,,,,-5.488302537611592,110.796875,0.078125,0.0,0.0,0.0,0.0,0.0,0.0,0.0,0.0,1.0,0.0,0.0,0.0,-5.488302537611592,110.796875,0.078125,0.0,0.0,0.0,0.0,0.0,0.0,0.0,0.0,1.0,0.0,0.0,0.0,-5.488302537611592,110.796875,0.078125,0.0,0.0,0.0,0.0,0.0,0.0,0.0,0.0,1.0,0.0,0.0,0.0
7014400,-3.7558748722076416,80.83201599121094,0.4469096671949287,0.28195006847381593,0.8282788991928101,6.162166595458984e-05,1.2254714965820312e-05,0.004041249752044678,0.00791919708251953,0.01985344886779785,0.023643230199813844,0.005714921951293945,1.1301181077957154,53.265625,-2.663281,84.40625,-3.9546027,0.41015625,0.9991856774802115,0.999979261861071,4158.387111071272,1368.0,0.023768520355224608,-0.25818154811859134,1.1800343990325928,1.0,0.0,0.6136587858200073,-0.019651927053928375,-1.3224066495895386,0.12109081447124481,0.2810974419116974,1.0,-0.0816238522529602,-5.815913200378418,5.8975372314453125,0.0007536956109106541,0.9075362086296082,0.036368221044540405,43.79151916503906,0.0042968750931322575,-0.012401320040225983,1370.0,0.00038149493,,,,,,,,,,,,,,,,,,,,,,,,,,,,,,,,,,,,,,,,,,,,,
7065600,-3.840200662612915,82.50655364990234,0.4524590163934426,0.25966107845306396,0.8766465902328491,6.021022796630859e-05,1.4448165893554688e-05,0.004059457778930664,0.00870326042175293,0.026332688331604005,0.02544543385505676,0.005529929399490357,1.1626816987991333,56.66797,-2.833398,83.78906,-3.9190466,0.4375,0.9992234538108135,0.9999768693222312,4160.006230560595,1378.0,0.0002663135528564453,-0.2593947649002075,1.2046098709106445,1.0,1.0,0.5963867902755737,-0.031999602913856506,-1.345824956893921,0.10394483804702759,0.22740542888641357,1.0,-0.07894714176654816,-4.980734825134277,5.0596818923950195,0.0005940778646618128,0.7153381109237671,0.03636878728866577,43.792205810546875,0.005078124813735485,0.019729748368263245,1380.0,0.00038135977,,,,,,,,,,,,,,,,,,,,,,,,,,,,,,,,,,,,,,,,,,,,,
7116800,-3.891947031021118,83.36656188964844,0.432475884244373,0.2874506711959839,0.9000980615615845,6.82222843170166e-05,1.239776611328125e-05,0.004141334295272827,0.008694028854370118,0.01797335147857666,0.02578253149986267,0.006282156705856324,1.2055610179901124,54.11328,-2.7056637,82.99609,-3.8828936,0.4375,0.9991861011602065,0.999977988681238,4160.544474109809,1388.0,0.0002846479415893555,-0.28716602325439455,1.1984529495239258,1.0,1.0,1.2107504606246948,0.04547279328107834,-1.342962622642517,0.33507221937179565,0.23405979573726654,1.0,-0.08209966123104095,-5.819355010986328,5.901453971862793,0.0010126903653144836,1.219395637512207,0.03639158606529236,43.81965637207031,0.007031249813735485,0.03410542756319046,1390.0,0.00038122458,,,,,,,,,,,,,,,,,,,,,,,,,,,,,,,,,,,,,,,,,,,,,
7168000,-3.892611265182495,83.19386291503906,0.45395799676898224,0.2839335918426514,0.8807773113250732,6.478071212768554e-05,1.2230873107910156e-05,0.0037868332862854,0.00922840714454651,0.029753923416137695,0.024953817129135133,0.005969446897506714,1.1945018768310547,52.953125,-2.647656,82.74609,-3.8665888,0.45703125,0.9991920682743588,0.9999792219882062,4161.354036478433,1398.0,0.00021901130676269532,-0.28371458053588866,1.1988508701324463,1.0,1.0,0.8147788047790527,-0.055637992918491364,-1.345785140991211,0.1348748803138733,0.21891842782497406,1.0,-0.08076401054859161,-5.34423828125,5.425002098083496,0.0012497211573645473,1.504807949066162,0.03640853986144066,43.840065002441406,0.005078124813735485,-0.19541828334331512,1400.0,0.00038108943,,,,,,,,,,,,,,,,,,,,,,,,,,,,,,,,,,,,,,,,,,,,,
7219200,-3.9245407581329346,84.16859436035156,0.45289256198347105,0.3140066862106323,0.8789557933807373,6.401896476745605e-05,1.2278556823730469e-05,0.0037175774574279784,0.00902665376663208,0.02259836196899414,0.025122634172439574,0.005981770753860474,1.2155967950820923,54.039062,-2.7019527,82.21094,-3.8067636,0.484375,0.9992005387717131,0.999980523998582,4161.628536468848,1408.0,0.000182342529296875,-0.31382434368133544,1.1984601020812988,1.0,0.0,0.8655912280082703,0.0004119016230106354,-1.3752028942108154,0.20308490097522736,0.07113228738307953,1.0,-0.08071436733007431,-5.249487400054932,5.330202102661133,0.0007928826380521059,0.9547218680381775,0.0364326611161232,43.869110107421875,0.005664062686264515,0.012051574885845184,1410.0,0.00038095424,,,,,,,,,,,,,,,,,,,,,,,,,,,,,,,,,,,,,,,,,,,,,
7270400,-3.763552665710449,81.0779037475586,0.4562798092209857,0.29344897270202636,0.8741376399993896,6.400346755981445e-05,1.2564659118652344e-05,0.00376811146736145,0.009020285606384277,0.03203873634338379,0.02500154733657837,0.005818414688110352,1.1996620416641235,54.828125,-2.741406,80.0625,-3.7034621,0.4765625,0.9992102059814003,0.9999798877022302,4162.336406231027,1418.0,0.00022487640380859376,-0.2932240962982178,1.2009871006011963,1.0,1.0,1.1202521324157715,0.07575041055679321,-1.3506395816802979,0.34252601861953735,0.17386916279792786,1.0,-0.0806400403380394,-5.26413631439209,5.344776153564453,0.0009409933700226247,1.1330642700195312,0.0364583358168602,43.9000244140625,0.0064453124068677425,0.017226554453372955,1420.0,0.00038081908,,,,,,,,,,,,,,,,,,,,,,,,,,,,,,,,,,,,,,,,,,,,,
7321600,-4.026482582092285,85.90436553955078,0.43288590604026844,0.26838924884796145,0.8915173053741455,6.754279136657715e-05,1.5187263488769532e-05,0.0039952719211578365,0.008720066547393799,0.02625739574432373,0.025459336042404176,0.0062962305545806885,1.186207890510559,54.83203,-2.7416012,83.23047,-3.8834777,0.4609375,0.9991605903423603,0.999975760336051,4163.236325428272,1428.0,0.0004291057586669922,-0.26796014308929444,1.198591947555542,1.0,1.0,0.44372260570526123,-0.10441665351390839,-1.3676836490631104,-0.007078458555042744,0.12023092806339264,1.0,-0.08162831515073776,-5.5140886306762695,5.595717430114746,0.0006055484409444034,0.7291499376296997,0.036490701138973236,43.93899917602539,0.0035156249068677425,0.03137851506471634,1430.0,0.0003806839,,,,,,,,,,,,,,,,,,,,,,,,,,,,,,,,,,,,,,,,,,,,,
7372800,-3.8256890773773193,82.54239654541016,0.472,0.3172961473464966,0.8541774988174439,5.8971643447875976e-05,1.1301040649414062e-05,0.003367830514907837,0.008805562257766724,0.015058565139770507,0.02511202812194824,0.00532932996749878,1.1865680694580079,53.3125,-2.6656246,82.69922,-3.8406146,0.484375,0.999176929025843,0.9999793040835334,4164.137530663798,1438.0,0.0002801179885864258,-0.3170160293579102,1.1970691680908203,1.0,1.0,0.6414155960083008,-0.04389950633049011,-1.3668156862258911,0.10287526249885559,0.12686912715435028,1.0,-0.07825933396816254,-4.349545478820801,4.427804470062256,0.000644233135972172,0.7757307887077332,0.03649863973259926,43.94856262207031,0.0052734375931322575,0.016977325081825256,1440.0,0.00038054874,,,,,,,,,,,,,,,,,,,,,,,,,,,,,,,,,,,,,,,,,,,,,
7424000,-3.7964634895324707,81.73558044433594,0.46794871794871795,0.34605257511138915,0.8435427427291871,5.825519561767578e-05,1.2493133544921875e-05,0.0034042477607727053,0.009075132608413696,0.02082221508026123,0.024821038246154784,0.0047871780395507815,1.210453248023987,54.08203,-2.704101,83.31641,-3.8980093,0.44140625,0.9992582406470955,0.9999808154758209,4164.5034394093855,1448.0,0.0002664804458618164,-0.34578609466552734,1.2232801914215088,1.0,0.0,1.162174940109253,0.07060326635837555,-1.3666062355041504,0.34756386280059814,0.12780624628067017,1.0,-0.08225397765636444,-5.502275466918945,5.584529876708984,0.000976686947979033,1.1760433912277222,0.03651833534240723,43.9722785949707,0.005078124813735485,0.03355002403259277,1450.0,0.00038041355,,,,,,,,,,,,,,,,,,,,,,,,,,,,,,,,,,,,,,,,,,,,,
7475200,-3.86527943611145,82.90291595458984,0.44983818770226536,0.3308867454528809,0.8492134571075439,5.788564682006836e-05,1.1229515075683594e-05,0.0033026373386383055,0.008986982107162476,0.0190258264541626,0.024874249696731566,0.005206151008605957,1.1991600036621093,53.94922,-2.6974604,77.30859,-3.549636,0.51953125,0.9992282963218593,0.9999810324457313,4165.196225577474,1458.0,0.00022525787353515624,-0.3306614875793457,1.203362226486206,1.0,1.0,0.9094147682189941,0.011445604264736176,-1.346631646156311,0.22561468183994293,0.24586358666419983,1.0,-0.08189941942691803,-5.291186809539795,5.373085975646973,0.0006668140413239598,0.8029208183288574,0.03652933984994888,43.98552703857422,0.0052734375931322575,0.016591563820838928,1460.0,0.0003802784,,,,,,,,,,,,,,,,,,,,,,,,,,,,,,,,,,,,,,,,,,,,,
7526400,-3.873478889465332,83.01602935791016,0.4423076923076923,0.3468963384628296,0.8193713426589966,5.2793025970458986e-05,1.113414764404297e-05,0.0029036712646484373,0.00811953067779541,0.020984625816345213,0.02538873553276062,0.004473707675933838,1.1872859001159668,51.597656,-2.5798821,80.265625,-3.723666,0.46484375,0.9992645836076401,0.9999810837220006,4166.104485970795,1468.0,0.0003497838973999023,-0.34654655456542965,1.2002019882202148,1.0,1.0,0.9254964590072632,0.01223912462592125,-1.3639663457870483,0.23009076714515686,0.1521400511264801,1.0,-0.08251308649778366,-5.45172119140625,5.534234046936035,0.0011615914991125464,1.3986897468566895,0.03654513135552406,44.004539489746094,0.004687500186264515,0.046530403196811676,1470.0,0.00038014323,,,,,,,,,,,,,,,,,,,,,,,,,,,,,,,,,,,,,,,,,,,,,
7577600,-4.091398239135742,87.06378936767578,0.41724137931034483,0.37212722301483153,0.8050899505615234,5.0570964813232425e-05,1.1157989501953124e-05,0.0028187894821166994,0.007940016984939575,0.025466775894165038,0.02507187008857727,0.004343574047088623,1.2027168035507203,54.34375,-2.7171874,89.29297,-4.217683,0.39453125,0.9992627914304464,0.9999819607652989,4166.646156813237,1478.0,0.0002558469772338867,-0.3718713760375976,1.2013788223266602,1.0,1.0,1.2788255214691162,0.1533358246088028,-1.2833268642425537,0.4610840082168579,0.45100709795951843,1.0,-0.08511658012866974,-6.057082653045654,6.142199516296387,0.0010316374246031046,1.242210030555725,0.03657682240009308,44.042701721191406,0.0068359375,0.030989304184913635,1480.0,0.00038000804,,,,,,,,,,,,,,,,,,,,,,,,,,,,,,,,,,,,,,,,,,,,,
7628800,-4.023183345794678,85.34506225585938,0.38860971524288107,0.30130202770233155,0.8823185920715332,6.551265716552734e-05,1.2564659118652344e-05,0.0038250076770782473,0.009583992958068848,0.026587605476379395,0.024640735387802124,0.005963627099990845,1.2102437019348145,55.316406,-2.76582,85.22656,-4.006941,0.38671875,0.999160080637447,0.9999810682547531,4166.99745668287,1488.0,0.0001666545867919922,-0.30113537311553956,1.2302863597869873,1.0,0.0,1.1520527601242065,0.08764094114303589,-1.3362282514572144,0.3626660704612732,0.28619399666786194,1.0,-0.08573642373085022,-6.1678619384765625,6.253598213195801,0.0011509705800563097,1.3859007358551025,0.03659927845001221,44.069740295410156,0.005078125279396772,0.12072644382715225,1490.0,0.0003798729,,,,,,,,,,,,,,,,,,,,,,,,,,,,,,,,,,,,,,,,,,,,,
7680000,-3.853179693222046,82.67576599121094,0.4462279293739968,0.34546871185302735,0.8237393617630004,5.431175231933594e-05,1.0895729064941407e-05,0.0030615365505218504,0.008831521272659302,0.019173860549926758,0.024706530570983886,0.004502830505371094,1.18841552734375,54.117188,-2.705859,83.55078,-3.9108915,0.4296875,0.9992658494252395,0.9999809010836629,4167.857253079889,1498.0,0.00032041072845458987,-0.3451483011245728,1.2004659175872803,1.0,1.0,0.7231497764587402,-0.05362565815448761,-1.3521177768707275,0.11385967582464218,0.21762728691101074,1.0,-0.08554279804229736,-5.701145172119141,5.786687850952148,0.000827585463412106,0.9965080618858337,0.03664116561412811,44.120182037353516,0.00546875037252903,0.14889028668403625,1500.0,0.0003797377,,,,,,,,,,,,,,,,,,,,,,,,,,,,,,,,,,,,,,,,,,,,,
7731200,-4.048702716827393,86.0198974609375,0.4046434494195688,0.3043999195098877,0.8747455835342407,6.541967391967773e-05,1.277923583984375e-05,0.0038217759132385255,0.008687989711761475,0.020342063903808594,0.025417170524597167,0.005709604024887085,1.1995272159576416,51.5,-2.5749998,84.61719,-3.98498,0.3984375,0.9991924662673825,0.9999775996963576,4168.434738869559,1508.0,0.00032722949981689453,-0.3040726900100708,1.2045836448669434,1.0,1.0,0.9837551116943359,0.17205142974853516,-1.3407821655273438,0.40485644340515137,0.2331024408340454,1.0,-0.0887889564037323,-6.814667224884033,6.903456211090088,0.0012400902342051268,1.493211030960083,0.03667718172073364,44.163543701171875,0.005273438058793545,0.14038026332855225,1510.0,0.00037960254,,,,,,,,,,,,,,,,,,,,,,,,,,,,,,,,,,,,,,,,,,,,,
7782400,-4.010088920593262,85.46102905273438,0.4361525704809287,0.3557788610458374,0.8210262060165405,5.45501708984375e-05,1.1467933654785157e-05,0.003074929714202881,0.008100020885467529,0.01979236602783203,0.025222474336624147,0.004568626880645752,1.1966285228729248,50.19922,-2.5099607,87.72266,-4.144742,0.3984375,0.9992519529154308,0.9999836023889745,4169.039704034315,1518.0,0.00013768672943115234,-0.35564117431640624,1.2028720378875732,1.0,1.0,0.7503629922866821,0.0037881527096033096,-1.3654853105545044,0.1778126209974289,0.10907109081745148,1.0,-0.08587834239006042,-5.17232608795166,5.258203983306885,0.0007558290380984545,0.9101050496101379,0.036749467253685,44.250587463378906,0.005664062686264515,-0.03580893576145172,1520.0,0.00037946735,,,,,,,,,,,,,,,,,,,,,,,,,,,,,,,,,,,,,,,,,,,,,
7833600,-4.005634784698486,85.55897521972656,0.4427350427350427,0.367702841758728,0.8115146160125732,5.2186250686645506e-05,1.1944770812988282e-05,0.0029491901397705076,0.007738796472549439,0.019730305671691893,0.025409668684005737,0.004396367073059082,1.1989829301834107,54.683594,-2.7341795,89.05469,-4.205281,0.41015625,0.9992724177735132,0.9999806319431078,4169.615804145843,1528.0,0.00027489662170410156,-0.3674279451370239,1.2063281536102295,1.0,1.0,0.4858302175998688,-0.035368941724300385,-1.3311245441436768,0.07319267094135284,0.27437737584114075,1.0,-0.08589167892932892,-5.115869045257568,5.201760292053223,0.0006235409528017044,0.7508150935173035,0.03677722439169884,44.28400421142578,0.00390625,0.01913454383611679,1530.0,0.0003793322,,,,,,,,,,,,,,,,,,,,,,,,,,,,,,,,,,,,,,,,,,,,,
7884800,-3.8644495010375977,82.640380859375,0.44637223974763407,0.2913562297821045,0.8796759605407715,6.32178783416748e-05,1.2326240539550782e-05,0.0036645567417144774,0.009163354635238647,0.0300750732421875,0.02524545669555664,0.005812375545501709,1.2011439800262451,50.01953,-2.500976,84.26172,-3.9551978,0.4375,0.9992079690193191,0.9999796941740143,4170.143167442038,1538.0,0.00013129711151123048,-0.2912249326705933,1.2005212306976318,1.0,1.0,0.6521691679954529,0.008320347405970097,-1.3307533264160156,0.1584855020046234,0.3043561279773712,1.0,-0.08519189059734344,-4.812243461608887,4.897435188293457,0.000520206696819514,0.626388669013977,0.03681003302335739,44.323516845703125,0.005664062220603228,0.008706234395503998,1540.0,0.000379197,,,,,,,,,,,,,,,,,,,,,,,,,,,,,,,,,,,,,,,,,,,,,
7936000,-3.831350564956665,82.47826385498047,0.459866220735786,0.29384889602661135,0.882015585899353,6.579041481018066e-05,1.3089179992675781e-05,0.0038790643215179444,0.008793116807937621,0.026704883575439452,0.02528720736503601,0.006039483547210693,1.2026070356369019,57.35547,-2.8677733,84.57422,-3.936366,0.45703125,0.9991810385432504,0.9999795602763188,4170.626274146757,1548.0,0.0002451419830322266,-0.29360375404357913,1.2038073539733887,1.0,1.0,0.7559016942977905,-0.04711258411407471,-1.3739559650421143,0.12816554307937622,0.08533649146556854,1.0,-0.08376158028841019,-4.441910743713379,4.52567195892334,0.0006360328989103436,0.7658567428588867,0.03683650493621826,44.35538864135742,0.0054687499068677425,0.014566399157047272,1550.0,0.00037906185,,,,,,,,,,,,,,,,,,,,,,,,,,,,,,,,,,,,,,,,,,,,,
7987200,-3.923567533493042,83.90514373779297,0.4533762057877814,0.3149754524230957,0.8537630558013916,5.778670310974121e-05,1.2540817260742188e-05,0.0033508574962615965,0.008693079948425293,0.02423555850982666,0.025097850561141968,0.0054538226127624516,1.1930100679397584,53.492188,-2.6746092,87.55469,-4.1153297,0.42578125,0.9991858287113183,0.9999803351297578,4171.277500053428,1558.0,0.00023589134216308593,-0.31473956108093265,1.2042453289031982,1.0,1.0,0.5316769480705261,-0.02381080947816372,-1.3493309020996094,0.09585922956466675,0.20125386118888855,1.0,-0.08615605533123016,-4.952281475067139,5.038437366485596,0.0005535627715289593,0.666553258895874,0.036873139441013336,44.39950180053711,0.00449218787252903,-0.025411315262317657,1560.0,0.00037892666,,,,,,,,,,,,,,,,,,,,,,,,,,,,,,,,,,,,,,,,,,,,,
8007680,,,,,,,,,,,,,,,,,,,,,,,,,,,,,,,,,,,,,,,,,,,,,-5.488302537611592,110.796875,0.078125,0.0,0.0,0.0,0.0,0.0,0.0,0.0,0.0,1.0,0.0,0.0,0.0,-5.488302537611592,110.796875,0.078125,0.0,0.0,0.0,0.0,0.0,0.0,0.0,0.0,1.0,0.0,0.0,0.0,-5.488302537611592,110.796875,0.078125,0.0,0.0,0.0,0.0,0.0,0.0,0.0,0.0,1.0,0.0,0.0,0.0
8038400,-3.88565993309021,83.11128997802734,0.4386252045826514,0.24682440757751464,0.842757272720337,5.9953927993774415e-05,1.2159347534179688e-05,0.0047162103652954104,0.008282818794250489,0.01918902397155762,0.023249139785766603,0.005797091722488403,1.1088048219680786,55.128906,-2.756445,80.57422,-3.73872,0.4765625,0.9992251852038777,0.9999801963783885,4163.755469265653,1568.0,0.03136270046234131,-0.21546170711517332,1.2135164737701416,1.0,0.0,0.8475980162620544,0.07789938896894455,-1.3527699708938599,0.27648279070854187,0.2066708207130432,1.0,-0.08792044967412949,-5.349613666534424,5.437533855438232,0.0008146773325279355,0.980965256690979,0.036903977394104004,44.43663024902344,0.006054687313735485,0.026801392436027527,1570.0,0.0003787915,,,,,,,,,,,,,,,,,,,,,,,,,,,,,,,,,,,,,,,,,,,,,
8089600,-4.019011497497559,85.63105010986328,0.4240400667779633,0.26723084449768064,0.9136165380477905,6.902933120727538e-05,1.3828277587890625e-05,0.004189221858978271,0.009592777490615845,0.027600574493408202,0.025565909147262575,0.006226788759231567,1.2084890842437743,54.765625,-2.738281,84.80859,-3.9584408,0.44921875,0.9991878361752674,0.999977410695998,4164.086342513372,1578.0,0.0001669168472290039,-0.2670639276504516,1.21183443069458,1.0,1.0,1.0497157573699951,0.07213912159204483,-1.3438938856124878,0.32144320011138916,0.2551524341106415,1.0,-0.08940089493989944,-5.775949478149414,5.865349769592285,0.0008654461125843227,1.0420966148376465,0.036926187574863434,44.46337890625,0.00546875037252903,0.0010106712579727173,1580.0,0.00037865632,,,,,,,,,,,,,,,,,,,,,,,,,,,,,,,,,,,,,,,,,,,,,
8140800,-4.009655475616455,85.5,0.4278523489932886,0.3495800256729126,0.8266432285308838,5.268096923828125e-05,1.10626220703125e-05,0.0030142199993133546,0.008768800497055054,0.02173013687133789,0.024888635873794557,0.004578561782836914,1.19798743724823,55.710938,-2.7855468,79.421875,-3.6673431,0.5,0.9992920209518189,0.9999808148647383,4164.660172655576,1588.0,0.0001877307891845703,-0.349392294883728,1.2094690799713135,1.0,1.0,0.8619918823242188,0.08206219226121902,-1.3579707145690918,0.2841930389404297,0.18283173441886902,1.0,-0.08632800728082657,-4.708832740783691,4.795161247253418,0.0009144236100837588,1.1010711193084717,0.03692340850830078,44.46002960205078,0.007031249813735485,0.018129728734493256,1590.0,0.00037852116,,,,,,,,,,,,,,,,,,,,,,,,,,,,,,,,,,,,,,,,,,,,,
8192000,-4.116040229797363,87.58474731445312,0.41694915254237286,0.3170508861541748,0.8597321033477783,5.613207817077637e-05,1.1515617370605468e-05,0.0032311487197875977,0.008592206239700317,0.018671274185180664,0.02577802300453186,0.005296643972396851,1.1954885005950928,53.85547,-2.6927729,89.57422,-4.229351,0.40234375,0.9992450868665913,0.9999809941370602,4165.263893014924,1598.0,0.0002623081207275391,-0.3167885780334473,1.212886095046997,1.0,1.0,0.8451133966445923,0.016619794070720673,-1.369411826133728,0.21428485214710236,0.12568554282188416,1.0,-0.08994461596012115,-5.778730392456055,5.868675231933594,0.0010197918163612485,1.2279465198516846,0.036946430802345276,44.48774719238281,0.00390625,0.022052273154258728,1600.0,0.00037838597,,,,,,,,,,,,,,,,,,,,,,,,,,,,,,,,,,,,,,,,,,,,,
8243200,-3.82476544380188,82.2907943725586,0.4620355411954766,0.3350701332092285,0.8640130043029786,6.0176849365234376e-05,1.1682510375976562e-05,0.003487337827682495,0.008770360946655273,0.020121955871582033,0.025434406995773314,0.005414412021636963,1.2192394733428955,54.878906,-2.7439451,82.90234,-3.8656297,0.453125,0.9992140031720231,0.9999813839288945,4165.350643734007,1608.0,0.00030276775360107424,-0.33476736545562746,1.2133784294128418,1.0,0.0,0.6272215843200684,0.004031699150800705,-1.3304529190063477,0.14795637130737305,0.29434287548065186,1.0,-0.08736597001552582,-4.615072250366211,4.702437877655029,0.0003532797854859382,0.42538949847221375,0.0369756817817688,44.522972106933594,0.005273438058793545,0.03834908455610275,1610.0,0.0003782508,,,,,,,,,,,,,,,,,,,,,,,,,,,,,,,,,,,,,,,,,,,,,
8294400,-3.923431634902954,84.08265686035156,0.44570502431118314,0.34815201759338377,0.8322419404983521,5.5233240127563475e-05,1.1205673217773438e-05,0.0030491995811462403,0.008196624517440796,0.02153458595275879,0.025436712503433226,0.004841130971908569,1.20196213722229,52.226562,-2.6113276,88.28906,-4.1421204,0.421875,0.99920224614392,0.9999813742014958,4165.895490758547,1618.0,0.0003194332122802734,-0.3478325843811035,1.2069706916809082,1.0,1.0,0.865123987197876,0.07358692586421967,-1.350740671157837,0.27657055854797363,0.18971122801303864,1.0,-0.08799352496862411,-5.1119890213012695,5.199982643127441,0.0006887015188112855,0.8292758464813232,0.03701486065983772,44.57014465332031,0.005859375,0.008943118155002594,1620.0,0.00037811563,,,,,,,,,,,,,,,,,,,,,,,,,,,,,,,,,,,,,,,,,,,,,
8345600,-3.8676507472991943,83.0757827758789,0.45634266886326197,0.36818757057189944,0.8192969560623169,5.331754684448242e-05,1.163482666015625e-05,0.0029066896438598635,0.00863844633102417,0.020170927047729492,0.024781533479690553,0.004552096128463745,1.2076891899108886,55.246094,-2.7623043,84.8125,-3.9686131,0.453125,0.9992001758827348,0.9999816994285721,4166.278673537565,1628.0,0.0002429485321044922,-0.36794462203979494,1.2125780582427979,1.0,1.0,0.790499746799469,-0.08751502633094788,-1.36301851272583,0.09661457687616348,0.15735848248004913,1.0,-0.08795581758022308,-5.215553283691406,5.30350923538208,0.0006224443204700947,0.7494944930076599,0.037036146968603134,44.59577941894531,0.00449218787252903,0.046681031584739685,1630.0,0.00037798047,,,,,,,,,,,,,,,,,,,,,,,,,,,,,,,,,,,,,,,,,,,,,
8396800,-3.928164005279541,84.27642059326172,0.44552845528455287,0.3725512742996216,0.8095323801040649,5.315423011779785e-05,1.1110305786132813e-05,0.002859492301940918,0.008381098508834839,0.021551871299743654,0.024538370370864867,0.0046127080917358395,1.2036709308624267,52.785156,-2.6392574,87.22266,-4.0939445,0.40625,0.999214472391953,0.9999798160339446,4166.7061028918715,1638.0,0.00029027462005615234,-0.37226099967956544,1.2085864543914795,1.0,1.0,1.0282903909683228,0.1403491050004959,-1.325954556465149,0.3846379518508911,0.31236696243286133,1.0,-0.0900159552693367,-5.731606483459473,5.821622848510742,0.0010837869485840201,1.3050041198730469,0.03709768131375313,44.66987609863281,0.00742187537252903,0.09252016991376877,1640.0,0.0003778453,,,,,,,,,,,,,,,,,,,,,,,,,,,,,,,,,,,,,,,,,,,,,
8448000,-3.8945980072021484,83.411865234375,0.4382207578253707,0.39837870597839353,0.7937956809997558,4.721999168395996e-05,1.10626220703125e-05,0.0025967836380004885,0.007831872701644897,0.01453695297241211,0.025249639749526976,0.003936331272125244,1.2067444801330567,55.007812,-2.75039,85.44531,-3.9961665,0.4296875,0.9992961237337286,0.9999817048589918,4167.089451557533,1648.0,0.0003756046295166016,-0.39800310134887695,1.2298431396484375,1.0,0.0,0.7373006343841553,0.01228407584130764,-1.3735511302947998,0.182907372713089,0.07199005782604218,1.0,-0.08803029358386993,-5.050634384155273,5.138664245605469,0.0005926926387473941,0.7136700749397278,0.03712445870041847,44.702117919921875,0.004687500186264515,0.00684288889169693,1650.0,0.00037771012,,,,,,,,,,,,,,,,,,,,,,,,,,,,,,,,,,,,,,,,,,,,,
8499200,-3.9341468811035156,84.12480163574219,0.44,0.32549214363098145,0.8653825759887696,6.0051679611206055e-05,1.1610984802246094e-05,0.0034144723415374754,0.009230444431304932,0.019146203994750977,0.025362987518310547,0.005168155431747436,1.2100544929504395,49.625,-2.4812498,85.68359,-4.0245314,0.43359375,0.9992369294727443,0.9999818534196078,4167.461179153822,1658.0,0.0002147197723388672,-0.32527742385864256,1.2078843116760254,1.0,1.0,1.1270946264266968,0.1545684039592743,-1.3614673614501953,0.42284834384918213,0.15488293766975403,1.0,-0.08921100199222565,-5.170871734619141,5.260082244873047,0.0009368839673697948,1.1281161308288574,0.037160567939281464,44.74559783935547,0.00742187537252903,0.01305253803730011,1660.0,0.00037757494,,,,,,,,,,,,,,,,,,,,,,,,,,,,,,,,,,,,,,,,,,,,,
8550400,-3.911839008331299,84.07325744628906,0.45826235093696766,0.34631712436676027,0.8414805173873902,5.650520324707031e-05,1.1682510375976562e-05,0.0032028627395629884,0.008293665647506714,0.024618864059448242,0.025606257915496825,0.004883275032043457,1.2124513626098632,56.847656,-2.8423824,85.33203,-3.968494,0.44921875,0.9992522861584454,0.999980886420187,4167.71178733205,1668.0,0.00027501583099365234,-0.3460421085357666,1.2095775604248047,1.0,1.0,0.6280272006988525,-0.07103236019611359,-1.3702501058578491,0.07234255969524384,0.10728830099105835,1.0,-0.08499474823474884,-4.381619453430176,4.466614246368408,0.0005342859076336026,0.6433416604995728,0.03721501678228378,44.81116485595703,0.005078125279396772,0.010061852633953094,1670.0,0.00037743978,,,,,,,,,,,,,,,,,,,,,,,,,,,,,,,,,,,,,,,,,,,,,
8601600,-3.916799783706665,83.75757598876953,0.43221690590111644,0.34991767406463625,0.8509288787841797,5.710482597351074e-05,1.0967254638671875e-05,0.0032638275623321535,0.008651587963104248,0.01308281421661377,0.025636520385742188,0.0049056077003479005,1.2139622926712037,51.70703,-2.5853515,85.359375,-4.010005,0.40234375,0.9992526872103714,0.9999819118342738,4167.9607432151115,1678.0,0.00022144317626953124,-0.3496962308883667,1.2082359790802002,1.0,1.0,0.6387073397636414,-0.015293998643755913,-1.317373275756836,0.13172835111618042,0.33659327030181885,1.0,-0.08837119489908218,-5.318495750427246,5.406867027282715,0.000911937968339771,1.0980782508850098,0.03725177422165871,44.85541915893555,0.0048828125,0.06713006645441055,1680.0,0.00037730462,,,,,,,,,,,,,,,,,,,,,,,,,,,,,,,,,,,,,,,,,,,,,
8652800,-3.729926109313965,80.38325500488281,0.4605475040257649,0.3483200311660767,0.8332820415496827,5.429267883300781e-05,1.1730194091796876e-05,0.0030869638919830324,0.008416271209716797,0.027902555465698243,0.025418078899383544,0.004658215045928955,1.209539794921875,56.714844,-2.835742,82.72266,-3.8446841,0.4453125,0.9992732268276782,0.999980623583925,4168.28049532878,1688.0,0.00013206005096435546,-0.34818797111511235,1.2393043041229248,1.0,0.0,0.8382800817489624,0.054012738168239594,-1.3588976860046387,0.2501635253429413,0.17391805350780487,1.0,-0.08880580961704254,-5.409316062927246,5.49812126159668,0.0007653661305084825,0.9215887784957886,0.037268973886966705,44.87613296508789,0.0044921874068677425,0.03439326584339142,1690.0,0.00037716943,,,,,,,,,,,,,,,,,,,,,,,,,,,,,,,,,,,,,,,,,,,,,
8704000,-3.8595314025878906,82.95921325683594,0.4632952691680261,0.332912802696228,0.8515237092971801,5.681633949279785e-05,1.1515617370605468e-05,0.003237476348876953,0.008359323740005493,0.019193458557128906,0.025634692907333376,0.005256268978118896,1.2036650896072387,58.066406,-2.90332,79.3125,-3.6580713,0.51171875,0.9992576330949708,0.9999803903597979,4168.764364463683,1698.0,0.0001863241195678711,-0.33272647857666016,1.2125916481018066,1.0,1.0,0.5529147386550903,-0.013467192649841309,-1.368229866027832,0.11117894947528839,0.13358277082443237,1.0,-0.0874035656452179,-4.739355087280273,4.82675838470459,0.0003687972202897072,0.44407424330711365,0.03729618340730667,44.908897399902344,0.005078124813735485,0.00510629266500473,1700.0,0.00037703427,,,,,,,,,,,,,,,,,,,,,,,,,,,,,,,,,,,,,,,,,,,,,
8755200,-3.924053430557251,83.9105453491211,0.44089456869009586,0.35271923542022704,0.8477803230285644,5.5066347122192384e-05,1.3017654418945313e-05,0.003169482946395874,0.008942066431045533,0.025405621528625487,0.02515928268432617,0.005032474994659424,1.2259411811828613,52.878906,-2.6439447,84.33203,-3.951367,0.42578125,0.999277106414323,0.9999812523215811,4168.762532580226,1708.0,0.00015523433685302735,-0.352564001083374,1.215937852859497,1.0,1.0,0.9591662883758545,0.06071055680513382,-1.3725965023040771,0.2868121862411499,0.08042590320110321,1.0,-0.0910409688949585,-5.691473484039307,5.782514572143555,0.0006135488511063159,0.7387833595275879,0.03732404485344887,44.94244384765625,0.0062500000931322575,0.01857537031173706,1710.0,0.0003768991,,,,,,,,,,,,,,,,,,,,,,,,,,,,,,,,,,,,,,,,,,,,,
8806400,-3.8819479942321777,83.22441864013672,0.4438943894389439,0.28501157760620116,0.8917766094207764,6.501078605651856e-05,1.3184547424316406e-05,0.0037709391117095948,0.009744313955307006,0.023997116088867187,0.02520840287208557,0.005764981508255005,1.2008229732513427,55.871094,-2.7935543,82.26953,-3.8245754,0.453125,0.9992109629866167,0.9999796093274204,4169.223996688409,1718.0,0.0001669645309448242,-0.2848446130752563,1.213369607925415,1.0,1.0,0.72737717628479,-0.08716921508312225,-1.3745179176330566,0.08097384870052338,0.08889555931091309,1.0,-0.08926120400428772,-5.091305732727051,5.180566787719727,0.0007327956845983863,0.8823702335357666,0.03734629973769188,44.96923828125,0.004687500186264515,-0.06240292638540268,1720.0,0.00037676393,,,,,,,,,,,,,,,,,,,,,,,,,,,,,,,,,,,,,,,,,,,,,
8857600,-4.107409477233887,87.3851318359375,0.4222972972972973,0.2896890640258789,0.895659613609314,6.614208221435547e-05,1.2040138244628906e-05,0.0038703322410583497,0.009597424268722534,0.021330809593200682,0.025352942943572997,0.005860836505889893,1.2067132711410522,53.79297,-2.6896482,87.734375,-4.1359878,0.4140625,0.9992116951915403,0.9999819809933859,4169.558210070225,1728.0,0.00012378692626953126,-0.2895652770996094,1.2097291946411133,1.0,1.0,0.6193076968193054,-0.04362852871417999,-1.3104944229125977,0.09866583347320557,0.3387748599052429,1.0,-0.08924675732851028,-5.032636642456055,5.121883392333984,0.0006509470986202359,0.7838151454925537,0.03738635033369064,45.0174674987793,0.003710937686264515,0.023202158510684967,1730.0,0.00037662874,,,,,,,,,,,,,,,,,,,,,,,,,,,,,,,,,,,,,,,,,,,,,
8908800,-3.699540615081787,80.0441665649414,0.5031545741324921,0.2976824283599854,0.8896165609359741,6.447315216064454e-05,1.2660026550292969e-05,0.0037199699878692626,0.009499889612197877,0.021785664558410644,0.0254955530166626,0.005666276216506958,1.2091210603713989,55.558594,-2.7779293,82.26953,-3.7968032,0.51171875,0.9992206516172565,0.9999803605352212,4169.874940157838,1738.0,0.00016765594482421876,-0.29751477241516117,1.2067844867706299,1.0,1.0,0.6764943599700928,-0.008634824305772781,-1.37745201587677,0.14673291146755219,0.053344015032052994,1.0,-0.08794032782316208,-4.627985954284668,4.715926170349121,0.0006128845852799714,0.7379835247993469,0.037399470806121826,45.03326416015625,0.0052734375931322575,0.004354439675807953,1740.0,0.00037649358,,,,,,,,,,,,,,,,,,,,,,,,,,,,,,,,,,,,,,,,,,,,,
8960000,-4.008565425872803,85.91077423095703,0.4494949494949495,0.29696204662323,0.8769696712493896,6.193399429321289e-05,1.1801719665527344e-05,0.003590106964111328,0.008989431858062745,0.023219847679138185,0.02563348174095154,0.005540500879287719,1.1971850633621215,56.21875,-2.8109374,83.15234,-3.8589652,0.46484375,0.9992467669784775,0.9999818774128059,4170.389111693007,1748.0,0.00015320777893066407,-0.2968088388442993,1.2095670700073242,1.0,1.0,0.8103259205818176,0.03654203936457634,-1.3489946126937866,0.22593140602111816,0.23178625106811523,1.0,-0.08958353102207184,-5.068667888641357,5.15825080871582,0.0006827680626884103,0.8221312165260315,0.037414852529764175,45.051788330078125,0.00546875037252903,0.009357079863548279,1750.0,0.0003763584,,,,,,,,,,,,,,,,,,,,,,,,,,,,,,,,,,,,,,,,,,,,,
9011200,-4.091230392456055,87.14115905761719,0.4166666666666667,0.336458158493042,0.8717060089111328,6.084680557250977e-05,1.125335693359375e-05,0.003508573770523071,0.009449750185012817,0.02010517120361328,0.0250084912776947,0.005524517297744751,1.2283011674880981,56.066406,-2.80332,84.26953,-3.945828,0.44140625,0.9992400853345003,0.9999832487960436,4170.329694528159,1758.0,0.0002613067626953125,-0.3361968517303467,3.8036489486694336,0.0,1.0,0.652673602104187,0.0007274476811289787,-1.3605785369873047,0.1504172831773758,0.14229170978069305,1.0,-0.09026247262954712,-5.045130252838135,5.135392665863037,0.0009110873797908425,1.0970540046691895,0.037446677684783936,45.090110778808594,0.00546875037252903,0.23922356963157654,1760.0,0.00037622324,-5.702198168927646,114.484375,0.046875,0.0,0.0,0.0,0.0,0.0,0.0,0.0,0.0,1.0,0.0,0.0,0.0,-5.702198168927646,114.484375,0.046875,0.0,0.0,0.0,0.0,0.0,0.0,0.0,0.0,1.0,0.0,0.0,0.0,-5.702198168927646,114.484375,0.046875,0.0,0.0,0.0,0.0,0.0,0.0,0.0,0.0,1.0,0.0,0.0,0.0
9062400,-3.890889883041382,83.32044982910156,0.44122383252818037,0.23337159156799317,0.8305222511291503,5.956411361694336e-05,1.1491775512695313e-05,0.004097265005111694,0.0085590660572052,0.019465327262878418,0.023341063261032104,0.005437276363372803,1.083390974998474,53.94922,-2.6974607,81.63281,-3.811865,0.44140625,0.9992323443212886,0.9999812502933768,4165.417378825187,1768.0,0.021032500267028808,-0.21233909130096437,1.1947805881500244,1.0,0.0,1.0907853841781616,0.12043330818414688,-1.3626229763031006,0.37963157892227173,0.16461485624313354,1.0,-0.09205517172813416,-5.738433837890625,5.830488204956055,0.0010983648244291544,1.3225576877593994,0.037538398057222366,45.2005500793457,0.0062500000931322575,0.03611696511507034,1770.0,0.00037608805,,,,,,,,,,,,,,,,,,,,,,,,,,,,,,,,,,,,,,,,,,,,,
9113600,-3.8166520595550537,81.95707702636719,0.4642289348171701,0.29139301776885984,0.8889626264572144,6.62398338317871e-05,1.4257431030273437e-05,0.0039247083663940426,0.00952591300010681,0.023899102210998537,0.02502020835876465,0.005875418186187744,1.2042933464050294,52.578125,-2.6289058,78.05469,-3.6147065,0.484375,0.9991980860271318,0.9999797868708659,4165.805334249951,1778.0,0.00013735294342041016,-0.2912556648254394,1.195415735244751,1.0,1.0,0.9667873978614807,0.057724729180336,-1.3673659563064575,0.28583812713623047,0.14418885111808777,1.0,-0.08945795148611069,-4.845134735107422,4.934593200683594,0.0006772219785489142,0.8154531121253967,0.037591926753520966,45.26499938964844,0.0068359375,0.013937801122665405,1780.0,0.0003759529,,,,,,,,,,,,,,,,,,,,,,,,,,,,,,,,,,,,,,,,,,,,,
9164800,-3.771898031234741,81.3462142944336,0.4782608695652174,0.2854472637176514,0.8797555446624756,6.365180015563965e-05,1.2135505676269531e-05,0.003761488199234009,0.008701390027999878,0.02322697639465332,0.02559290885925293,0.00583324670791626,1.1884655475616455,55.25,-2.7624998,82.28125,-3.8386102,0.453125,0.9992022411503294,0.9999801195068402,4166.470406980942,1788.0,0.0002466440200805664,-0.2852006196975708,1.1996352672576904,1.0,1.0,0.8764277696609497,0.014975355938076973,-1.3230037689208984,0.2213784158229828,0.3242216110229492,1.0,-0.0902048647403717,-5.323896408081055,5.414101600646973,0.0005567639600485563,0.6704078316688538,0.03762578219175339,45.30577087402344,0.00546875037252903,0.024556823074817657,1790.0,0.0003758177,,,,,,,,,,,,,,,,,,,,,,,,,,,,,,,,,,,,,,,,,,,,,
9216000,-3.9208240509033203,84.01290130615234,0.4306451612903226,0.28600122928619387,0.8926666975021362,6.635785102844238e-05,1.3375282287597657e-05,0.0038632428646087646,0.009500217437744141,0.027786612510681152,0.025244112014770507,0.005924128293991089,1.2064917802810669,51.78125,-2.5890617,85.10547,-3.9843605,0.4140625,0.999209639766722,0.999980218928833,4166.846450023964,1798.0,0.0002219676971435547,-0.2857792615890503,1.1976935863494873,1.0,1.0,0.6748955845832825,0.022510608658194542,-1.3714529275894165,0.17758634686470032,0.11789079010486603,1.0,-0.09025060385465622,-5.087121963500977,5.177372455596924,0.0008521659183315933,1.0261057615280151,0.03763933479785919,45.322086334228516,0.00449218787252903,0.09326700866222382,1800.0,0.00037568255,,,,,,,,,,,,,,,,,,,,,,,,,,,,,,,,,,,,,,,,,,,,,
9267200,-3.9871277809143066,85.18505859375,0.45161290322580644,0.2502743721008301,0.9065146684646607,7.050275802612304e-05,1.5044212341308594e-05,0.004165626764297485,0.009292812347412109,0.029325532913208007,0.02538284182548523,0.006376724243164062,1.186154556274414,55.789062,-2.7894526,84.06641,-3.928166,0.4609375,0.9991787119140373,0.9999789752665518,4167.568586115827,1808.0,9.810924530029297e-05,-0.2501762628555298,1.193962812423706,1.0,0.0,0.6361279487609863,-0.10628484189510345,-1.3554637432098389,0.03940591588616371,0.2105971723794937,1.0,-0.08969708532094955,-4.783273220062256,4.8729705810546875,0.000770591024775058,0.9278802275657654,0.03764113411307335,45.324256896972656,0.0037109374534338713,0.003065072000026703,1810.0,0.00037554736,,,,,,,,,,,,,,,,,,,,,,,,,,,,,,,,,,,,,,,,,,,,,
9318400,-3.9308619499206543,84.44426727294922,0.4507269789983845,0.3242276906967163,0.8593034029006958,6.004691123962402e-05,1.125335693359375e-05,0.003435511589050293,0.009400140047073364,0.027436995506286622,0.02462654232978821,0.0054106485843658444,1.2110013961791992,51.60547,-2.5802732,80.49609,-3.7175329,0.484375,0.9992486778614285,0.9999817888578523,4167.886886380196,1818.0,0.00019538402557373047,-0.3240323066711426,1.2019093036651611,1.0,1.0,0.7743018865585327,-0.026949912309646606,-1.3648264408111572,0.15306949615478516,0.11914392560720444,1.0,-0.09058357775211334,-4.980169296264648,5.07075309753418,0.000759707298129797,0.9147749543190002,0.03765992075204849,45.34687805175781,0.00527343712747097,0.026500098407268524,1820.0,0.0003754122,,,,,,,,,,,,,,,,,,,,,,,,,,,,,,,,,,,,,,,,,,,,,
9369600,-4.081486225128174,87.06076049804688,0.4479166666666667,0.2765408277511597,0.8913773536682129,6.43622875213623e-05,1.277923583984375e-05,0.003756697177886963,0.009627223014831543,0.02532694339752197,0.025397459268569945,0.005687458515167236,1.1932817697525024,55.71875,-2.7859373,83.515625,-3.883223,0.484375,0.9991997234552389,0.9999799999460538,4168.423454364108,1828.0,0.0002012491226196289,-0.27633957862854003,1.1959781646728516,1.0,1.0,0.722604513168335,-0.01650065928697586,-1.3359649181365967,0.15124821662902832,0.2668907046318054,1.0,-0.08935785293579102,-4.752452850341797,4.84181022644043,0.0005488683236762881,0.6609005928039551,0.037677548825740814,45.36809539794922,0.004687500186264515,0.004954338073730469,1830.0,0.000375277,,,,,,,,,,,,,,,,,,,,,,,,,,,,,,,,,,,,,,,,,,,,,
9420800,-3.9483630657196045,84.36000061035156,0.42833333333333334,0.36246018409729003,0.8021177291870117,5.07652759552002e-05,9.918212890625e-06,0.002781614065170288,0.008252121210098266,0.022506451606750487,0.024849027395248413,0.004144376516342163,1.1871154069900514,58.0,-2.8999994,84.06641,-3.9327898,0.4296875,0.9993022970190519,0.9999822057013295,4169.110332846591,1838.0,0.0002560138702392578,-0.36220417022705076,1.2015669345855713,1.0,1.0,0.9239341616630554,-0.005211787298321724,-1.371488094329834,0.21214036643505096,0.10835374146699905,1.0,-0.09293054044246674,-5.593533992767334,5.686464786529541,0.0008615239057689905,1.0373740196228027,0.037721388041973114,45.4208869934082,0.0052734375931322575,0.03197137266397476,1840.0,0.00037514186,,,,,,,,,,,,,,,,,,,,,,,,,,,,,,,,,,,,,,,,,,,,,
9472000,-4.023257732391357,85.89632415771484,0.44648829431438125,0.3669616460800171,0.7950997114181518,4.999995231628418e-05,1.0204315185546874e-05,0.0028050971031188966,0.007350528240203857,0.020879673957824706,0.025320290327072142,0.004200384616851806,1.1829712629318236,57.351562,-2.867578,85.125,-4.005558,0.4296875,0.9992784469436308,0.9999830704588758,4169.887137817904,1848.0,0.0001528024673461914,-0.3668088436126709,1.2250103950500488,1.0,0.0,1.0866841077804565,0.059306755661964417,-1.2941030263900757,0.31883716583251953,0.42971071600914,1.0,-0.09284892678260803,-5.5113701820373535,5.604219436645508,0.0009284027037210763,1.1179035902023315,0.03776055946946144,45.468055725097656,0.0052734375931322575,0.03168420493602753,1850.0,0.0003750067,,,,,,,,,,,,,,,,,,,,,,,,,,,,,,,,,,,,,,,,,,,,,
9523200,-3.9259870052337646,83.82797241210938,0.4292604501607717,0.3608042478561401,0.83269202709198,5.564451217651367e-05,1.0848045349121094e-05,0.003118915557861328,0.00847043514251709,0.018607211112976075,0.0252595317363739,0.004699195623397827,1.2121355056762695,53.67578,-2.6837888,85.14453,-4.0094204,0.3984375,0.9992583384668596,0.9999825336608613,4170.165980450303,1858.0,0.00021448135375976563,-0.36058976650238034,1.1968610286712646,1.0,1.0,0.8946261405944824,0.012111460790038109,-1.3608940839767456,0.22231198847293854,0.1411135345697403,1.0,-0.09366050362586975,-5.5615339279174805,5.655194282531738,0.0009555987780913711,1.1506507396697998,0.03778812289237976,45.501243591308594,0.005664062686264515,0.024914167821407318,1860.0,0.0003748715,,,,,,,,,,,,,,,,,,,,,,,,,,,,,,,,,,,,,,,,,,,,,
9574400,-3.8630564212799072,83.30681610107422,0.46266233766233766,0.3466410398483276,0.819602632522583,5.3278207778930665e-05,1.125335693359375e-05,0.0029580330848693846,0.008129539489746094,0.017670512199401855,0.025271979570388795,0.0045369756221771244,1.1839481592178345,53.21875,-2.6609373,83.15625,-3.864471,0.45703125,0.9992599913673902,0.9999808088805143,4170.8799796862095,1868.0,0.0002533674240112305,-0.3463876724243164,1.1951658725738525,1.0,1.0,0.9061387777328491,-0.04528694972395897,-1.3090107440948486,0.16875427961349487,0.33492088317871094,1.0,-0.09333265572786331,-5.642246246337891,5.735579490661621,0.0006013138918206096,0.7240510582923889,0.037818215787410736,45.5374755859375,0.0052734375931322575,0.19167384505271912,1870.0,0.00037473635,,,,,,,,,,,,,,,,,,,,,,,,,,,,,,,,,,,,,,,,,,,,,
9625600,-4.008695125579834,85.35919189453125,0.42495784148397975,0.3358472347259521,0.8475210905075073,6.031394004821777e-05,1.201629638671875e-05,0.003452037572860718,0.009005126953125,0.025881123542785645,0.024707555770874023,0.005118356943130493,1.2092835903167725,55.492188,-2.774609,86.02734,-4.0537186,0.421875,0.9992292027725858,0.9999817038415821,4171.1576569922645,1878.0,0.0001975536346435547,-0.33564968109130855,1.200692892074585,1.0,1.0,0.8459556698799133,0.05627718195319176,-1.291692852973938,0.2557065784931183,0.4140637218952179,1.0,-0.09644696116447449,-6.531012535095215,6.6274590492248535,0.0008360738283954561,1.006729006767273,0.037875253707170486,45.606163024902344,0.005859375,0.20041191577911377,1880.0,0.00037460116,,,,,,,,,,,,,,,,,,,,,,,,,,,,,,,,,,,,,,,,,,,,,
9676800,-3.9205451011657715,83.86088562011719,0.4320785597381342,0.31606407165527345,0.8621018409729004,6.34300708770752e-05,1.1229515075683594e-05,0.003659577369689941,0.008725806474685668,0.019387221336364745,0.025194013118743898,0.005428067445755005,1.1975840330123901,55.339844,-2.7669916,82.38281,-3.8445234,0.4453125,0.9992066466566214,0.9999835756554583,4171.652550021602,1888.0,0.00011723041534423828,-0.3159468412399292,1.215653657913208,1.0,0.0,1.2417510747909546,0.08260393142700195,-1.3658523559570312,0.3794838488101959,0.12692734599113464,1.0,-0.09690158069133759,-6.19379186630249,6.290693283081055,0.0008079560357145965,0.9728718996047974,0.037889838218688965,45.62371826171875,0.0052734375931322575,0.13932976126670837,1890.0,0.000374466,,,,,,,,,,,,,,,,,,,,,,,,,,,,,,,,,,,,,,,,,,,,,
9728000,-3.809385299682617,82.08082580566406,0.4722662440570523,0.3213401556015015,0.8516184329986572,6.0577392578125e-05,1.0967254638671875e-05,0.0034140753746032715,0.008757266998291015,0.01756153106689453,0.02504777193069458,0.005267963409423828,1.190553331375122,53.023438,-2.6511717,81.046875,-3.7525158,0.4765625,0.9992187453194289,0.9999813158698195,4172.292625916537,1898.0,0.00017104148864746093,-0.32116911411285404,1.2007524967193604,1.0,1.0,1.5459020137786865,0.2130647748708725,-1.3675923347473145,0.5859458446502686,0.1244090273976326,1.0,-0.09711411595344543,-6.355188369750977,6.452302932739258,0.0017496237996965647,2.106748104095459,0.037925414741039276,45.66655731201172,0.005664062686264515,0.23338645696640015,1900.0,0.00037433082,,,,,,,,,,,,,,,,,,,,,,,,,,,,,,,,,,,,,,,,,,,,,
9779200,-3.7435429096221924,81.06040954589844,0.4864864864864865,0.3547735929489136,0.8041022300720215,5.057692527770996e-05,1.1444091796875e-05,0.0028069949150085448,0.008631118535995484,0.027091503143310547,0.024589093923568724,0.0040991115570068355,1.186000156402588,53.85547,-2.6927729,80.97266,-3.735391,0.5078125,0.9992982074744091,0.999981967838343,4172.933059759494,1908.0,0.0002591371536254883,-0.3545144557952881,1.202632188796997,1.0,1.0,0.5340791344642639,0.012547600083053112,-1.3692710399627686,0.1324615627527237,0.12369212508201599,1.0,-0.09123817831277847,-4.431700706481934,4.5229387283325195,0.0005070484476163983,0.6105445623397827,0.03794294595718384,45.68767166137695,0.005859375,0.04413381218910217,1910.0,0.00037419566,,,,,,,,,,,,,,,,,,,,,,,,,,,,,,,,,,,,,,,,,,,,,
9830400,-3.6308562755584717,79.01229095458984,0.4946236559139785,0.36063711643218993,0.8246787786483765,5.380511283874512e-05,1.2111663818359374e-05,0.002978665828704834,0.008729276657104492,0.02210383415222168,0.024744579792022704,0.004697401523590088,1.2074537754058838,52.929688,-2.6464844,75.52734,-3.4329543,0.53125,0.9992673506596721,0.9999818340795117,4173.218706778085,1918.0,0.00023851394653320312,-0.36039860248565675,1.1953506469726562,1.0,1.0,0.8347905278205872,0.018283860757946968,-1.3497412204742432,0.2137407809495926,0.1890435516834259,1.0,-0.09269805252552032,-4.5173444747924805,4.610042572021484,0.0006340057007037103,0.7634158134460449,0.03796955943107605,45.71971893310547,0.0068359375,0.0169823095202446,1920.0,0.00037406047,,,,,,,,,,,,,,,,,,,,,,,,,,,,,,,,,,,,,,,,,,,,,
9881600,-3.956186532974243,84.73805236816406,0.4497528830313015,0.3182556390762329,0.8592533111572266,6.235837936401367e-05,1.2302398681640625e-05,0.0036587226390838623,0.008610574007034301,0.0186553955078125,0.02517594814300537,0.005420764684677124,1.1962007284164429,52.007812,-2.6003904,84.33203,-3.925299,0.44921875,0.9992016858299804,0.9999798693681443,4173.711230803634,1928.0,0.0002044677734375,-0.31805117130279537,1.2001194953918457,1.0,1.0,0.8270832896232605,0.07610107958316803,-1.264411449432373,0.271217942237854,0.46140122413635254,1.0,-0.0951528400182724,-5.434107303619385,5.529260158538818,0.0009574074065312743,1.1528286933898926,0.038035307079553604,45.798885345458984,0.006250000558793545,0.018693961203098297,1930.0,0.00037392532,,,,,,,,,,,,,,,,,,,,,,,,,,,,,,,,,,,,,,,,,,,,,
9932800,-3.9434144496917725,84.17508697509766,0.4393939393939394,0.33847286701202395,0.829546332359314,5.4525136947631834e-05,1.1157989501953124e-05,0.003015950918197632,0.008566992282867432,0.0232755184173584,0.02495920777320862,0.0048489511013031,1.1913289546966552,56.695312,-2.8347654,83.82422,-3.9176166,0.4453125,0.9992359822663273,0.9999806275853819,4174.248125419179,1938.0,0.00023324489593505858,-0.3382396221160889,1.1981875896453857,1.0,1.0,1.0374431610107422,0.07070139795541763,-1.3612260818481445,0.3166302442550659,0.17068246006965637,1.0,-0.09650824218988419,-5.4330244064331055,5.529532432556152,0.0008788582636043429,1.058246374130249,0.03806736320257187,45.837486267089844,0.0054687499068677425,0.057283930480480194,1940.0,0.00037379013,,,,,,,,,,,,,,,,,,,,,,,,,,,,,,,,,,,,,,,,,,,,,
9984000,-3.802494525909424,81.7496109008789,0.4522691705790297,0.3529735803604126,0.828350019454956,5.470514297485351e-05,1.10626220703125e-05,0.0031020617485046386,0.008498313426971436,0.017056894302368165,0.024951114654541015,0.0047811329364776615,1.1984126567840576,52.640625,-2.632031,84.28125,-3.9356356,0.4375,0.9992714900085823,0.9999823933399477,4174.61201726535,1948.0,0.00024313926696777343,-0.3527304410934448,1.2021582126617432,1.0,1.0,0.6859678030014038,0.024700969457626343,-1.3532840013504028,0.18286478519439697,0.1665661334991455,1.0,-0.09648986160755157,-5.388617038726807,5.485106468200684,0.0005221461760811508,0.6287239789962769,0.03807585686445236,45.84770965576172,0.005859375,0.031497783958911896,1950.0,0.00037365497,,,,,,,,,,,,,,,,,,,,,,,,,,,,,,,,,,,,,,,,,,,,,
10014720,,,,,,,,,,,,,,,,,,,,,,,,,,,,,,,,,,,,,,,,,,,,,-5.898323005748283,118.140625,0.015625,0.0,0.0,0.0,0.0,0.0,0.0,0.0,0.0,1.0,0.0,0.0,0.0,-5.898323005748283,118.140625,0.015625,0.0,0.0,0.0,0.0,0.0,0.0,0.0,0.0,1.0,0.0,0.0,0.0,-5.898323005748283,118.140625,0.015625,0.0,0.0,0.0,0.0,0.0,0.0,0.0,0.0,1.0,0.0,0.0,0.0
10035200,-3.8746564388275146,82.74468231201172,0.4402618657937807,0.18560175895690917,0.876300859451294,6.99162483215332e-05,1.4710426330566407e-05,0.0045694422721862795,0.009056721925735473,0.028667116165161134,0.02354404091835022,0.006538245677947998,1.0906079053878783,55.152344,-2.7576172,82.48828,-3.8582933,0.44921875,0.9991629374859644,0.999978488705182,4169.200661673894,1958.0,0.020983004570007326,-0.16461875438690185,1.2127254009246826,1.0,1.0,1.0762193202972412,0.08770854771137238,-1.3479392528533936,0.34356188774108887,0.24270513653755188,1.0,-0.09834703803062439,-6.155614376068115,6.253961086273193,0.0007621932309120893,0.9177682995796204,0.03811970725655556,45.9005126953125,0.006054687313735485,0.05548431724309921,1960.0,0.00037351978,,,,,,,,,,,,,,,,,,,,,,,,,,,,,,,,,,,,,,,,,,,,,
10086400,-3.9878551959991455,85.14802551269531,0.42598684210526316,0.24727411270141603,0.9214562177658081,7.001996040344238e-05,1.3279914855957032e-05,0.004202481508255005,0.010051075220108032,0.02978470325469971,0.02547178268432617,0.006240384578704834,1.1985531091690063,52.92578,-2.6462886,84.71484,-3.9552028,0.4453125,0.9991954704786128,0.9999793121122152,4169.637661456007,1968.0,0.0002811431884765625,-0.24699296951293948,1.207092523574829,1.0,0.0,0.6593201756477356,0.01128394529223442,-1.3747334480285645,0.1623855084180832,0.05646099895238876,1.0,-0.0945848673582077,-4.044651985168457,4.139236927032471,0.000553090765606612,0.6659848690032959,0.03815286606550217,45.94043731689453,0.005664062686264515,0.049700379371643066,1970.0,0.00037338462,,,,,,,,,,,,,,,,,,,,,,,,,,,,,,,,,,,,,,,,,,,,,
10137600,-4.013243198394775,85.47377014160156,0.42978003384094754,0.277240514755249,0.905078125,6.841182708740234e-05,1.2111663818359374e-05,0.004004893302917481,0.009287657737731934,0.025826120376586915,0.025882660150527953,0.0059686946868896485,1.2081794500350953,55.601562,-2.7800777,87.74219,-4.1434517,0.40625,0.9990809954699639,0.9999813121805372,4169.935677189576,1978.0,0.00020992755889892578,-0.2770305871963501,1.2150022983551025,1.0,1.0,0.5655345320701599,0.027344822883605957,-1.345574140548706,0.15554606914520264,0.2474396824836731,1.0,-0.09764140844345093,-5.747659683227539,5.845300674438477,0.0005363303353078663,0.6458033323287964,0.038204364478588104,46.00244903564453,0.005078124813735485,0.09662850201129913,1980.0,0.00037324944,,,,,,,,,,,,,,,,,,,,,,,,,,,,,,,,,,,,,,,,,,,,,
10188800,-3.7660105228424072,81.47468566894531,0.4873417721518987,0.2439816951751709,0.9436894178390502,7.45391845703125e-05,1.277923583984375e-05,0.004476736783981323,0.009890730381011964,0.026607060432434083,0.026049703359603882,0.00665356993675232,1.2143141508102417,54.460938,-2.7230463,83.41406,-3.8877568,0.45703125,0.9991694037192351,0.9999808961068838,4170.11234368246,1988.0,0.00011661052703857422,-0.24386508464813234,1.212815284729004,1.0,1.0,0.563164234161377,-0.008373642340302467,-1.3052020072937012,0.12009276449680328,0.39702308177948,1.0,-0.09614269435405731,-4.606995582580566,4.70313835144043,0.000688494648784399,0.8290266990661621,0.038282863795757294,46.09696578979492,0.0048828125,0.13488656282424927,1990.0,0.00037311428,,,,,,,,,,,,,,,,,,,,,,,,,,,,,,,,,,,,,,,,,,,,,
10240000,-3.9038937091827393,83.45846557617188,0.43130990415335463,0.28833370208740233,0.9132899045944214,6.844878196716309e-05,1.3017654418945313e-05,0.004122837781906128,0.009534372091293335,0.024171996116638183,0.025819270610809325,0.00608325719833374,1.2258318424224854,50.378906,-2.5189452,80.67578,-3.7326353,0.4765625,0.9992048797379951,0.9999810561540329,4170.085945287857,1998.0,0.00011768341064453126,-0.2882160186767578,1.2095918655395508,1.0,1.0,0.8011056780815125,0.08934174478054047,-1.3685665130615234,0.2760109007358551,0.10939384251832962,1.0,-0.09801091253757477,-4.42897891998291,4.526989936828613,0.000617358717136085,0.7433708906173706,0.038317300379276276,46.1384391784668,0.007617187686264515,0.02774602174758911,2000.0,0.0003729791,,,,,,,,,,,,,,,,,,,,,,,,,,,,,,,,,,,,,,,,,,,,,
10291200,-3.871577501296997,83.26465606689453,0.4639865996649916,0.2745806694030762,0.9044489383697509,6.788253784179688e-05,1.4281272888183593e-05,0.004006708860397339,0.009712198972702027,0.030748319625854493,0.025334744453430175,0.006064717769622803,1.2098158597946167,56.203125,-2.8101559,82.22266,-3.8245819,0.46875,0.9991996380788805,0.9999804506422565,4170.322632078651,2008.0,0.00013959407806396484,-0.2744410753250122,1.2195086479187012,1.0,0.0,0.6728147268295288,0.023539721965789795,-1.358242392539978,0.178348109126091,0.20706692337989807,1.0,-0.0976809710264206,-4.541280269622803,4.638961315155029,0.0006539990426972508,0.7874900698661804,0.038353048264980316,46.18147659301758,0.005859375,0.004069611430168152,2010.0,0.00037284393,,,,,,,,,,,,,,,,,,,,,,,,,,,,,,,,,,,,,,,,,,,,,
10342400,-4.110744953155518,87.28060913085938,0.41496598639455784,0.2663877010345459,0.9190485954284668,6.984472274780273e-05,1.3399124145507813e-05,0.004086624383926391,0.009947868585586548,0.027467799186706544,0.025572513341903687,0.006238124370574951,1.2129404067993164,55.73047,-2.786523,88.84375,-4.2152767,0.38671875,0.9991849317463676,0.9999811103453037,4170.554719613755,2018.0,0.00019400119781494142,-0.26619369983673097,1.2111036777496338,1.0,1.0,0.606177568435669,-0.0021242666989564896,-1.365980625152588,0.13585622608661652,0.1254582703113556,1.0,-0.10175277292728424,-6.0653839111328125,6.1671366691589355,0.0005919549730606377,0.7127819061279297,0.03835776448249817,46.187156677246094,0.0033203125931322575,0.00932929664850235,2020.0,0.00037270875,,,,,,,,,,,,,,,,,,,,,,,,,,,,,,,,,,,,,,,,,,,,,
10393600,-3.853102684020996,82.81278991699219,0.46489859594383776,0.3047508478164673,0.8697920322418213,5.919098854064941e-05,1.2993812561035156e-05,0.0033871376514434813,0.009084656238555908,0.021143031120300294,0.0254602587223053,0.005465751886367798,1.1957223176956178,48.375,-2.4187498,80.296875,-3.716934,0.484375,0.9992502546891838,0.9999804196140515,4170.978644266087,2028.0,0.0003499507904052734,-0.304400897026062,1.2142736911773682,1.0,1.0,0.7745371460914612,0.10822245478630066,-1.3738389015197754,0.288143128156662,0.062361497431993484,1.0,-0.0972357764840126,-4.248603820800781,4.345839977264404,0.0007237576646730304,0.8714874982833862,0.03836297243833542,46.19342803955078,0.007226563058793545,0.04502566158771515,2030.0,0.0003725736,,,,,,,,,,,,,,,,,,,,,,,,,,,,,,,,,,,,,,,,,,,,,
10444800,-3.8447954654693604,82.75972747802734,0.4602368866328257,0.3226852178573608,0.8551579475402832,5.643606185913086e-05,1.2278556823730469e-05,0.00320659875869751,0.008779538869857788,0.01997048854827881,0.025520025491714476,0.005163204669952392,1.19784734249115,57.316406,-2.86582,83.11328,-3.874337,0.43359375,0.9992494129295021,0.9999821262796653,4171.398665734408,2038.0,0.0002536773681640625,-0.32243154048919676,1.2114973068237305,1.0,1.0,0.6963576078414917,-1.171603798866272e-06,-1.346301555633545,0.16093388199806213,0.2167711853981018,1.0,-0.10013920068740845,-5.369658470153809,5.469797134399414,0.000656519434414804,0.790524959564209,0.038409456610679626,46.2494010925293,0.00390625,0.04035847634077072,2040.0,0.0003724384,,,,,,,,,,,,,,,,,,,,,,,,,,,,,,,,,,,,,,,,,,,,,
10496000,-3.922621488571167,84.01290130615234,0.4435483870967742,0.3454089879989624,0.850417971611023,5.6328773498535154e-05,1.201629638671875e-05,0.0033118832111358643,0.008577922582626343,0.01768496036529541,0.025451053380966187,0.00509031891822815,1.2135449647903442,53.847656,-2.6923823,80.69922,-3.7407987,0.4765625,0.9992146987667061,0.9999826718256951,4171.573468179585,2048.0,0.0002450704574584961,-0.34516391754150394,1.2666568756103516,1.0,0.0,0.8930242657661438,0.07262390851974487,-1.3606326580047607,0.2824283242225647,0.18808157742023468,1.0,-0.09949598461389542,-4.991147518157959,5.090643882751465,0.0006495903944596648,0.7821816205978394,0.03843757510185242,46.283260345458984,0.0072265625931322575,0.016849450767040253,2050.0,0.00037230324,,,,,,,,,,,,,,,,,,,,,,,,,,,,,,,,,,,,,,,,,,,,,
10547200,-3.762338399887085,80.91999816894531,0.4752,0.35655739307403567,0.8499557733535766,5.724310874938965e-05,1.3756752014160157e-05,0.003310821056365967,0.008868045806884765,0.019233274459838866,0.025266902446746828,0.004961892366409302,1.2257848501205444,56.289062,-2.8144531,80.87109,-3.7513814,0.49609375,0.9992262213269559,0.9999798884110236,4171.589012004455,2058.0,0.0003342151641845703,-0.3562231779098511,1.2110087871551514,1.0,1.0,0.8991118669509888,0.09709864854812622,-1.3526151180267334,0.3086143434047699,0.1908544898033142,1.0,-0.09924517571926117,-4.797036170959473,4.8962812423706055,0.0009085474302992225,1.0939955711364746,0.038484372198581696,46.33960723876953,0.0072265625931322575,0.022249095141887665,2060.0,0.00037216808,,,,,,,,,,,,,,,,,,,,,,,,,,,,,,,,,,,,,,,,,,,,,
10598400,-3.8633909225463867,82.92088317871094,0.4651898734177215,0.3081949472427368,0.8777703523635865,6.283760070800781e-05,1.1658668518066406e-05,0.0036060893535614013,0.008994097709655762,0.016858673095703124,0.025710664987564087,0.00547954797744751,1.2028594732284545,51.578125,-2.5789058,85.921875,-4.02805,0.4453125,0.9991961453437667,0.9999801790163849,4171.915085308192,2068.0,0.000251460075378418,-0.3079434871673584,1.2167134284973145,1.0,1.0,0.9412679672241211,0.010828040540218353,-1.2799551486968994,0.23420262336730957,0.4136340320110321,1.0,-0.1003551334142685,-5.075845718383789,5.1762003898620605,0.0009166979580186307,1.1038097143173218,0.038528330624103546,46.392539978027344,0.0052734375931322575,0.009211882948875427,2070.0,0.0003720329,,,,,,,,,,,,,,,,,,,,,,,,,,,,,,,,,,,,,,,,,,,,,
10649600,-3.966111660003662,84.50169372558594,0.42033898305084744,0.30595078468322756,0.8677357196807861,6.195425987243653e-05,1.3518333435058594e-05,0.003604276180267334,0.008646743297576904,0.01880319118499756,0.02551897644996643,0.005519636869430542,1.1925281524658202,56.828125,-2.8414059,85.47266,-4.0344143,0.40625,0.9991887178059558,0.9999790876355226,4172.42915314731,2078.0,0.0002312183380126953,-0.30571956634521485,1.2097289562225342,1.0,1.0,0.6719632148742676,0.007544077932834625,-1.3566796779632568,0.16217739880084991,0.19366976618766785,1.0,-0.10172528028488159,-5.304157257080078,5.405882358551025,0.0007761120214127004,0.934528112411499,0.03855924308300018,46.42976379394531,0.0048828125,0.10326608270406723,2080.0,0.00037189774,,,,,,,,,,,,,,,,,,,,,,,,,,,,,,,,,,,,,,,,,,,,,
10700800,-3.853426456451416,83.0081558227539,0.46492659053833607,0.338595986366272,0.858509111404419,6.171584129333497e-05,1.2731552124023437e-05,0.003586132526397705,0.00904608130455017,0.022373247146606445,0.02468167781829834,0.005513770580291748,1.2195192337036134,58.0625,-2.9031246,81.83594,-3.7769256,0.47265625,0.9991595313570841,0.9999769112012228,4172.501597891027,2088.0,0.0002393007278442383,-0.33835668563842775,1.240013599395752,1.0,0.0,0.38778138160705566,-0.05640589818358421,-1.3509297370910645,0.027296504005789757,0.21309775114059448,1.0,-0.10104654729366302,-4.938260078430176,5.039306640625,0.0005678386660292745,0.6837430000305176,0.03858257830142975,46.457862854003906,0.003515625139698386,0.09096521884202957,2090.0,0.00037176255,,,,,,,,,,,,,,,,,,,,,,,,,,,,,,,,,,,,,,,,,,,,,
10752000,-3.84006929397583,82.40190124511719,0.4509493670886076,0.33763124942779543,0.8474673509597779,5.811929702758789e-05,1.1897087097167968e-05,0.0032222771644592283,0.008925412893295287,0.021871781349182128,0.024952151775360108,0.0051806819438934325,1.2070045709609984,54.632812,-2.7316403,78.1875,-3.586891,0.515625,0.9991805118176194,0.9999815310250828,4172.819099086934,2098.0,0.00027594566345214846,-0.3373553037643433,1.2185719013214111,1.0,1.0,1.061208963394165,0.03327228128910065,-1.3327075242996216,0.28567537665367126,0.28655749559402466,1.0,-0.10290837287902832,-5.329367160797119,5.432275772094727,0.0007178434752859175,0.8643659949302673,0.038612086325883865,46.49339294433594,0.007226563058793545,0.03504628688097,2100.0,0.0003716274,,,,,,,,,,,,,,,,,,,,,,,,,,,,,,,,,,,,,,,,,,,,,
10803200,-3.957552909851074,84.36788940429688,0.41471571906354515,0.33294312953948973,0.8631552934646607,5.9456825256347655e-05,1.1396408081054687e-05,0.0033701324462890626,0.008726354837417603,0.020411062240600585,0.025546629428863526,0.005420821905136109,1.2165443658828736,57.554688,-2.8777342,78.47266,-3.6275554,0.48046875,0.9992036373864446,0.9999806959526507,4172.936614649255,2108.0,0.00033800601959228517,-0.33260512351989746,1.208909273147583,1.0,1.0,0.9510741233825684,0.033452488481998444,-1.2661149501800537,0.25968077778816223,0.49309372901916504,1.0,-0.10320877283811569,-5.177678108215332,5.280886650085449,0.0006126825464889407,0.737740159034729,0.03863620012998581,46.522430419921875,0.00546875037252903,0.01716279238462448,2110.0,0.0003714922,,,,,,,,,,,,,,,,,,,,,,,,,,,,,,,,,,,,,,,,,,,,,
10854400,-3.872405767440796,82.78378295898438,0.4419713831478537,0.3378645896911621,0.8427958250045776,5.49614429473877e-05,1.1658668518066406e-05,0.003179255723953247,0.00899761438369751,0.025580406188964844,0.024695775508880614,0.005179949998855591,1.2062742710113525,54.152344,-2.7076168,82.98828,-3.875389,0.453125,0.9992350652212982,0.9999819349059715,4173.201549534597,2118.0,0.0002263784408569336,-0.3376382112503052,1.2091255187988281,1.0,1.0,1.2214851379394531,0.0628715306520462,-1.2886016368865967,0.35617929697036743,0.3838909864425659,1.0,-0.10445933789014816,-6.313464164733887,6.4179229736328125,0.0007380180759355426,0.8886586427688599,0.038679108023643494,46.5740966796875,0.00644531287252903,0.06326452642679214,2120.0,0.00037135705,,,,,,,,,,,,,,,,,,,,,,,,,,,,,,,,,,,,,,,,,,,,,
10905600,-3.84148907661438,82.66400146484375,0.464,0.351395583152771,0.8234277963638306,5.032181739807129e-05,1.0895729064941407e-05,0.002828841209411621,0.008534793853759765,0.02635035514831543,0.025154589414596557,0.00457327127456665,1.2012066841125488,52.335938,-2.6167965,85.05469,-3.961438,0.453125,0.9992817281954909,0.999981640363096,4173.565480948081,2128.0,0.000380706787109375,-0.3510148763656616,1.2107434272766113,1.0,1.0,0.9237828254699707,-0.01636723056435585,-1.2888002395629883,0.20249083638191223,0.4116150140762329,1.0,-0.10315784811973572,-5.051529884338379,5.154687881469727,0.0008026100695133209,0.9664348363876343,0.03871177136898041,46.613426208496094,0.006054687313735485,0.06514769792556763,2130.0,0.00037122186,,,,,,,,,,,,,,,,,,,,,,,,,,,,,,,,,,,,,,,,,,,,,
10956800,-3.8428449630737305,82.4126205444336,0.4449838187702265,0.31162028312683104,0.8781395435333252,6.367087364196778e-05,1.1396408081054687e-05,0.003701047897338867,0.009005919694900513,0.018457436561584474,0.02530508637428284,0.0057947301864624025,1.2082525491714478,53.38672,-2.6693354,83.9375,-3.9266822,0.43359375,0.9991681925655523,0.9999802280229888,4173.806085494046,2138.0,0.00021910667419433594,-0.3114011764526367,1.211665391921997,1.0,1.0,0.630988597869873,-0.021843435242772102,-1.3548659086227417,0.1225387454032898,0.1695609837770462,1.0,-0.10399825870990753,-5.515328407287598,5.619326591491699,0.0005987572367303073,0.7209725379943848,0.03874420002102852,46.65247344970703,0.00449218787252903,0.03656762093305588,2140.0,0.0003710867,,,,,,,,,,,,,,,,,,,,,,,,,,,,,,,,,,,,,,,,,,,,,
11008000,-3.81593918800354,82.17637634277344,0.4692556634304207,0.2883668661117554,0.902058744430542,6.852388381958008e-05,1.2040138244628906e-05,0.00405254602432251,0.00914743185043335,0.023491501808166504,0.025667508840560915,0.006130707263946533,1.2139528274536133,55.007812,-2.7503905,80.05859,-3.703246,0.484375,0.999196962311649,0.999980497623656,4173.920215857653,2148.0,0.00022208690643310547,-0.2881447792053223,1.2104861736297607,1.0,1.0,0.9930096864700317,0.11096604913473129,-1.3648545742034912,0.34568607807159424,0.14741438627243042,1.0,-0.10326015949249268,-5.354855537414551,5.458115577697754,0.0010425264481455088,1.255321741104126,0.038788408041000366,46.70570373535156,0.005859375,0.07648833841085434,2150.0,0.00037095151,,,,,,,,,,,,,,,,,,,,,,,,,,,,,,,,,,,,,,,,,,,,,
11013120,,,,,,,,,,,,,,,,,,,,,,,,,,,,,,,,,,,,,,,,,,,,,-5.488302537611592,110.796875,0.078125,0.0,0.0,0.0,0.0,0.0,0.0,0.0,0.0,1.0,0.0,0.0,0.0,-5.488302537611592,110.796875,0.078125,0.0,0.0,0.0,0.0,0.0,0.0,0.0,0.0,1.0,0.0,0.0,0.0,-5.488302537611592,110.796875,0.078125,0.0,0.0,0.0,0.0,0.0,0.0,0.0,0.0,1.0,0.0,0.0,0.0
11059200,-3.7870163917541504,81.56190490722656,0.46190476190476193,0.2069612979888916,0.8749770164489746,6.958484649658203e-05,1.2493133544921875e-05,0.004714611768722534,0.009027351140975953,0.01799783706665039,0.02359314203262329,0.006307637691497803,1.0999708414077758,54.289062,-2.7144527,83.38672,-3.9037738,0.4296875,0.999165158822553,0.9999798205835293,4168.708714641376,2158.0,0.033974289894104004,-0.1729870080947876,1.2018897533416748,1.0,1.0,0.843641459941864,-0.03129800409078598,-1.3656444549560547,0.1660785675048828,0.14716525375843048,1.0,-0.103751540184021,-5.119533061981201,5.223284721374512,0.0005851790774613619,0.7046228647232056,0.03879718482494354,46.71627426147461,0.006640625186264515,0.061109915375709534,2160.0,0.00037081636,,,,,,,,,,,,,,,,,,,,,,,,,,,,,,,,,,,,,,,,,,,,,
11110400,-3.7683141231536865,81.50240325927734,0.4784,0.28269495964050295,0.8890575408935547,6.419658660888672e-05,1.3566017150878906e-05,0.003781362771987915,0.009657775163650512,0.026737141609191894,0.025103187561035155,0.005811816453933716,1.1985266923904419,55.308594,-2.7654293,79.17969,-3.6500344,0.484375,0.9992230309991672,0.9999804057513357,4169.10841036787,2168.0,0.00013375282287597656,-0.282561206817627,1.206460952758789,1.0,0.0,1.02255380153656,0.029168395325541496,-1.3554821014404297,0.27149003744125366,0.20241454243659973,1.0,-0.10476692020893097,-5.356325149536133,5.461091995239258,0.0006830121856182814,0.8224251866340637,0.038848940283060074,46.77859115600586,0.006054687779396772,0.010669425129890442,2170.0,0.00037068117,,,,,,,,,,,,,,,,,,,,,,,,,,,,,,,,,,,,,,,,,,,,,
11161600,-3.9301726818084717,84.08025360107422,0.43659711075441415,0.277131986618042,0.8846030235290527,6.35838508605957e-05,1.125335693359375e-05,0.003739333152770996,0.00899492859840393,0.02497146129608154,0.02573424458503723,0.005663782358169556,1.186739730834961,50.691406,-2.53457,81.36719,-3.7766857,0.46875,0.9992249940301227,0.999981456730335,4169.682465856323,2178.0,0.00024845600128173826,-0.27688353061676024,1.2015564441680908,1.0,1.0,0.7469712495803833,0.000998571515083313,-1.3470818996429443,0.17452003061771393,0.1949659287929535,1.0,-0.10490177571773529,-5.252339839935303,5.357241630554199,0.0004581310204230249,0.5516424179077148,0.03889801353216171,46.837677001953125,0.005859375,0.03840950131416321,2180.0,0.000370546,,,,,,,,,,,,,,,,,,,,,,,,,,,,,,,,,,,,,,,,,,,,,
11212800,-3.753980875015259,81.3847427368164,0.49188311688311687,0.2973377466201782,0.8837957382202148,6.354570388793945e-05,1.2302398681640625e-05,0.0037246346473693848,0.009612083435058594,0.019965171813964844,0.02512452960014343,0.0056300127506256105,1.2011334896087646,54.859375,-2.7429686,75.10156,-3.392528,0.55859375,0.9992083968633697,0.9999812422549866,4170.042580103855,2188.0,0.0002449989318847656,-0.2970927476882934,1.2066638469696045,1.0,1.0,1.3079733848571777,0.12341438233852386,-1.3680720329284668,0.4368287920951843,0.13307058811187744,1.0,-0.10304915904998779,-4.714788913726807,4.817837715148926,0.0008768335683271289,1.0558085441589355,0.03891338035464287,46.85618591308594,0.009179688058793545,0.11540993303060532,2190.0,0.00037041082,,,,,,,,,,,,,,,,,,,,,,,,,,,,,,,,,,,,,,,,,,,,,
11264000,-4.089684009552002,86.91252136230469,0.41680960548885077,0.3265678882598877,0.863013482093811,5.9894323348999024e-05,1.1801719665527344e-05,0.0035007262229919435,0.009068533182144164,0.027566409111022948,0.02507710814476013,0.005411820411682129,1.2171825885772705,56.929688,-2.8464842,87.22266,-4.1165056,0.39453125,0.9992446973207392,0.9999810978294471,4170.128429380402,2198.0,0.00024564266204833983,-0.32632224559783934,1.204430103302002,1.0,1.0,0.2112651765346527,-0.025079431012272835,-1.3209941387176514,0.015047654509544373,0.28958332538604736,1.0,-0.10832509398460388,-6.195347785949707,6.303672790527344,0.0005387999699451029,0.6487770676612854,0.0389726422727108,46.92754364013672,0.0025390624068677425,-0.1155419573187828,2200.0,0.00037027567,,,,,,,,,,,,,,,,,,,,,,,,,,,,,,,,,,,,,,,,,,,,,
11315200,-4.011823654174805,85.4387435913086,0.4205298013245033,0.27281551361083983,0.8869683742523193,6.513595581054687e-05,1.1396408081054687e-05,0.00376987099647522,0.009695713520050048,0.020910429954528808,0.024908831119537355,0.005873173475265503,1.1807287454605102,55.347656,-2.7673824,85.640625,-4.0493193,0.3984375,0.9991951540435163,0.9999804940509581,4170.7415556993365,2208.0,0.00033314228057861327,-0.2724823713302612,1.2088286876678467,1.0,0.0,0.5097880363464355,0.03554268181324005,-1.188871145248413,0.15327699482440948,0.6863356828689575,1.0,-0.108403280377388,-5.518786430358887,5.627189636230469,0.0005206621717661619,0.6269371509552002,0.03901197016239166,46.97489547729492,0.0044921874068677425,0.04445858299732208,2210.0,0.00037014048,,,,,,,,,,,,,,,,,,,,,,,,,,,,,,,,,,,,,,,,,,,,,
11366400,-4.194166660308838,88.37303161621094,0.3712784588441331,0.3362873077392578,0.8552613019943237,5.980491638183594e-05,1.113414764404297e-05,0.003370676040649414,0.00889161229133606,0.022260475158691406,0.025363489389419555,0.0050442230701446536,1.2138414144515992,58.234375,-2.9117184,87.56641,-4.16687,0.37109375,0.9992222402274694,0.9999825385660517,4170.945739138804,2218.0,0.0003368377685546875,-0.3359504699707031,1.198685884475708,1.0,1.0,0.6730501651763916,-0.004510607570409775,-1.3515143394470215,0.1504586637020111,0.1796947419643402,1.0,-0.10935404896736145,-5.867350101470947,5.976704120635986,0.0006824707379564643,0.8217732310295105,0.03905211016535759,47.023231506347656,0.00390625,0.1349189728498459,2220.0,0.00037000532,,,,,,,,,,,,,,,,,,,,,,,,,,,,,,,,,,,,,,,,,,,,,
11417600,-3.968827724456787,84.8847427368164,0.42857142857142855,0.3426077842712402,0.84039146900177,5.5828094482421874e-05,1.2946128845214843e-05,0.003161206245422363,0.008726480007171631,0.014009833335876465,0.025194017887115477,0.004850438833236694,1.1970438480377197,53.98047,-2.6990232,83.55078,-3.874978,0.4609375,0.9992479128162153,0.9999817756884817,4171.368447254447,2228.0,0.00028264522552490234,-0.3423251390457153,1.2063641548156738,1.0,1.0,0.9474945068359375,0.07074844092130661,-1.3309898376464844,0.2947928011417389,0.29415351152420044,1.0,-0.10797041654586792,-5.360069274902344,5.468039512634277,0.0008130405331030488,0.9789943099021912,0.03906978294253349,47.04450988769531,0.007031250279396772,0.03806339204311371,2230.0,0.00036987013,,,,,,,,,,,,,,,,,,,,,,,,,,,,,,,,,,,,,,,,,,,,,
11468800,-4.040614128112793,86.36241912841797,0.4312080536912752,0.34538769721984863,0.8329914093017579,5.501866340637207e-05,1.0848045349121094e-05,0.003148146867752075,0.00879565715789795,0.01638028621673584,0.024948714971542357,0.00467132568359375,1.1947903633117676,52.91797,-2.645898,86.69531,-4.058335,0.4296875,0.9992627265887142,0.9999831581098291,4171.817115311928,2238.0,0.00029115676879882814,-0.3450965404510498,1.203437328338623,1.0,1.0,0.9501675367355347,0.07953936606645584,-1.2897536754608154,0.30498045682907104,0.37228071689605713,1.0,-0.1091168075799942,-5.847076892852783,5.956193447113037,0.0008622942259535193,1.0383014678955078,0.0390780083835125,47.054412841796875,0.005859375465661287,0.03102603554725647,2240.0,0.00036973497,,,,,,,,,,,,,,,,,,,,,,,,,,,,,,,,,,,,,,,,,,,,,
11520000,-3.9429593086242676,84.37886047363281,0.43902439024390244,0.38357818126678467,0.7889490842819213,4.793882369995117e-05,1.0609626770019531e-05,0.002656756639480591,0.007622156143188476,0.023760032653808594,0.025189545154571533,0.0039033925533294676,1.1963207006454468,50.210938,-2.5105462,87.18359,-4.0752,0.4296875,0.999298689855221,0.9999809475702044,4172.213957148731,2248.0,0.0002667665481567383,-0.38331141471862795,1.2319438457489014,1.0,0.0,0.44402316212654114,-0.09537914395332336,-1.341658592224121,0.0024927607737481594,0.25323957204818726,1.0,-0.10621406137943268,-4.822428226470947,4.928642272949219,0.0005868776352144778,0.7066681385040283,0.03910401463508606,47.085731506347656,0.003710937686264515,0.06670945882797241,2250.0,0.0003695998,,,,,,,,,,,,,,,,,,,,,,,,,,,,,,,,,,,,,,,,,,,,,
11571200,-3.8952414989471436,83.46622467041016,0.43986820428336076,0.32873756885528566,0.8568753719329834,6.062507629394531e-05,1.1658668518066406e-05,0.0034803903102874757,0.00889747142791748,0.02117147445678711,0.02518450975418091,0.005188171863555908,1.2068176984786987,52.304688,-2.615234,84.453125,-3.9495988,0.4296875,0.9992390920434576,0.9999820813324566,4172.508893735588,2258.0,0.00024495124816894533,-0.32849261760711673,1.203439712524414,1.0,1.0,1.0296144485473633,-0.03476712852716446,-1.3358646631240845,0.20965203642845154,0.22708216309547424,1.0,-0.11050846427679062,-6.088120460510254,6.198628902435303,0.0008071080083027482,0.9718508720397949,0.03914748877286911,47.13807678222656,0.0042968750931322575,0.039402276277542114,2260.0,0.00036946463,,,,,,,,,,,,,,,,,,,,,,,,,,,,,,,,,,,,,,,,,,,,,
11622400,-3.968395471572876,84.81848907470703,0.42016806722689076,0.35789430141448975,0.8247469902038574,5.50687313079834e-05,9.894371032714844e-06,0.0030606591701507566,0.008103387355804443,0.01737070083618164,0.025335988998413085,0.004651821851730346,1.2000429153442382,55.16797,-2.758398,84.88281,-3.9848986,0.3984375,0.9992622367065872,0.9999824768611123,4172.811018160433,2268.0,0.00023589134216308593,-0.3576584100723267,1.2058706283569336,1.0,1.0,0.7729418873786926,0.012820669449865818,-1.3440957069396973,0.19296856224536896,0.24383792281150818,1.0,-0.10984815657138824,-5.8805155754089355,5.990364074707031,0.0008199401199817657,0.9873021841049194,0.03919428959488869,47.19443130493164,0.0052734375931322575,0.14762277901172638,2270.0,0.00036932947,,,,,,,,,,,,,,,,,,,,,,,,,,,,,,,,,,,,,,,,,,,,,
11673600,-4.013991355895996,85.6875,0.4309210526315789,0.37471699714660645,0.8045085906982422,5.2673816680908205e-05,1.0442733764648437e-05,0.0029146695137023926,0.00837990403175354,0.015391659736633301,0.02449162006378174,0.004357372522354126,1.1946501731872559,51.660156,-2.5830078,82.94922,-3.8752255,0.44921875,0.9992743499080832,0.9999811803718662,4173.252554507779,2278.0,0.00043218135833740235,-0.37428481578826905,1.2039110660552979,1.0,1.0,1.3146847486495972,0.16784818470478058,-1.3440794944763184,0.4834008812904358,0.24043017625808716,1.0,-0.11099107563495636,-6.254502296447754,6.3654937744140625,0.0012011007638648152,1.4462634325027466,0.03922470659017563,47.231056213378906,0.006250000558793545,0.074846550822258,2280.0,0.00036919428,,,,,,,,,,,,,,,,,,,,,,,,,,,,,,,,,,,,,,,,,,,,,
11724800,-3.7588226795196533,80.85781860351562,0.45339652448657186,0.32363569736480713,0.864434790611267,6.12497329711914e-05,1.0728836059570312e-05,0.003568727970123291,0.008985484838485719,0.01830456256866455,0.025320833921432494,0.005251867771148682,1.2064074277877808,51.726562,-2.5863278,78.828125,-3.6254697,0.484375,0.9992231849812931,0.9999820554760491,4173.514181652399,2288.0,0.00021235942840576173,-0.3234233379364014,1.22442626953125,1.0,0.0,1.3483576774597168,0.13403427600860596,-1.359062910079956,0.45772552490234375,0.1892070472240448,1.0,-0.1076694130897522,-5.350794315338135,5.458463668823242,0.0011679129675030708,1.406301498413086,0.039234332740306854,47.242645263671875,0.006640625186264515,0.11249803751707077,2290.0,0.00036905913,,,,,,,,,,,,,,,,,,,,,,,,,,,,,,,,,,,,,,,,,,,,,
11776000,-3.801603317260742,81.62480163574219,0.4476650563607085,0.3788607597351074,0.8046737909317017,4.898905754089355e-05,1.0514259338378907e-05,0.0026932501792907714,0.00798166275024414,0.01949489116668701,0.02544149160385132,0.004039871692657471,1.2030616998672485,53.722656,-2.6861324,78.62109,-3.6554885,0.45703125,0.9992935208448239,0.9999819263015218,4173.859017238165,2298.0,0.0004012584686279297,-0.3784595012664795,1.2009954452514648,1.0,1.0,1.0540181398391724,0.06503970921039581,-1.2702757120132446,0.31687822937965393,0.47162866592407227,1.0,-0.11073151230812073,-6.294534206390381,6.405265808105469,0.0010813011322170496,1.3020110130310059,0.03930459916591644,47.3272590637207,0.0054687499068677425,0.09184259921312332,2300.0,0.00036892394,,,,,,,,,,,,,,,,,,,,,,,,,,,,,,,,,,,,,,,,,,,,,
11827200,-4.011005401611328,85.63729095458984,0.4288135593220339,0.3539974451065063,0.8273084163665771,5.5129528045654294e-05,1.220703125e-05,0.0031539952754974366,0.00825522541999817,0.022393083572387694,0.025068329572677614,0.004802080392837524,1.2037328720092773,56.35547,-2.817773,85.58594,-3.991141,0.453125,0.9992587859940524,0.9999819561855781,4174.157417155938,2308.0,0.00027604103088378905,-0.3537214040756225,1.2034668922424316,1.0,1.0,0.85785973072052,0.06734997034072876,-1.3082211017608643,0.26935258507728577,0.3388746380805969,1.0,-0.10926367342472076,-5.629922866821289,5.739186763763428,0.0006295985076576471,0.7581090331077576,0.03930949419736862,47.333152770996094,0.006054687779396772,0.06336024403572083,2310.0,0.00036878878,,,,,,,,,,,,,,,,,,,,,,,,,,,,,,,,,,,,,,,,,,,,,
11878400,-4.0533223152160645,86.17085266113281,0.4204355108877722,0.3611140727996826,0.8239811658859253,5.2248239517211917e-05,1.0585784912109375e-05,0.0029522836208343505,0.008171696662902832,0.01924264430999756,0.0252098548412323,0.004783111810684204,1.2043699979782105,55.402344,-2.770117,85.26953,-4.0120916,0.41796875,0.9992751504436813,0.9999821240999618,4174.428853107663,2318.0,0.00025877952575683596,-0.3608552932739258,1.1995413303375244,1.0,1.0,0.6142392754554749,-0.047426849603652954,-1.331568956375122,0.09321942925453186,0.25871190428733826,1.0,-0.11005277931690216,-5.697989463806152,5.808042526245117,0.0005215691635385156,0.6280292272567749,0.039334483444690704,47.363243103027344,0.00449218787252903,0.13605381548404694,2320.0,0.0003686536,,,,,,,,,,,,,,,,,,,,,,,,,,,,,,,,,,,,,,,,,,,,,
11929600,-3.937981367111206,84.12705993652344,0.429042904290429,0.31587705612182615,0.8637609958648682,5.9973001480102536e-05,1.1920928955078125e-05,0.0035234713554382325,0.008558435440063477,0.018997740745544434,0.025655831098556518,0.005357754230499267,1.198670244216919,56.257812,-2.81289,83.36328,-3.8956456,0.43359375,0.9992455165870697,0.9999812037081642,4174.787417199382,2328.0,0.00023207664489746093,-0.3156449794769287,1.2032341957092285,1.0,1.0,0.9972959756851196,0.05596490204334259,-1.35520601272583,0.2919542193412781,0.19261227548122406,1.0,-0.11188015341758728,-6.1003499031066895,6.2122297286987305,0.000991174252703786,1.1934877634048462,0.03937745839357376,47.41498565673828,0.005664062686264515,0.193541020154953,2330.0,0.00036851843,,,,,,,,,,,,,,,,,,,,,,,,,,,,,,,,,,,,,,,,,,,,,
11980800,-4.118505954742432,87.29096984863281,0.391304347826087,0.33796708583831786,0.8336737394332886,5.682826042175293e-05,1.1587142944335938e-05,0.003213655948638916,0.00854248285293579,0.026403379440307618,0.02483283996582031,0.0050066220760345455,1.1980772018432617,52.351562,-2.6175778,85.41406,-4.0146985,0.4140625,0.9992501174899822,0.9999821297088615,4175.148955145076,2338.0,0.00025081634521484375,-0.337716269493103,1.199336290359497,1.0,1.0,0.9731335043907166,0.0839897096157074,-1.3053221702575684,0.3149852752685547,0.3525331914424896,1.0,-0.11185293644666672,-6.048769950866699,6.160622596740723,0.0010020170593634248,1.2065439224243164,0.039405569434165955,47.44883728027344,0.005078124813735485,0.075441874563694,2340.0,0.00036838325,,,,,,,,,,,,,,,,,,,,,,,,,,,,,,,,,,,,,,,,,,,,,
12016640,,,,,,,,,,,,,,,,,,,,,,,,,,,,,,,,,,,,,,,,,,,,,-5.488302537611592,110.796875,0.078125,0.0,0.0,0.0,0.0,0.0,0.0,0.0,0.0,1.0,0.0,0.0,0.0,-5.488302537611592,110.796875,0.078125,0.0,0.0,0.0,0.0,0.0,0.0,0.0,0.0,1.0,0.0,0.0,0.0,-5.488302537611592,110.796875,0.078125,0.0,0.0,0.0,0.0,0.0,0.0,0.0,0.0,1.0,0.0,0.0,0.0
12032000,-4.115732669830322,87.18923950195312,0.3871527777777778,0.27177886962890624,0.7980393409729004,5.6060552597045896e-05,1.1277198791503906e-05,0.003744138479232788,0.008258696794509888,0.019326043128967286,0.022798793315887453,0.005009281635284424,1.0891753673553466,56.17578,-2.8087888,88.13672,-4.182544,0.37890625,0.9991229437112522,0.9999817876658105,4170.8680673865665,2348.0,0.02012209892272949,-0.25165677070617676,1.2097499370574951,1.0,1.0,1.1824803352355957,0.05159148946404457,-1.3351917266845703,0.33433797955513,0.2619098722934723,1.0,-0.11481796205043793,-6.85369873046875,6.9685163497924805,0.0012763855047523975,1.5369150638580322,0.03943594545125961,47.48542022705078,0.0042968750931322575,0.28116732835769653,2350.0,0.0003682481,,,,,,,,,,,,,,,,,,,,,,,,,,,,,,,,,,,,,,,,,,,,,
12083200,-3.9132726192474365,83.64991760253906,0.43111831442463533,0.2302086114883423,0.9590519666671753,7.687687873840332e-05,1.4376640319824218e-05,0.004795771837234497,0.010438311100006103,0.0313723087310791,0.025838061571121215,0.006763125658035278,1.220673632621765,54.566406,-2.72832,85.765625,-4.0254707,0.42578125,0.9991564317757704,0.9999783979155903,4170.931427102089,2358.0,0.0002044677734375,-0.2300041437149048,1.2091217041015625,1.0,1.0,0.8694441318511963,0.0361010767519474,-1.354686975479126,0.24014747142791748,0.18140612542629242,1.0,-0.11202697455883026,-5.851423740386963,5.963450908660889,0.0010754751274362206,1.294995665550232,0.03946010768413544,47.51450729370117,0.0052734375931322575,0.30912232398986816,2360.0,0.0003681129,,,,,,,,,,,,,,,,,,,,,,,,,,,,,,,,,,,,,,,,,,,,,
12134400,-3.852452039718628,82.66451263427734,0.4612903225806452,0.2667996883392334,0.8933828353881836,6.495952606201171e-05,1.201629638671875e-05,0.0037806403636932375,0.009450055360794067,0.030175185203552245,0.02559590816497803,0.005742529630661011,1.1903918743133546,54.36328,-2.718164,84.33203,-3.9349022,0.44921875,0.9992153705705439,0.9999813934499416,4171.386253901865,2368.0,0.00022788047790527343,-0.2665718078613281,1.2120764255523682,1.0,0.0,1.0554239749908447,0.024231310933828354,-1.3446815013885498,0.27497926354408264,0.2250666320323944,1.0,-0.1162654459476471,-7.230025768280029,7.346291542053223,0.0009851667564362288,1.1862541437149048,0.039482779800891876,47.541805267333984,0.00449218787252903,0.10007497668266296,2370.0,0.00036797774,,,,,,,,,,,,,,,,,,,,,,,,,,,,,,,,,,,,,,,,,,,,,
12185600,-3.951270341873169,84.61803436279297,0.4426229508196721,0.2900033473968506,0.909798526763916,6.791830062866211e-05,1.3613700866699219e-05,0.003975734710693359,0.009868437051773071,0.02470667362213135,0.025585451126098634,0.005956151485443115,1.2245460510253907,52.734375,-2.6367188,85.91406,-4.013602,0.4375,0.9992034793969641,0.9999804911039434,4171.389311708482,2378.0,0.0001436471939086914,-0.2898597002029419,1.2096116542816162,1.0,1.0,1.229061245918274,0.0347878634929657,-1.3685224056243896,0.32843825221061707,0.08683115988969803,1.0,-0.11244668066501617,-5.864381790161133,5.976828575134277,0.0011680381139740348,1.4064521789550781,0.03948252648115158,47.541500091552734,0.0052734375931322575,0.1813243329524994,2380.0,0.00036784256,,,,,,,,,,,,,,,,,,,,,,,,,,,,,,,,,,,,,,,,,,,,,
12236800,-3.7481577396392822,81.05348205566406,0.49756888168557534,0.2549097776412964,0.9173062562942504,6.943464279174805e-05,1.316070556640625e-05,0.004135273694992066,0.009653855562210083,0.02303652763366699,0.025737216472625734,0.006227564811706543,1.195289397239685,57.382812,-2.8691401,79.88281,-3.6819391,0.50390625,0.9990849810497119,0.9999801931105894,4171.766616215084,2388.0,0.0002079010009765625,-0.25470187664031985,1.2056207656860352,1.0,1.0,1.3471405506134033,0.11550533026456833,-1.351962924003601,0.43899357318878174,0.1725192666053772,1.0,-0.11426184326410294,-6.420632839202881,6.534894943237305,0.0013354814145714045,1.6080732345581055,0.03954331576824188,47.61469650268555,0.0064453124068677425,0.18443529307842255,2390.0,0.0003677074,,,,,,,,,,,,,,,,,,,,,,,,,,,,,,,,,,,,,,,,,,,,,
12288000,-3.933156967163086,83.84983825683594,0.4233226837060703,0.29768171310424807,0.8796281814575195,6.29127025604248e-05,1.2350082397460937e-05,0.003624633550643921,0.00950170636177063,0.024886441230773926,0.025113593339920044,0.005644440650939941,1.202232575416565,52.34375,-2.617187,83.01953,-3.8917928,0.421875,0.9992241615773502,0.9999801290181995,4172.077703527816,2398.0,0.00025069713592529297,-0.2974310159683228,1.2080962657928467,1.0,1.0,1.1852192878723145,-0.039605725556612015,-1.3446251153945923,0.24352316558361053,0.23316287994384766,1.0,-0.11669737100601196,-7.17850399017334,7.295201301574707,0.0010669936891645193,1.284783124923706,0.03958462178707123,47.66443634033203,0.00390625,0.18353240191936493,2400.0,0.0003675722,,,,,,,,,,,,,,,,,,,,,,,,,,,,,,,,,,,,,,,,,,,,,
12339200,-3.723520278930664,80.66770935058594,0.48746081504702193,0.3521526098251343,0.8360380172729492,5.599498748779297e-05,1.010894775390625e-05,0.0032414126396179198,0.008205429315567017,0.019746804237365724,0.025385385751724242,0.004883131980895996,1.2079687356948852,51.304688,-2.5652342,78.89844,-3.6261992,0.5,0.9992692631740807,0.9999824536752849,4172.305214071113,2408.0,0.00024738311767578123,-0.3519052267074585,1.2078723907470703,1.0,0.0,1.2486119270324707,0.05116444081068039,-1.3280380964279175,0.35043615102767944,0.21937915682792664,1.0,-0.111102394759655,-5.697541236877441,5.808643817901611,0.0010117151541635394,1.2182213068008423,0.03958848863840103,47.669090270996094,0.007031249813735485,0.09629065543413162,2410.0,0.00036743705,,,,,,,,,,,,,,,,,,,,,,,,,,,,,,,,,,,,,,,,,,,,,
12390400,-3.9582979679107666,84.48474884033203,0.43728813559322033,0.2792323589324951,0.9268356800079346,6.930351257324219e-05,1.2946128845214843e-05,0.004173568487167358,0.01014376163482666,0.020059800148010253,0.025685431957244872,0.00623233675956726,1.2261639356613159,56.59375,-2.829687,85.71484,-4.019604,0.44140625,0.9991933489436442,0.9999811196175671,4172.312112056327,2418.0,0.00022089481353759766,-0.2790114641189575,1.209599494934082,1.0,1.0,1.7784656286239624,0.1652544140815735,-1.3040273189544678,0.5975244641304016,0.3184714913368225,1.0,-0.11526268720626831,-6.50831413269043,6.623577117919922,0.0013438273454084992,1.6181226968765259,0.039641059935092926,47.73239517211914,0.007031249813735485,0.125542551279068,2420.0,0.00036730187,,,,,,,,,,,,,,,,,,,,,,,,,,,,,,,,,,,,,,,,,,,,,
12441600,-4.009033203125,85.3933334350586,0.41333333333333333,0.2937294960021973,0.8731247663497925,6.168365478515626e-05,1.2421607971191407e-05,0.0035552537441253663,0.009296166896820068,0.024392318725585938,0.025101916790008547,0.005607848167419434,1.1912821531295776,56.453125,-2.822656,80.33203,-3.733367,0.44921875,0.9992356404120671,0.9999805667834695,4172.7520329030185,2428.0,0.0002323150634765625,-0.29349718093872074,1.2069945335388184,1.0,1.0,0.8921427726745605,0.009205084294080734,-1.3389604091644287,0.2191949039697647,0.27517205476760864,1.0,-0.11480657011270523,-6.2380523681640625,6.352859020233154,0.0010493774898350239,1.2635711431503296,0.03966442495584488,47.760528564453125,0.004687500186264515,0.3193933963775635,2430.0,0.0003671667,,,,,,,,,,,,,,,,,,,,,,,,,,,,,,,,,,,,,,,,,,,,,
12492800,-3.857696533203125,82.96314239501953,0.4583333333333333,0.3346738815307617,0.844801950454712,5.928635597229004e-05,1.4448165893554688e-05,0.0034354734420776367,0.008652114868164062,0.030492949485778808,0.02472185730934143,0.0053386855125427245,1.2100075244903565,54.23047,-2.711523,79.42969,-3.672802,0.484375,0.9992263267237993,0.9999799217337755,4172.914057334996,2438.0,0.00021064281463623047,-0.3344632387161255,1.2071340084075928,1.0,1.0,1.1677460670471191,0.005557666532695293,-1.3578376770019531,0.2841194272041321,0.1941571831703186,1.0,-0.11674536019563675,-6.711609840393066,6.82835578918457,0.0007919066702015698,0.9535467028617859,0.039659030735492706,47.754032135009766,0.005078125279396772,0.09716060757637024,2440.0,0.00036703155,,,,,,,,,,,,,,,,,,,,,,,,,,,,,,,,,,,,,,,,,,,,,
12544000,-4.067737102508545,86.71932983398438,0.4218487394957983,0.30080626010894773,0.8892591953277588,6.497740745544434e-05,1.239776611328125e-05,0.0038247525691986082,0.009200119972229004,0.02212092876434326,0.02554456949234009,0.005792722702026367,1.2122215270996093,52.67578,-2.6337888,89.96094,-4.2378798,0.40625,0.9991944390718338,0.99998123681857,4173.075618554444,2448.0,0.00019540786743164063,-0.30061085224151607,1.2673466205596924,1.0,0.0,1.3750665187835693,0.15245671570301056,-1.3755710124969482,0.48248934745788574,0.06220701336860657,1.0,-0.11591567099094391,-6.462675094604492,6.578591346740723,0.0011684864293783903,1.4069920778274536,0.03964421898126602,47.7361946105957,0.007031249813735485,0.16451869904994965,2450.0,0.00036689636,,,,,,,,,,,,,,,,,,,,,,,,,,,,,,,,,,,,,,,,,,,,,
12595200,-3.8881843090057373,83.38655090332031,0.46218487394957986,0.35828702449798583,0.8235231399536133,5.322098731994629e-05,1.0943412780761718e-05,0.0029269933700561525,0.008289655447006225,0.015520954132080078,0.025260393619537354,0.004613736867904663,1.1973650932312012,58.867188,-2.9433594,82.28125,-3.824547,0.47265625,0.9992190454816331,0.9999807650691744,4173.477997202937,2458.0,0.0002857685089111328,-0.3580012559890747,1.2086215019226074,1.0,1.0,3.583158016204834,0.49834686517715454,-1.34922456741333,1.3808757066726685,0.1919499635696411,1.0,-0.1203659325838089,-8.991432189941406,9.111797332763672,0.004068644251674414,4.899115562438965,0.03968186676502228,47.781532287597656,0.0074218749068677425,0.1505209058523178,2460.0,0.00036676117,,,,,,,,,,,,,,,,,,,,,,,,,,,,,,,,,,,,,,,,,,,,,
12646400,-3.9459068775177,84.48826599121094,0.4413145539906103,0.36944329738616943,0.8157126665115356,5.305767059326172e-05,1.087188720703125e-05,0.0029203903675079344,0.007744477987289429,0.0245189905166626,0.025644079446792603,0.004392586946487427,1.20970778465271,47.976562,-2.3988278,83.10156,-3.8809013,0.43359375,0.9992389254652897,0.9999818482187072,4173.664941062279,2468.0,0.0002774238586425781,-0.36916587352752683,1.2106337547302246,1.0,1.0,0.41891026496887207,0.12673164904117584,-1.3719379901885986,0.21780946850776672,0.11007554084062576,1.0,-0.11132510751485825,-3.878937244415283,3.990262508392334,0.0005933901993557811,0.7145100831985474,0.0397225096821785,47.83047103881836,0.0072265625931322575,0.08567225933074951,2470.0,0.00036662602,,,,,,,,,,,,,,,,,,,,,,,,,,,,,,,,,,,,,,,,,,,,,
12697600,-3.909837245941162,83.78194427490234,0.4565587734241908,0.3794644117355347,0.8121299982070923,5.102396011352539e-05,1.1396408081054687e-05,0.0028060901165008543,0.008059369325637817,0.018192219734191894,0.025272583961486815,0.00438437819480896,1.20982027053833,55.867188,-2.793359,84.58594,-3.9679394,0.43359375,0.9991859837247826,0.9999816134231077,4173.828783526098,2478.0,0.00024356842041015626,-0.3792208433151245,1.209519624710083,1.0,1.0,0.7959878444671631,-0.006100032478570938,-1.3300960063934326,0.1800232231616974,0.262124240398407,1.0,-0.11216358095407486,-5.573078632354736,5.685242652893066,0.0007790728705003858,0.938093364238739,0.03977254033088684,47.89071273803711,0.0048828125,0.06493574380874634,2480.0,0.00036649086,,,,,,,,,,,,,,,,,,,,,,,,,,,,,,,,,,,,,,,,,,,,,
12748800,-3.9708664417266846,84.7381362915039,0.4288052373158756,0.38860986232757566,0.7858283758163452,4.739046096801758e-05,1.0514259338378907e-05,0.0026344144344329834,0.007918083667755127,0.025781917572021484,0.024657678604125977,0.00400530219078064,1.2002524137496948,53.621094,-2.681054,84.94531,-3.9770894,0.42578125,0.9992733926736902,0.9999818839985948,4174.095314049017,2488.0,0.0003169536590576172,-0.38829290866851807,1.254837989807129,1.0,0.0,1.2280056476593018,0.0723312497138977,-1.3381844758987427,0.3662824332714081,0.23583588004112244,1.0,-0.1138598620891571,-6.230186462402344,6.344046592712402,0.0017725590150803328,2.1343648433685303,0.03978144749999046,47.90143966674805,0.005859375,0.15234416723251343,2490.0,0.00036635567,,,,,,,,,,,,,,,,,,,,,,,,,,,,,,,,,,,,,,,,,,,,,
12800000,-3.8976922035217285,83.26923370361328,0.42788461538461536,0.36606314182281496,0.8239856243133545,5.4128170013427735e-05,1.1301040649414062e-05,0.002951488494873047,0.008360228538513183,0.023006391525268555,0.02521390438079834,0.004587260484695435,1.2130894422531129,50.652344,-2.5326166,82.56641,-3.8552222,0.43359375,0.9992167060729685,0.9999810537045127,4174.273262533774,2498.0,0.0002928733825683594,-0.3657702684402466,1.206756591796875,1.0,1.0,0.9500649571418762,-0.06399837136268616,-1.322113275527954,0.16070234775543213,0.25167012214660645,1.0,-0.11413341015577316,-5.9907965660095215,6.104930400848389,0.0009667801787145436,1.1641144752502441,0.03979811817407608,47.92151641845703,0.005664062686264515,0.2710580825805664,2500.0,0.0003662205,,,,,,,,,,,,,,,,,,,,,,,,,,,,,,,,,,,,,,,,,,,,,
12851200,-3.785705327987671,81.2868881225586,0.4459016393442623,0.375033974647522,0.8050810098648071,5.178689956665039e-05,1.1038780212402343e-05,0.0027470457553863525,0.008158953189849853,0.02110004425048828,0.0250338339805603,0.00423206090927124,1.201247239112854,56.960938,-2.8480465,80.74219,-3.7546597,0.4609375,0.9992455477589502,0.9999823753436138,4174.5176416686545,2508.0,0.00022716522216796874,-0.374806809425354,1.2131929397583008,1.0,1.0,0.741168737411499,-0.08637578785419464,-1.3475689888000488,0.08571964502334595,0.2369479537010193,1.0,-0.11426039040088654,-6.43500280380249,6.549263000488281,0.000990728265605867,1.19295072555542,0.039802148938179016,47.926368713378906,0.0033203125931322575,0.20639675855636597,2510.0,0.00036608533,,,,,,,,,,,,,,,,,,,,,,,,,,,,,,,,,,,,,,,,,,,,,
12902400,-4.174069881439209,88.54054260253906,0.40033783783783783,0.383027458190918,0.8094206094741822,4.90570068359375e-05,1.0085105895996093e-05,0.002739030122756958,0.00820319414138794,0.013767528533935546,0.025365997552871705,0.004085366725921631,1.2062458753585816,52.210938,-2.6105464,88.36328,-4.182643,0.3671875,0.9992986359970899,0.9999832587583821,4174.714409862773,2518.0,0.00029747486114501954,-0.382729983329773,1.2114357948303223,1.0,1.0,1.5130319595336914,0.09381011873483658,-1.3194754123687744,0.4593769311904907,0.30163222551345825,1.0,-0.11570559442043304,-6.801080226898193,6.916786193847656,0.0015309983864426613,1.8434981107711792,0.03980189561843872,47.926055908203125,0.005273438058793545,0.10995723307132721,2520.0,0.00036595017,,,,,,,,,,,,,,,,,,,,,,,,,,,,,,,,,,,,,,,,,,,,,
12953600,-3.973757743835449,84.73728942871094,0.42203389830508475,0.3784643650054932,0.804415488243103,5.132317543029785e-05,1.113414764404297e-05,0.0028759193420410155,0.008232852220535278,0.03152077198028565,0.024893382787704466,0.004138046503067016,1.2144333362579345,56.91797,-2.8458982,85.015625,-3.9695144,0.42578125,0.999272754346365,0.9999822329635029,4174.826003398665,2528.0,0.00028548240661621096,-0.378178882598877,1.2054085731506348,1.0,1.0,1.0772360563278198,-0.031863678246736526,-1.335477590560913,0.22451236844062805,0.2858874201774597,1.0,-0.11545605957508087,-6.557072639465332,6.672528266906738,0.0012630124110728502,1.5208122730255127,0.03984330594539642,47.975921630859375,0.0052734375931322575,0.2056773155927658,2530.0,0.00036581498,,,,,,,,,,,,,,,,,,,,,,,,,,,,,,,,,,,,,,,,,,,,,
13004800,-3.9243979454040527,83.8287582397461,0.4345718901453958,0.27597475051879883,0.9226432561874389,7.270097732543945e-05,1.4996528625488281e-05,0.00422282338142395,0.00977736234664917,0.023392081260681152,0.025746361017227173,0.0062753593921661376,1.2220466613769532,54.222656,-2.7111325,83.14844,-3.8982778,0.4296875,0.9991859108202824,0.9999823436517683,4174.839062306814,2538.0,0.00010440349578857421,-0.2758703470230103,1.2110779285430908,1.0,1.0,1.1298911571502686,0.11912061274051666,-1.355590581893921,0.38824132084846497,0.19734063744544983,1.0,-0.11455489695072174,-6.419959545135498,6.534514427185059,0.0010362479370087385,1.2477617263793945,0.039881788194179535,48.02226257324219,0.0054687499068677425,0.0436449870467186,2540.0,0.00036567982,,,,,,,,,,,,,,,,,,,,,,,,,,,,,,,,,,,,,,,,,,,,,
13015040,,,,,,,,,,,,,,,,,,,,,,,,,,,,,,,,,,,,,,,,,,,,,-5.6876314322565795,114.484375,0.046875,0.0,0.0,0.0,0.0,0.0,0.0,0.0,0.0,1.0,0.0,0.0,0.0,-5.6876314322565795,114.484375,0.046875,0.0,0.0,0.0,0.0,0.0,0.0,0.0,0.0,1.0,0.0,0.0,0.0,-5.6876314322565795,114.484375,0.046875,0.0,0.0,0.0,0.0,0.0,0.0,0.0,0.0,1.0,0.0,0.0,0.0
13056000,-3.808570384979248,81.9102554321289,0.44871794871794873,0.2059645414352417,0.8433516979217529,5.998373031616211e-05,1.4019012451171874e-05,0.004235607385635376,0.008849068880081176,0.014947986602783203,0.023299832344055176,0.005689530372619629,1.0643001079559327,54.566406,-2.72832,81.16797,-3.7729006,0.4609375,0.9992040762243597,0.9999794578770216,4170.532795193464,2548.0,0.02162749767303467,-0.18433704376220703,1.2034556865692139,1.0,1.0,1.1497271060943604,0.06224486231803894,-1.3540852069854736,0.3363339304924011,0.1571979969739914,1.0,-0.11193034052848816,-5.700900077819824,5.812830924987793,0.0009701509843580425,1.1681733131408691,0.03988455981016159,48.025596618652344,0.005078124813735485,0.006118401885032654,2550.0,0.00036554463,,,,,,,,,,,,,,,,,,,,,,,,,,,,,,,,,,,,,,,,,,,,,
13107200,-4.031778335571289,85.70784759521484,0.41402337228714525,0.34203779697418213,0.8510140657424927,5.875706672668457e-05,1.2111663818359374e-05,0.003562945127487183,0.00891640067100525,0.024304938316345216,0.0248078453540802,0.0051721930503845215,1.2173930883407593,54.023438,-2.7011716,84.76953,-3.986904,0.42578125,0.9992347478437413,0.9999801414644518,4170.627629629818,2558.0,0.00014350414276123046,-0.3418942928314209,1.201719045639038,1.0,1.0,1.3089736700057983,0.12201403081417084,-1.363478422164917,0.435744047164917,0.1493438184261322,1.0,-0.11329431086778641,-5.9453020095825195,6.058596611022949,0.0011775876628234982,1.417950987815857,0.03992091119289398,48.06937026977539,0.00624999962747097,0.050011686980724335,2560.0,0.00036540948,,,,,,,,,,,,,,,,,,,,,,,,,,,,,,,,,,,,,,,,,,,,,
13158400,-3.9023802280426025,83.59771728515625,0.44299674267100975,0.2481924533843994,0.9319725513458252,7.121682167053222e-05,1.3279914855957032e-05,0.004231401681900024,0.010237923860549926,0.0199815034866333,0.025574380159378053,0.006445722579956055,1.200182056427002,53.51953,-2.675976,85.96094,-4.021432,0.4296875,0.9991849016629981,0.9999814459021705,4170.94548333663,2568.0,0.0002138376235961914,-0.2479786157608032,1.2057774066925049,1.0,0.0,1.1566212177276611,0.10160184651613235,-1.361649990081787,0.3772580027580261,0.13768520951271057,1.0,-0.11174841225147247,-5.486911773681641,5.598660469055176,0.0011557438410818577,1.3916484117507935,0.03996000811457634,48.11644744873047,0.005859375,0.060978345572948456,2570.0,0.0003652743,,,,,,,,,,,,,,,,,,,,,,,,,,,,,,,,,,,,,,,,,,,,,
13209600,-3.825002670288086,82.39616394042969,0.4728434504792332,0.31934096813201907,0.8406431436538696,5.792140960693359e-05,1.175403594970703e-05,0.0032578253746032714,0.008772655725479125,0.02281038761138916,0.02502871513366699,0.004883190393447876,1.1828289747238159,52.035156,-2.6017575,81.77344,-3.79633,0.4765625,0.9992422671586697,0.9999807907220114,4171.426666610069,2578.0,0.00023889541625976562,-0.3191020727157593,1.2036349773406982,1.0,1.0,1.2747198343276978,0.1792268455028534,-1.3422577381134033,0.4847847819328308,0.2587968111038208,1.0,-0.11043967306613922,-5.253550052642822,5.36398983001709,0.0012048413045704365,1.4507675170898438,0.03997164964675903,48.13045883178711,0.007617187220603228,0.02503221482038498,2580.0,0.00036513913,,,,,,,,,,,,,,,,,,,,,,,,,,,,,,,,,,,,,,,,,,,,,
13260800,-3.7140612602233887,80.11514282226562,0.4747634069400631,0.30209448337554934,0.8845871686935425,6.601810455322265e-05,1.3065338134765624e-05,0.003822101354598999,0.009055827856063842,0.02361743450164795,0.02540971875190735,0.005839446783065796,1.2103368759155273,53.625,-2.6812499,76.0625,-3.5012891,0.51171875,0.9991805084728632,0.9999795726238332,4171.563975477551,2588.0,0.00023071765899658204,-0.30186376571655277,1.2069728374481201,1.0,1.0,1.1186437606811523,0.09537766873836517,-1.3418934345245361,0.36192387342453003,0.2536109387874603,1.0,-0.10724731534719467,-4.729305267333984,4.836552619934082,0.0009243099484592676,1.1129754781723022,0.03999972715973854,48.164268493652344,0.007617187686264515,0.036576636135578156,2590.0,0.00036500394,,,,,,,,,,,,,,,,,,,,,,,,,,,,,,,,,,,,,,,,,,,,,
13312000,-3.831543445587158,82.5928955078125,0.4604200323101777,0.2950151443481445,0.9060420751571655,6.822109222412109e-05,1.1897087097167968e-05,0.00398992657661438,0.009732824563980103,0.01900036334991455,0.025374780893325805,0.0060982096195220945,1.220093035697937,53.91797,-2.6958983,82.359375,-3.7979674,0.484375,0.9991580741504713,0.9999806934758858,4171.620012069517,2598.0,0.0002465963363647461,-0.29476854801177976,1.2084546089172363,1.0,1.0,1.4079952239990234,0.18583954870700836,-1.3600835800170898,0.524397611618042,0.18700869381427765,1.0,-0.11012700200080872,-5.330883979797363,5.441010475158691,0.0012946769129484892,1.5589399337768555,0.03999035060405731,48.152976989746094,0.0078125,-0.001916840672492981,2600.0,0.00036486879,,,,,,,,,,,,,,,,,,,,,,,,,,,,,,,,,,,,,,,,,,,,,
13363200,-3.9888253211975098,84.96979522705078,0.41946308724832215,0.31729004383087156,0.8348150491714478,5.558371543884277e-05,1.0204315185546874e-05,0.0032362353801727293,0.009089261293411255,0.02663891315460205,0.024421180486679076,0.0049060630798339845,1.1787756443023683,56.097656,-2.8048825,83.67578,-3.9304125,0.421875,0.9992230973059557,0.9999818168704411,4172.192150587553,2608.0,0.00028717517852783203,-0.31700286865234373,1.2004992961883545,1.0,0.0,0.6721043586730957,-0.06320563703775406,-1.3539174795150757,0.09150663763284683,0.20032274723052979,1.0,-0.1116379052400589,-5.540488243103027,5.652126789093018,0.0009197937324643135,1.1075375080108643,0.03999219089746475,48.15519714355469,0.0037109374534338713,0.046010687947273254,2610.0,0.0003647336,,,,,,,,,,,,,,,,,,,,,,,,,,,,,,,,,,,,,,,,,,,,,
13414400,-4.123735427856445,87.67845153808594,0.4175084175084175,0.3668034076690674,0.8264899730682373,5.5348873138427736e-05,1.1467933654785157e-05,0.003113621473312378,0.008154568672180175,0.019730186462402342,0.025375508069992066,0.004594352245330811,1.2130565404891969,52.65625,-2.6328123,84.91016,-3.9688475,0.4453125,0.9992474362552142,0.9999822717613589,4172.369385037456,2618.0,0.00027015209197998045,-0.3665332555770874,1.2033216953277588,1.0,1.0,0.8574608564376831,-0.008838001638650894,-1.358291745185852,0.192106232047081,0.16475987434387207,1.0,-0.1108895093202591,-5.184531211853027,5.295420169830322,0.0009767316514626145,1.1760971546173096,0.040019042789936066,48.18753433227539,0.0048828125,0.07604741305112839,2620.0,0.00036459844,,,,,,,,,,,,,,,,,,,,,,,,,,,,,,,,,,,,,,,,,,,,,
13465600,-3.8857405185699463,83.17833709716797,0.43333333333333335,0.35321621894836425,0.8170356750488281,5.280494689941406e-05,1.1181831359863281e-05,0.002981157302856445,0.008511284589767456,0.021964359283447265,0.024885199069976806,0.0043911910057067875,1.1922504901885986,57.70703,-2.8853514,82.17578,-3.8211217,0.453125,0.999262043551949,0.99998066255641,4172.772251612954,2628.0,0.0002688169479370117,-0.35294740200042723,1.2026073932647705,1.0,1.0,1.102075219154358,0.05707880109548569,-1.364978551864624,0.3190686106681824,0.16031211614608765,1.0,-0.1139136403799057,-5.786571979522705,5.900485992431641,0.0007489744457416236,0.9018512964248657,0.0400494784116745,48.22418212890625,0.005664062686264515,0.04256133735179901,2630.0,0.00036446325,,,,,,,,,,,,,,,,,,,,,,,,,,,,,,,,,,,,,,,,,,,,,
13516800,-3.9049623012542725,83.50241088867188,0.4301765650080257,0.36983532905578614,0.8103062152862549,5.266547203063965e-05,1.0919570922851562e-05,0.002930253744125366,0.0077125954627990725,0.01658935546875,0.025315107107162477,0.004473381042480469,1.196763038635254,54.496094,-2.7248042,82.30859,-3.8547287,0.41796875,0.9992272566808916,0.999982269461159,4173.086857306031,2638.0,0.0002435445785522461,-0.3695917844772339,1.2019569873809814,1.0,1.0,0.5719574093818665,-0.1164742186665535,-1.3579566478729248,0.013091927394270897,0.17623871564865112,1.0,-0.11351481825113297,-5.609840393066406,5.723354816436768,0.0007699638372287154,0.9271250367164612,0.040054626762866974,48.230377197265625,0.004101562313735485,0.12374202907085419,2640.0,0.0003643281,,,,,,,,,,,,,,,,,,,,,,,,,,,,,,,,,,,,,,,,,,,,,
13568000,-3.8369970321655273,82.4375,0.4519230769230769,0.35832259654998777,0.8239733695983886,5.5034160614013675e-05,1.1658668518066406e-05,0.0030587983131408693,0.008203788995742797,0.019431567192077635,0.025269813537597656,0.00457992434501648,1.2017624139785767,53.554688,-2.677734,82.80859,-3.851532,0.44921875,0.9992400451528457,0.9999806767383184,4173.371382957361,2648.0,0.00023815631866455078,-0.35808444023132324,1.224910020828247,1.0,0.0,0.6713977456092834,-0.0365801565349102,-1.3675017356872559,0.11766927689313889,0.10378361493349075,1.0,-0.11217081546783447,-5.226638317108154,5.338809013366699,0.0008199752774089575,0.98734450340271,0.040050629526376724,48.225563049316406,0.004101562313735485,0.08579988777637482,2650.0,0.00036419294,,,,,,,,,,,,,,,,,,,,,,,,,,,,,,,,,,,,,,,,,,,,,
13619200,-3.9189653396606445,84.0574722290039,0.4433497536945813,0.38364739418029786,0.8016873598098755,5.0181150436401366e-05,1.0943412780761718e-05,0.002764502763748169,0.007911839485168458,0.023392891883850096,0.025133398771286012,0.004195530414581299,1.2087593078613281,53.589844,-2.6794918,81.375,-3.7565136,0.5,0.9992786363681649,0.999982859636001,4173.597090840768,2658.0,0.00017175674438476562,-0.3834756374359131,1.2062890529632568,1.0,0.0,0.9781715273857117,0.053371611982584,-1.3691480159759521,0.28430238366127014,0.11787497997283936,1.0,-0.1128651350736618,-5.330191135406494,5.443056106567383,0.0010094880126416683,1.215539574623108,0.04008863866329193,48.27133560180664,0.0054687499068677425,0.09312335401773453,2660.0,0.00036405775,,,,,,,,,,,,,,,,,,,,,,,,,,,,,,,,,,,,,,,,,,,,,
13670400,-3.851546287536621,82.98680114746094,0.4603960396039604,0.364899206161499,0.8127680778503418,5.178689956665039e-05,1.1682510375976562e-05,0.0029034698009490966,0.00829254388809204,0.0183607816696167,0.02484804391860962,0.004512593746185302,1.1960615634918212,57.14453,-2.8572264,81.59766,-3.7767534,0.46875,0.9992626275580696,0.9999817607214765,4173.892521826943,2668.0,0.0002850532531738281,-0.36461415290832516,1.2026686668395996,1.0,1.0,0.9709417819976807,0.015538121573626995,-1.3748142719268799,0.24455781280994415,0.07180580496788025,1.0,-0.11625799536705017,-6.023703575134277,6.139961242675781,0.0009432018268853426,1.1357234716415405,0.04011434316635132,48.302276611328125,0.0042968750931322575,0.052251026034355164,2670.0,0.00036392256,,,,,,,,,,,,,,,,,,,,,,,,,,,,,,,,,,,,,,,,,,,,,
13721600,-3.9136970043182373,84.18019104003906,0.45292207792207795,0.3680779695510864,0.8227583408355713,5.4137706756591795e-05,1.1324882507324219e-05,0.0030265223979949953,0.00836804747581482,0.019901299476623537,0.025026801824569702,0.004631675481796264,1.2107723236083985,54.585938,-2.7292967,84.91406,-3.9407644,0.44921875,0.9992529482031144,0.9999806826914079,4174.050351205119,2678.0,0.0002483367919921875,-0.3678296327590942,1.2021222114562988,1.0,1.0,1.062903642654419,0.008432939648628235,-1.3712413311004639,0.26050126552581787,0.09418690204620361,1.0,-0.11439798027276993,-5.373061180114746,5.487459182739258,0.0009557994198985398,1.1508924961090088,0.040142178535461426,48.33580017089844,0.00449218787252903,0.10576190054416656,2680.0,0.0003637874,,,,,,,,,,,,,,,,,,,,,,,,,,,,,,,,,,,,,,,,,,,,,
13772800,-3.958176851272583,84.86190032958984,0.4492512479201331,0.3113004922866821,0.876132583618164,6.470680236816406e-05,1.2826919555664062e-05,0.0037707650661468507,0.00897229552268982,0.01918473243713379,0.02532880663871765,0.005634371042251587,1.2066533803939818,55.359375,-2.7679684,85.25391,-3.9830484,0.4609375,0.9991854176091302,0.9999811502351745,4174.266740727691,2688.0,0.0001937389373779297,-0.31110675334930415,1.2342941761016846,1.0,0.0,0.7810862064361572,-0.027513405308127403,-1.3581278324127197,0.15430769324302673,0.16174420714378357,1.0,-0.11775368452072144,-6.069655418395996,6.187408924102783,0.0005847255233675241,0.7040767669677734,0.040173862129449844,48.37394714355469,0.00527343712747097,0.09284014999866486,2690.0,0.00036365225,,,,,,,,,,,,,,,,,,,,,,,,,,,,,,,,,,,,,,,,,,,,,
13824000,-3.992692470550537,85.26350402832031,0.4353518821603928,0.3191583871841431,0.8590001106262207,5.991220474243164e-05,1.2898445129394532e-05,0.003475049734115601,0.008411355018615722,0.02148563861846924,0.02584013819694519,0.005130363702774048,1.1996808052062988,51.859375,-2.5929682,81.44141,-3.7783766,0.4609375,0.999227318513525,0.9999801861193134,4174.598143455827,2698.0,0.0001886129379272461,-0.3189697742462158,1.2044470310211182,1.0,1.0,0.9013469219207764,0.018018478527665138,-1.360802173614502,0.22988250851631165,0.1602081060409546,1.0,-0.11560627818107605,-5.609640121459961,5.725246429443359,0.0009269110159948468,1.11610746383667,0.04020247608423233,48.40840148925781,0.005664062686264515,0.20131906867027283,2700.0,0.00036351706,,,,,,,,,,,,,,,,,,,,,,,,,,,,,,,,,,,,,,,,,,,,,
13875200,-4.046346664428711,86.44425201416016,0.4305317324185249,0.2926281452178955,0.8855491399765014,6.241083145141601e-05,1.3303756713867187e-05,0.0036588382720947267,0.009373897314071655,0.023546051979064942,0.02532172918319702,0.00582526683807373,1.2017616271972655,54.996094,-2.7498045,83.484375,-3.876463,0.44921875,0.9992024257414454,0.9999792086329565,4174.866892470883,2708.0,0.00014104843139648438,-0.292487096786499,1.199784517288208,1.0,1.0,0.9920667409896851,-0.009235968813300133,-1.373956322669983,0.22505711019039154,0.0516665056347847,1.0,-0.11778514087200165,-5.832734107971191,5.950519561767578,0.0009919353760778904,1.1944043636322021,0.04022561013698578,48.436256408691406,0.0048828125,0.15126129984855652,2710.0,0.0003633819,,,,,,,,,,,,,,,,,,,,,,,,,,,,,,,,,,,,,,,,,,,,,
13926400,-3.9220802783966064,83.97588348388672,0.44212218649517687,0.3304704427719116,0.848572063446045,5.6073665618896484e-05,1.1610984802246094e-05,0.0032763075828552246,0.008922920227050782,0.022989511489868164,0.02495474100112915,0.005186899900436402,1.202064538002014,50.960938,-2.5480466,83.23828,-3.8874488,0.44921875,0.9992537865297328,0.999982605501846,4175.115008152223,2718.0,0.0002664804458618164,-0.3302039623260498,1.202270746231079,1.0,1.0,0.6968387961387634,-0.07174015790224075,-1.3653044700622559,0.0888964831829071,0.1189362183213234,1.0,-0.11643818020820618,-5.569924831390381,5.686363220214844,0.000627563102170825,0.7556581497192383,0.04024510458111763,48.45973205566406,0.003710937686264515,0.1381402313709259,2720.0,0.0003632467,,,,,,,,,,,,,,,,,,,,,,,,,,,,,,,,,,,,,,,,,,,,,
13977600,-3.9649651050567627,84.9560775756836,0.46114864864864863,0.3360788106918335,0.8612681150436401,5.8541297912597654e-05,1.2445449829101563e-05,0.0033426511287689207,0.00926040530204773,0.021858406066894532,0.025030438899993897,0.005338736772537231,1.219241738319397,54.5,-2.7249997,85.953125,-4.0157833,0.4609375,0.9992422254962967,0.9999803475664861,4175.16565251424,2728.0,0.00022301673889160156,-0.3358557939529419,1.2031254768371582,1.0,1.0,0.9879736304283142,0.033017080277204514,-1.3608789443969727,0.2665596604347229,0.1695232093334198,1.0,-0.1167164146900177,-5.763734340667725,5.88045072555542,0.0008256270084530115,0.9941498041152954,0.04028909653425217,48.51270294189453,0.004687500186264515,0.09317401051521301,2730.0,0.00036311155,,,,,,,,,,,,,,,,,,,,,,,,,,,,,,,,,,,,,,,,,,,,,
14018560,,,,,,,,,,,,,,,,,,,,,,,,,,,,,,,,,,,,,,,,,,,,,-5.6876314322565795,114.484375,0.046875,0.0,0.0,0.0,0.0,0.0,0.0,0.0,0.0,1.0,0.0,0.0,0.0,-5.6876314322565795,114.484375,0.046875,0.0,0.0,0.0,0.0,0.0,0.0,0.0,0.0,1.0,0.0,0.0,0.0,-5.6876314322565795,114.484375,0.046875,0.0,0.0,0.0,0.0,0.0,0.0,0.0,0.0,1.0,0.0,0.0,0.0
14028800,-3.8046905994415283,82.09500885009766,0.4750402576489533,0.23291585445404053,0.8057306289672852,5.561470985412597e-05,1.3589859008789062e-05,0.003999149799346924,0.007964940071105956,0.02031128406524658,0.023138388395309448,0.00509689211845398,1.0589924573898315,55.35547,-2.7677732,80.10547,-3.6989868,0.49609375,0.9992169503514032,0.9999800753592688,4171.398998496554,2738.0,0.023975014686584473,-0.20894083976745606,1.2070777416229248,1.0,1.0,0.6507800817489624,-0.09508541226387024,-1.3666446208953857,0.05404021590948105,0.1308961808681488,1.0,-0.11258222162723541,-4.743206024169922,4.855788707733154,0.0008264934876933694,0.9951932430267334,0.04030391946434975,48.530548095703125,0.004101562313735485,0.1973535716533661,2740.0,0.00036297637,,,,,,,,,,,,,,,,,,,,,,,,,,,,,,,,,,,,,,,,,,,,,
14080000,-3.7623188495635986,81.328125,0.475,0.29081001281738283,0.8945093393325806,6.189227104187012e-05,1.2493133544921875e-05,0.004231679439544678,0.0089559006690979,0.01965622901916504,0.025731236934661866,0.005709718465805053,1.2050127983093262,52.035156,-2.6017573,85.66016,-4.018549,0.41796875,0.9992165719252567,0.9999794823700732,4171.630807028356,2748.0,0.00026021003723144533,-0.2905498027801514,1.2079658508300781,1.0,1.0,1.0349528789520264,0.02208293415606022,-1.3576046228408813,0.2674260139465332,0.17413415014743805,1.0,-0.11776508390903473,-5.588155746459961,5.705920696258545,0.0009796498343348503,1.179611086845398,0.04032112658023834,48.55126953125,0.005078124813735485,0.12612304091453552,2750.0,0.0003628412,,,,,,,,,,,,,,,,,,,,,,,,,,,,,,,,,,,,,,,,,,,,,
14131200,-3.887733221054077,83.53377532958984,0.46787479406919275,0.29061160087585447,0.8992361783981323,6.53231143951416e-05,1.1873245239257812e-05,0.003914928436279297,0.00954221487045288,0.015444183349609375,0.02537964105606079,0.006023404598236084,1.2053263902664184,53.96875,-2.6984372,86.29297,-4.034485,0.44921875,0.9991927183235203,0.9999812877260755,4171.811407430708,2758.0,0.0003144264221191406,-0.2902971744537353,1.208040475845337,1.0,1.0,1.1178646087646484,0.07013022154569626,-1.364581823348999,0.33606332540512085,0.13515782356262207,1.0,-0.11887935549020767,-5.759449005126953,5.878328323364258,0.0009161874186247587,1.1031949520111084,0.040344420820474625,48.579322814941406,0.0054687499068677425,0.07002834230661392,2760.0,0.00036270602,,,,,,,,,,,,,,,,,,,,,,,,,,,,,,,,,,,,,,,,,,,,,
14182400,-3.7909374237060547,81.75955200195312,0.47770700636942676,0.2820490121841431,0.9007148265838623,6.572604179382324e-05,1.2826919555664062e-05,0.003857537508010864,0.009607362747192382,0.020021653175354003,0.025526221990585327,0.005943372249603272,1.2028205633163451,53.402344,-2.670117,82.55859,-3.8478174,0.453125,0.9992112755123136,0.9999815064240598,4172.0351587037885,2768.0,0.00012433528900146484,-0.2819246768951416,1.202085018157959,1.0,0.0,0.9127519726753235,0.05151958018541336,-1.3680260181427002,0.26613739132881165,0.13209562003612518,1.0,-0.11536489427089691,-5.151052474975586,5.266417503356934,0.0008330449927598238,1.003082036972046,0.04036150500178337,48.59989547729492,0.0072265625931322575,0.14186891913414001,2770.0,0.00036257086,,,,,,,,,,,,,,,,,,,,,,,,,,,,,,,,,,,,,,,,,,,,,
14233600,-3.8507208824157715,82.75940704345703,0.44680851063829785,0.3140233278274536,0.866259241104126,5.862832069396973e-05,1.087188720703125e-05,0.0034155547618865967,0.009051929712295532,0.023117709159851074,0.025251431465148924,0.00550248384475708,1.203432059288025,55.878906,-2.793945,81.31641,-3.7611256,0.4765625,0.999239628303827,0.9999826252681023,4172.23207421395,2778.0,0.00018968582153320313,-0.3138336420059204,1.208378553390503,1.0,1.0,0.786236047744751,-0.04508424550294876,-1.3496036529541016,0.1382598578929901,0.21672792732715607,1.0,-0.11894555389881134,-5.569570541381836,5.688516616821289,0.0010654776124283671,1.2829574346542358,0.04040062427520752,48.646995544433594,0.0042968750931322575,0.19296570122241974,2780.0,0.00036243568,,,,,,,,,,,,,,,,,,,,,,,,,,,,,,,,,,,,,,,,,,,,,
14284800,-3.795375347137451,81.7444076538086,0.4776357827476038,0.32709996700286864,0.8491315364837646,5.8453083038330075e-05,1.1849403381347657e-05,0.0032888233661651613,0.008488539457321167,0.02533533573150635,0.0252899968624115,0.005298757553100586,1.2016016960144043,55.98828,-2.799414,78.28906,-3.6129193,0.49609375,0.999246135592042,0.9999808527293531,4172.451190267646,2788.0,0.00024247169494628906,-0.32685749530792235,1.2025346755981445,1.0,1.0,1.6492806673049927,0.07940219342708588,-1.3459948301315308,0.47851282358169556,0.23012354969978333,1.0,-0.12477879226207733,-8.482983589172363,8.607762336730957,0.0018804287537932396,2.2642524242401123,0.040478624403476715,48.74092102050781,0.00546875037252903,0.041973717510700226,2790.0,0.00036230052,,,,,,,,,,,,,,,,,,,,,,,,,,,,,,,,,,,,,,,,,,,,,
14336000,-3.9278125762939453,84.1069107055664,0.44901315789473684,0.2945765733718872,0.879263162612915,6.396651268005371e-05,1.1420249938964843e-05,0.003945215940475464,0.008772120475769044,0.02533137798309326,0.025477946996688844,0.005669553279876709,1.199205207824707,56.234375,-2.8117185,82.03125,-3.827327,0.44921875,0.9992185519281043,0.9999810928048639,4172.722163165695,2798.0,0.00013215541839599608,-0.2944444179534912,1.19978928565979,1.0,1.0,0.4664735198020935,-0.005203165113925934,-1.3587019443511963,0.09806536138057709,0.14358441531658173,1.0,-0.11757579445838928,-5.164691925048828,5.2822675704956055,0.0006066603236831725,0.7304887771606445,0.04048767313361168,48.75181579589844,0.004687500186264515,0.18765273690223694,2800.0,0.00036216533,,,,,,,,,,,,,,,,,,,,,,,,,,,,,,,,,,,,,,,,,,,,,
14387200,-3.7725188732147217,81.47343444824219,0.4765625,0.3225581645965576,0.8605710744857789,6.0567855834960936e-05,1.2278556823730469e-05,0.0035456228256225586,0.008380087614059449,0.021553659439086915,0.025532793998718262,0.005476566553115844,1.2047192573547363,52.55078,-2.6275387,81.359375,-3.7760482,0.4765625,0.9992350457059568,0.9999800117111582,4172.953065280249,2808.0,0.0002023458480834961,-0.32235581874847413,1.2049403190612793,1.0,0.0,0.9752089977264404,0.03282409533858299,-1.3569122552871704,0.2632071375846863,0.15336698293685913,1.0,-0.11775512993335724,-5.328890800476074,5.446645736694336,0.0010261896532028913,1.2356503009796143,0.04051804542541504,48.78838348388672,0.0054687499068677425,0.1414702832698822,2810.0,0.00036203017,,,,,,,,,,,,,,,,,,,,,,,,,,,,,,,,,,,,,,,,,,,,,
14438400,-3.8632984161376953,82.99185943603516,0.4609120521172638,0.30152249336242676,0.9006965637207032,6.575465202331543e-05,1.2755393981933594e-05,0.003876770734786987,0.009617592096328736,0.02289416790008545,0.025452719926834108,0.005986100435256958,1.2251489877700805,53.5,-2.6749997,85.08984,-3.9764547,0.44921875,0.9992030536753289,0.999981220738773,4172.969308282265,2818.0,0.00016789436340332032,-0.30135459899902345,1.2162458896636963,1.0,1.0,0.8385396003723145,0.018813177943229675,-1.3060753345489502,0.21602793037891388,0.3861512243747711,1.0,-0.11826533079147339,-5.554330825805664,5.672595500946045,0.0008446244173683226,1.0170249938964844,0.04052814096212387,48.800537109375,0.005664062686264515,0.0600978285074234,2820.0,0.00036189498,,,,,,,,,,,,,,,,,,,,,,,,,,,,,,,,,,,,,,,,,,,,,
14489600,-4.069509029388428,86.25806427001953,0.38030560271646857,0.26052021980285645,0.9264541387557983,7.021784782409668e-05,1.3971328735351563e-05,0.004156081676483154,0.009659978151321412,0.02246060371398926,0.025906155109405516,0.0064921402931213375,1.2094741344451905,55.039062,-2.7519526,87.21094,-4.123996,0.359375,0.9991767782550874,0.9999791638009501,4173.11627224162,2828.0,0.00015707015991210936,-0.2603631496429443,1.2066714763641357,1.0,1.0,0.9727849364280701,0.11526541411876678,-1.3422610759735107,0.3453693389892578,0.27219751477241516,1.0,-0.11817777156829834,-5.165841102600098,5.2840189933776855,0.0007526515983045101,0.9062790274620056,0.04056859016418457,48.84925079345703,0.0052734375931322575,0.11036424338817596,2830.0,0.00036175983,,,,,,,,,,,,,,,,,,,,,,,,,,,,,,,,,,,,,,,,,,,,,
14540800,-3.968214511871338,85.00645446777344,0.45161290322580644,0.27040603160858157,0.9117897272109985,7.03120231628418e-05,1.3828277587890625e-05,0.004134275913238525,0.009357011318206787,0.020464563369750978,0.02551786780357361,0.0064725720882415775,1.2026997089385987,49.164062,-2.4582028,85.08594,-3.944802,0.46875,0.9991785997799925,0.9999787490830091,4173.339198905914,2838.0,0.00011866092681884765,-0.27028737068176273,1.2089850902557373,1.0,1.0,1.556816816329956,0.17121806740760803,-1.3740942478179932,0.5467113256454468,0.07041849195957184,1.0,-0.12105626612901688,-6.421823501586914,6.542879581451416,0.0013795490376651287,1.6611356735229492,0.04061869531869888,48.909584045410156,0.007031249813735485,0.030655398964881897,2840.0,0.00036162464,,,,,,,,,,,,,,,,,,,,,,,,,,,,,,,,,,,,,,,,,,,,,
14592000,-3.877364158630371,83.494140625,0.46901172529313234,0.2691732168197632,0.9054634094238281,6.647467613220215e-05,1.4281272888183593e-05,0.003928190469741822,0.009695677757263184,0.02482922077178955,0.02547402262687683,0.006072790622711182,1.1995057106018066,54.453125,-2.722656,82.80078,-3.8232608,0.4921875,0.9992045107932279,0.9999786726204707,4173.603802363608,2848.0,0.00019702911376953124,-0.2689761877059937,1.2363123893737793,1.0,0.0,0.7819121479988098,0.0241539403796196,-1.3644695281982422,0.2060878872871399,0.14716586470603943,1.0,-0.11742012202739716,-5.366347312927246,5.483766555786133,0.0007438083412125707,0.8956308364868164,0.04064701497554779,48.94368362426758,0.005664062686264515,0.04997944086790085,2850.0,0.00036148948,,,,,,,,,,,,,,,,,,,,,,,,,,,,,,,,,,,,,,,,,,,,,
14643200,-3.815406560897827,81.88225555419922,0.4661290322580645,0.33914387226104736,0.8529716730117798,5.748510360717774e-05,1.201629638671875e-05,0.003329581022262573,0.008460230827331543,0.016110944747924804,0.025482072830200195,0.005287185907363891,1.2082629442214965,56.14453,-2.8072262,84.41797,-3.9487166,0.46875,0.9992490264134911,0.9999797743492219,4173.818274712875,2858.0,0.00022280216217041016,-0.33892107009887695,1.2067680358886719,1.0,1.0,0.7380384802818298,-0.03176036477088928,-1.3647634983062744,0.1392127126455307,0.14341925084590912,1.0,-0.11771002411842346,-5.531182765960693,5.648892879486084,0.0008455650531686842,1.0181574821472168,0.04069501534104347,49.0014762878418,0.0033203125931322575,0.13418011367321014,2860.0,0.00036135432,,,,,,,,,,,,,,,,,,,,,,,,,,,,,,,,,,,,,,,,,,,,,
14694400,-3.8985977172851562,83.5031967163086,0.43929712460063897,0.29539320468902586,0.8944852113723755,6.839036941528321e-05,1.2993812561035156e-05,0.004023494720458984,0.009107567071914673,0.024066758155822755,0.02522585988044739,0.006262229681015015,1.2139859914779663,51.953125,-2.5976558,81.32031,-3.7895055,0.44921875,0.9991789949146036,0.9999770809149559,4173.911406309622,2868.0,0.00019545555114746093,-0.2951977491378784,1.2077810764312744,1.0,1.0,0.4580262303352356,-0.057967595756053925,-1.3687832355499268,0.04291706159710884,0.10164517909288406,1.0,-0.11756796389818192,-5.373082637786865,5.490650653839111,0.0006015191320329905,0.7242981195449829,0.040709882974624634,49.019378662109375,0.0033203125931322575,0.18340077996253967,2870.0,0.00036121914,,,,,,,,,,,,,,,,,,,,,,,,,,,,,,,,,,,,,,,,,,,,,
14745600,-3.764650344848633,81.19523620605469,0.473015873015873,0.2906747579574585,0.8806151866912841,6.117105484008789e-05,1.2230873107910156e-05,0.00355613112449646,0.009181334972381591,0.02213735580444336,0.025487685203552247,0.005710934400558472,1.1934630632400514,52.13672,-2.6068358,81.19531,-3.7972894,0.4375,0.9992391096760157,0.9999802826627131,4174.238731711147,2878.0,0.00021927356719970704,-0.2904554843902588,1.21010422706604,1.0,1.0,1.178274393081665,0.09775269031524658,-1.3553050756454468,0.37894222140312195,0.17772433161735535,1.0,-0.11535418778657913,-4.964458465576172,5.079812526702881,0.0010531815933063626,1.2681517601013184,0.04078694432973862,49.11216735839844,0.0078125,0.17690983414649963,2880.0,0.00036108395,,,,,,,,,,,,,,,,,,,,,,,,,,,,,,,,,,,,,,,,,,,,,
14796800,-3.8647687435150146,82.85713958740234,0.4485049833887043,0.28744897842407224,0.908776068687439,7.040619850158692e-05,1.239776611328125e-05,0.004117362499237061,0.009468836784362793,0.021788763999938964,0.02540826439857483,0.006336390972137451,1.2180514574050902,57.29297,-2.864648,83.66797,-3.9174292,0.43359375,0.9991737770645204,0.9999792713785831,4174.264552800907,2888.0,0.0001748800277709961,-0.28727409839630125,1.2958908081054688,1.0,0.0,1.1514064073562622,0.10517042875289917,-1.344953179359436,0.37982335686683655,0.19869756698608398,1.0,-0.11819501221179962,-5.698716640472412,5.816911697387695,0.0009609301341697574,1.1570703983306885,0.04084797576069832,49.18566131591797,0.0062500000931322575,0.14766225218772888,2890.0,0.0003609488,,,,,,,,,,,,,,,,,,,,,,,,,,,,,,,,,,,,,,,,,,,,,
14848000,-3.912463426589966,83.71065521240234,0.43879173290937995,0.3144494295120239,0.8667870998382569,6.199002265930176e-05,1.3256072998046875e-05,0.0036096060276031494,0.008767826557159424,0.015527558326721192,0.02519550919532776,0.005668544769287109,1.1968026161193848,51.61328,-2.5806637,83.1875,-3.8856022,0.44921875,0.9991721515033439,0.9999788834273552,4174.603226958981,2898.0,0.0001921415328979492,-0.314257287979126,1.2102062702178955,1.0,1.0,1.1015055179595947,0.050199709832668304,-1.353698968887329,0.31225475668907166,0.1935979425907135,1.0,-0.11882273107767105,-5.517363548278809,5.636186599731445,0.0007423591450788081,0.8938857913017273,0.04093113914132118,49.28580093383789,0.006250000558793545,0.10866502672433853,2900.0,0.00036081363,,,,,,,,,,,,,,,,,,,,,,,,,,,,,,,,,,,,,,,,,,,,,
14899200,-3.722029209136963,80.75404357910156,0.5048543689320388,0.3273338556289673,0.8653533935546875,6.0400962829589845e-05,1.2063980102539063e-05,0.0034746932983398438,0.009015798568725586,0.021040749549865723,0.025203474760055543,0.005479968786239624,1.2137629032135009,56.66797,-2.833398,79.49609,-3.640268,0.5390625,0.9992296025694829,0.9999811820745077,4174.711723042233,2908.0,0.00024194717407226561,-0.327091908454895,1.2083139419555664,1.0,1.0,1.306204080581665,0.09084653854370117,-1.3484230041503906,0.40419888496398926,0.2456894814968109,1.0,-0.11721021682024002,-5.318047523498535,5.435257911682129,0.0008785596583038568,1.0578868389129639,0.0409429632127285,49.30003356933594,0.00644531287252903,0.13156375288963318,2910.0,0.00036067844,,,,,,,,,,,,,,,,,,,,,,,,,,,,,,,,,,,,,,,,,,,,,
14950400,-3.7312285900115967,80.58985900878906,0.4715821812596006,0.2827524900436401,0.9008419752120972,6.952643394470215e-05,1.3518333435058594e-05,0.004080613851547241,0.00897101402282715,0.025614595413208006,0.02554955005645752,0.006334325075149536,1.2092517375946046,51.73047,-2.586523,80.671875,-3.7213497,0.48828125,0.9991770072510224,0.9999758870784985,4174.856184866248,2918.0,0.00028822422027587893,-0.28246426582336426,1.2095191478729248,1.0,1.0,1.153221607208252,0.04874202609062195,-1.3599287271499634,0.32356810569763184,0.14084595441818237,1.0,-0.1191711351275444,-5.558346748352051,5.677517890930176,0.0008554832311347127,1.0301002264022827,0.04097440838813782,49.33789825439453,0.005859375,0.09827543050050735,2920.0,0.0003605433,,,,,,,,,,,,,,,,,,,,,,,,,,,,,,,,,,,,,,,,,,,,,
15001600,-3.7352750301361084,80.7779541015625,0.4904153354632588,0.2810754060745239,0.898179578781128,6.662130355834961e-05,1.3303756713867187e-05,0.003883410692214966,0.009206576347351074,0.02639482021331787,0.025501167774200438,0.006214271783828735,1.2056899070739746,54.203125,-2.710156,79.83984,-3.6837368,0.50390625,0.9991776469032407,0.9999777735152847,4175.018195922092,2928.0,0.00023896694183349608,-0.2808364391326904,1.2049896717071533,1.0,1.0,1.0853773355484009,0.05905475839972496,-1.3729751110076904,0.31671181321144104,0.08161500096321106,1.0,-0.1199815645813942,-5.543795585632324,5.6637773513793945,0.0009300080128014088,1.119836688041687,0.040984008461236954,49.349456787109375,0.0062500000931322575,0.15040679275989532,2930.0,0.0003604081,,,,,,,,,,,,,,,,,,,,,,,,,,,,,,,,,,,,,,,,,,,,,
15022080,,,,,,,,,,,,,,,,,,,,,,,,,,,,,,,,,,,,,,,,,,,,,-5.417094293359888,109.546875,0.09375,0.0,0.0,0.0,0.0,0.0,0.0,0.0,0.0,1.0,0.0,0.0,0.0,-5.444438043359888,110.09375,0.09375,0.0,0.0,0.0,0.0,0.0,0.0,0.0,0.0,1.0,0.0,0.0,0.0,-5.444438043359888,110.09375,0.09375,0.0,0.0,0.0,0.0,0.0,0.0,0.0,0.0,1.0,0.0,0.0,0.0
15052800,-3.795067310333252,81.5904769897461,0.4650793650793651,0.19053030014038086,0.861864972114563,6.709098815917968e-05,1.3327598571777343e-05,0.004588683843612671,0.008628801107406617,0.025277543067932128,0.023498884439468383,0.006273400783538818,1.077709436416626,53.414062,-2.6707027,83.39453,-3.89111,0.44921875,0.9991556115001818,0.9999783861081744,4171.335541553057,2938.0,0.02093813419342041,-0.16959216594696044,1.199963092803955,1.0,1.0,0.9423315525054932,0.0084368996322155,-1.368764877319336,0.23040959239006042,0.10857567191123962,1.0,-0.12156225740909576,-5.73466157913208,5.856224060058594,0.0007849952089600265,0.9452245235443115,0.04102553054690361,49.39945602416992,0.005664062686264515,0.1310165524482727,2940.0,0.00036027294,,,,,,,,,,,,,,,,,,,,,,,,,,,,,,,,,,,,,,,,,,,,,
15104000,-3.9569718837738037,84.75371551513672,0.45289256198347105,0.2973442554473877,0.8669314622879029,6.236553192138671e-05,1.2636184692382812e-05,0.0036711931228637696,0.008880335092544555,0.020635247230529785,0.024909980297088623,0.005787538290023804,1.1849485635757446,53.117188,-2.655859,88.37109,-4.163515,0.41796875,0.999188845220585,0.9999789337478442,4171.790660742824,2948.0,0.00022232532501220703,-0.2971219301223755,1.2018473148345947,1.0,1.0,1.0398194789886475,-0.04666105657815933,-1.3547859191894531,0.1999484896659851,0.17884951829910278,1.0,-0.12481538951396942,-6.6615495681762695,6.786364555358887,0.0009760765242390335,1.175308346748352,0.041054435074329376,49.43425750732422,0.004687500186264515,0.16752001643180847,2950.0,0.00036013775,,,,,,,,,,,,,,,,,,,,,,,,,,,,,,,,,,,,,,,,,,,,,
15155200,-3.862471103668213,83.0434799194336,0.46215780998389694,0.35092546939849856,0.8341176986694336,5.493760108947754e-05,1.1563301086425781e-05,0.0031766819953918455,0.008627758026123047,0.026499080657958984,0.024726914167404176,0.0050886404514312745,1.211575412750244,51.671875,-2.5835934,83.67578,-3.8780246,0.46875,0.9992578339464266,0.9999821713753521,4171.939114261681,2958.0,0.00022630691528320314,-0.35069916248321537,1.2076189517974854,1.0,1.0,0.7571894526481628,0.11945974081754684,-1.3565781116485596,0.29535573720932007,0.16962699592113495,1.0,-0.11911062896251678,-4.744009017944336,4.863119125366211,0.000988049665465951,1.1897255182266235,0.041092805564403534,49.48046112060547,0.005859375,0.06650348007678986,2960.0,0.0003600026,,,,,,,,,,,,,,,,,,,,,,,,,,,,,,,,,,,,,,,,,,,,,
15206400,-3.9774553775787354,85.34576416015625,0.46271186440677964,0.2509518384933472,0.9046141862869262,7.223725318908692e-05,1.3875961303710938e-05,0.004242126941680908,0.009146485328674316,0.037053489685058595,0.02528805732727051,0.00644360065460205,1.1926610946655274,54.976562,-2.7488277,82.47656,-3.80122,0.5078125,0.999155401064707,0.9999767710718364,4172.300123695456,2968.0,0.0003360271453857422,-0.25061581134796146,1.1974492073059082,1.0,0.0,0.08052781224250793,-0.04632105305790901,-1.1617958545684814,-0.03617249056696892,0.5394223928451538,1.0,-0.11628729104995728,-3.039384126663208,3.1556711196899414,0.000614767603110522,0.7402508854866028,0.041296251118183136,49.725433349609375,0.0044921874068677425,0.11908092349767685,2970.0,0.0003598674,,,,,,,,,,,,,,,,,,,,,,,,,,,,,,,,,,,,,,,,,,,,,
15257600,-3.9337239265441895,84.20065307617188,0.4469820554649266,0.303960919380188,0.8748508214950561,6.52158260345459e-05,1.2636184692382812e-05,0.003760639429092407,0.009043754339218139,0.02471163272857666,0.025049796104431154,0.005787159204483032,1.2035615682601928,53.35547,-2.667773,85.78516,-4.0183,0.4296875,0.999177547288987,0.9999787643005944,4172.515485173217,2978.0,0.00016829967498779296,-0.3037926197052002,1.2015676498413086,1.0,1.0,0.2583995759487152,0.014466793276369572,-1.2155778408050537,0.06843581795692444,0.574509859085083,1.0,-0.11902791261672974,-4.085043907165527,4.204071998596191,0.0006098712328821421,0.734355092048645,0.041326604783535004,49.761985778808594,0.005859375,0.06436214596033096,2980.0,0.00035973225,,,,,,,,,,,,,,,,,,,,,,,,,,,,,,,,,,,,,,,,,,,,,
15308800,-3.722013473510742,80.68338775634766,0.5,0.3145933151245117,0.8645677328109741,6.0073137283325196e-05,1.2803077697753907e-05,0.0034495496749877928,0.009160596132278442,0.021176743507385253,0.024998780488967896,0.005526298284530639,1.2003735542297362,52.277344,-2.6138668,83.91406,-3.881264,0.49609375,0.9992345556919403,0.9999808728632128,4172.741117956979,2988.0,0.00033135414123535155,-0.31426196098327636,1.1985738277435303,1.0,1.0,0.2844809591770172,0.01613789238035679,-1.2655556201934814,0.07565996050834656,0.468484491109848,1.0,-0.12284567952156067,-4.5216217041015625,4.644467353820801,0.0003140567569062114,0.3781604468822479,0.0413990393280983,49.84920120239258,0.006054687313735485,0.16142933070659637,2990.0,0.00035959706,,,,,,,,,,,,,,,,,,,,,,,,,,,,,,,,,,,,,,,,,,,,,
15360000,-3.812408924102783,82.28119659423828,0.46921797004991683,0.3335124015808105,0.8338409185409545,5.698084831237793e-05,1.1515617370605468e-05,0.0032491540908813478,0.00833780288696289,0.024813747406005858,0.025024110078811647,0.004991122484207153,1.1922023057937623,59.109375,-2.9554684,81.80469,-3.8015943,0.46875,0.9992114673880519,0.9999801018262544,4173.077853585326,2998.0,0.0003290414810180664,-0.33318336009979244,1.202003002166748,1.0,1.0,0.26073190569877625,-0.01754845306277275,-1.3327317237854004,0.034762561321258545,0.25263917446136475,1.0,-0.12258175015449524,-4.434385299682617,4.556966781616211,0.00034044438507407904,0.4099341630935669,0.04146839678287506,49.932716369628906,0.0044921874068677425,0.2186294049024582,3000.0,0.0003594619,,,,,,,,,,,,,,,,,,,,,,,,,,,,,,,,,,,,,,,,,,,,,
15411200,-3.811896324157715,82.1242446899414,0.45606060606060606,0.3367262363433838,0.8311457633972168,5.5375099182128904e-05,1.2111663818359374e-05,0.003059368133544922,0.0082538104057312,0.022794508934020997,0.025395424365997316,0.004760807752609253,1.1907017230987549,47.382812,-2.3691401,80.02344,-3.6785617,0.48828125,0.999217888985846,0.9999805973571158,4173.444887015989,3008.0,0.0001803159713745117,-0.33654592037200926,1.1991345882415771,1.0,0.0,1.3094807863235474,0.19891320168972015,-1.3418214321136475,0.5132318735122681,0.25196927785873413,1.0,-0.12726177275180817,-5.592255592346191,5.719517707824707,0.001892369007691741,2.278630256652832,0.04152928292751312,50.00603485107422,0.007617187686264515,0.04924263060092926,3010.0,0.00035932672,,,,,,,,,,,,,,,,,,,,,,,,,,,,,,,,,,,,,,,,,,,,,
15462400,-4.055006504058838,86.30017852783203,0.42095914742451157,0.3156311273574829,0.8783751010894776,6.477832794189453e-05,1.33514404296875e-05,0.003708223104476929,0.009249222278594971,0.023627638816833496,0.025317087173461914,0.005543699264526367,1.2176738262176514,57.589844,-2.8794923,86.890625,-4.0910892,0.41015625,0.9991861129618208,0.9999781488992743,4173.542673051081,3018.0,0.00028879642486572265,-0.31534233093261715,1.1979663372039795,1.0,1.0,0.4136912226676941,-0.03140544146299362,-1.3296204805374146,0.05918780714273453,0.29120123386383057,1.0,-0.12727341055870056,-4.963163375854492,5.090436935424805,0.000571559532545507,0.6882233619689941,0.04153742641210556,50.015838623046875,0.003710937686264515,0.23303256928920746,3020.0,0.00035919156,,,,,,,,,,,,,,,,,,,,,,,,,,,,,,,,,,,,,,,,,,,,,
15513600,-3.8905892372131348,83.48966979980469,0.4562798092209857,0.33047373294830323,0.8297127246856689,5.9355497360229495e-05,1.0895729064941407e-05,0.0031956005096435546,0.008189524412155152,0.020957159996032714,0.025099515914916992,0.004909002780914306,1.1811761379241943,52.453125,-2.6226559,84.01953,-3.9493318,0.43359375,0.9992132910989023,0.999981692345087,4174.001018267391,3028.0,0.0002106904983520508,-0.3302630424499512,1.1985461711883545,1.0,1.0,0.7465348839759827,0.025483421981334686,-1.3662816286087036,0.1985855996608734,0.15245410799980164,1.0,-0.12714537978172302,-4.879877090454102,5.007022380828857,0.0005856043426319957,0.7051349878311157,0.0415954664349556,50.085723876953125,0.00644531287252903,0.10410043597221375,3030.0,0.00035905637,,,,,,,,,,,,,,,,,,,,,,,,,,,,,,,,,,,,,,,,,,,,,
15564800,-3.887131690979004,83.24595642089844,0.459546925566343,0.3791398048400879,0.8010356664657593,4.9920082092285155e-05,1.1420249938964843e-05,0.0027856910228729248,0.007954241037368774,0.018512558937072755,0.025136811733245848,0.004095603227615357,1.1987223625183105,51.492188,-2.5746093,85.20703,-3.992642,0.45703125,0.9992630485425699,0.9999808862951355,4174.272628499784,3038.0,0.0002744913101196289,-0.3788653135299683,1.1997888088226318,1.0,1.0,0.9450143575668335,0.14043711125850677,-1.3582813739776611,0.363294780254364,0.18624445796012878,1.0,-0.12922051548957825,-5.509004592895508,5.638225078582764,0.0010269442573189735,1.2365590333938599,0.04165764898061752,50.16059494018555,0.00742187537252903,0.11577650904655457,3040.0,0.0003589212,,,,,,,,,,,,,,,,,,,,,,,,,,,,,,,,,,,,,,,,,,,,,
15616000,-3.8748066425323486,83.40264129638672,0.4603960396039604,0.34866416454315186,0.8431391239166259,5.6906938552856446e-05,1.1706352233886719e-05,0.003298816680908203,0.008482201099395752,0.0254793643951416,0.025138483047485352,0.0051460576057434084,1.2173192501068115,54.0625,-2.7031248,79.28516,-3.6354985,0.49609375,0.9991818473898944,0.999979552693629,4174.329072216448,3048.0,0.000263667106628418,-0.34840049743652346,1.2271571159362793,1.0,0.0,1.0711015462875366,0.06938885152339935,-1.3246105909347534,0.32438215613365173,0.25429195165634155,1.0,-0.12857791781425476,-5.2121100425720215,5.340688228607178,0.0011394326575100422,1.3720078468322754,0.041686590760946274,50.19544982910156,0.006640625186264515,0.1786910891532898,3050.0,0.00035878603,,,,,,,,,,,,,,,,,,,,,,,,,,,,,,,,,,,,,,,,,,,,,
15667200,-3.8703861236572266,83.25287628173828,0.458128078817734,0.31337025165557864,0.8491813182830811,5.859971046447754e-05,1.2302398681640625e-05,0.003383786678314209,0.008802895545959472,0.02472555637359619,0.025172053575515746,0.0050082731246948245,1.1873127937316894,56.01172,-2.8005857,80.56641,-3.7020884,0.49609375,0.9992120109454841,0.9999803210907224,4174.755399011567,3058.0,0.0002090930938720703,-0.31316115856170657,1.200253963470459,1.0,1.0,0.8778835535049438,0.0315047949552536,-1.2579002380371094,0.2393016517162323,0.3749876618385315,1.0,-0.1266813576221466,-4.966517448425293,5.093198776245117,0.0006351303309202194,0.7647699117660522,0.04171374812722206,50.2281494140625,0.007031250279396772,0.19393907487392426,3060.0,0.00035865087,,,,,,,,,,,,,,,,,,,,,,,,,,,,,,,,,,,,,,,,,,,,,
15718400,-3.965925931930542,84.8963851928711,0.4292763157894737,0.29906501770019533,0.8855151653289794,6.416082382202149e-05,1.2278556823730469e-05,0.003771712779998779,0.009162940979003907,0.022250938415527343,0.02562683343887329,0.005615181922912597,1.2068686723709106,54.382812,-2.71914,81.19531,-3.7626185,0.453125,0.9992111186074288,0.9999790595530704,4174.923154594751,3068.0,0.00021505355834960938,-0.2988499641418457,1.197991132736206,1.0,1.0,0.8057239055633545,0.0025327997282147408,-1.3485584259033203,0.19081611931324005,0.26677972078323364,1.0,-0.1330249011516571,-6.321348190307617,6.454372882843018,0.0006715944036841393,0.8086768388748169,0.04168686643242836,50.19578170776367,0.00449218787252903,0.15917110443115234,3070.0,0.0003585157,,,,,,,,,,,,,,,,,,,,,,,,,,,,,,,,,,,,,,,,,,,,,
15769600,-3.812912940979004,82.25318145751953,0.4713375796178344,0.3945094347000122,0.7791686534881592,4.519939422607422e-05,1.049041748046875e-05,0.002419799566268921,0.007406657934188843,0.013501787185668945,0.025329315662384035,0.003731106519699097,1.1872108936309815,52.60547,-2.630273,79.515625,-3.6652803,0.48046875,0.9993235457426832,0.9999827091885942,4175.313582656844,3078.0,0.00015769004821777343,-0.39435174465179446,1.2000503540039062,1.0,1.0,0.7562780380249023,0.009210392832756042,-1.3147289752960205,0.1856965869665146,0.3330782651901245,1.0,-0.12943202257156372,-5.414483547210693,5.543915748596191,0.0005540341371670365,0.6671208143234253,0.04174172878265381,50.261844635009766,0.00546875037252903,0.10139208287000656,3080.0,0.00035838052,,,,,,,,,,,,,,,,,,,,,,,,,,,,,,,,,,,,,,,,,,,,,
15820800,-3.8138623237609863,82.26272583007812,0.4696223316912972,0.32935926914215086,0.8571805000305176,5.885720252990723e-05,1.2159347534179688e-05,0.0034643900394439697,0.008635029792785645,0.01951746940612793,0.025581802129745482,0.005085633993148804,1.2060922145843507,56.910156,-2.8455076,80.890625,-3.7137165,0.515625,0.9992227577769003,0.9999810821612609,4175.495353598653,3088.0,0.00015430450439453126,-0.32920496463775634,1.2305712699890137,1.0,0.0,1.0305085182189941,0.04488733410835266,-1.352477788925171,0.28924351930618286,0.22594517469406128,1.0,-0.12947174906730652,-5.332787990570068,5.462259292602539,0.0009012554073706269,1.0852150917053223,0.041781239211559296,50.309417724609375,0.00546875037252903,0.06987877190113068,3090.0,0.00035824534,,,,,,,,,,,,,,,,,,,,,,,,,,,,,,,,,,,,,,,,,,,,,
15872000,-3.4996559619903564,76.99263763427734,0.5493372606774669,0.3402362108230591,0.8393416404724121,5.620121955871582e-05,1.113414764404297e-05,0.0031696391105651856,0.008726868629455566,0.021245765686035156,0.025003057718276978,0.004979981184005737,1.2008583545684814,52.69922,-2.6349604,73.75781,-3.3014855,0.60546875,0.9992533633446141,0.9999803445266953,4175.769045875235,3098.0,0.00023317337036132812,-0.3400030374526978,1.2025318145751953,1.0,1.0,0.5851488709449768,-0.002512924373149872,-1.3583351373672485,0.1303851306438446,0.1719178855419159,1.0,-0.1225406751036644,-3.5897443294525146,3.712285041809082,0.000503120943903923,0.6058155298233032,0.04181435704231262,50.34929656982422,0.007617187220603228,0.11342673748731613,3100.0,0.00035811018,,,,,,,,,,,,,,,,,,,,,,,,,,,,,,,,,,,,,,,,,,,,,
15923200,-3.937333583831787,84.48509979248047,0.4519867549668874,0.30727102756500246,0.8642760515213013,6.066322326660156e-05,1.2135505676269531e-05,0.0034876632690429687,0.008744789361953735,0.026187658309936523,0.025323904752731323,0.005563331842422485,1.1977712631225585,53.367188,-2.6683588,83.46484,-3.8830705,0.45703125,0.999225938828478,0.9999796369963172,4176.039024141079,3108.0,0.00019528865814208985,-0.30707573890686035,1.2033655643463135,1.0,1.0,1.0014920234680176,0.08219560980796814,-1.3627947568893433,0.3190811276435852,0.1564536690711975,1.0,-0.12951260805130005,-5.311541557312012,5.441054344177246,0.0009535984136164188,1.1482422351837158,0.0418667197227478,50.41233825683594,0.00644531287252903,0.13043704628944397,3110.0,0.00035797502,,,,,,,,,,,,,,,,,,,,,,,,,,,,,,,,,,,,,,,,,,,,,
15974400,-3.80116868019104,81.93620300292969,0.47208931419457734,0.27607097625732424,0.9021598339080811,7.197260856628418e-05,1.4543533325195312e-05,0.004382230043411255,0.008905656337738037,0.030369114875793458,0.02529603123664856,0.0064136552810668945,1.2086435079574585,52.6875,-2.6343746,82.20703,-3.8284035,0.4453125,0.99914768566438,0.9999759735747196,4176.18928096942,3118.0,0.0002674579620361328,-0.2758035182952881,1.204301118850708,1.0,1.0,0.9634408950805664,0.07180503755807877,-1.346097469329834,0.29946279525756836,0.18834224343299866,1.0,-0.13017788529396057,-5.376880645751953,5.507058143615723,0.000961482001002878,1.1577348709106445,0.041945673525333405,50.50741195678711,0.005664062686264515,0.16508513689041138,3120.0,0.00035783983,,,,,,,,,,,,,,,,,,,,,,,,,,,,,,,,,,,,,,,,,,,,,
16020480,,,,,,,,,,,,,,,,,,,,,,,,,,,,,,,,,,,,,,,,,,,,,-5.701627552126492,114.640625,0.046875,0.0,0.0,0.0,0.0,0.0,0.0,0.0,0.0,1.0,0.0,0.0,0.0,-5.6985025521264925,114.578125,0.046875,0.0,0.0,0.0,0.0,0.0,0.0,0.0,0.0,1.0,0.0,0.0,0.0,-5.6985025521264925,114.578125,0.046875,0.0,0.0,0.0,0.0,0.0,0.0,0.0,0.0,1.0,0.0,0.0,0.0
16025600,-3.7677783966064453,81.5945053100586,0.49434571890145396,0.2800978899002075,0.8359610080718994,6.263375282287597e-05,1.3279914855957032e-05,0.003916791677474976,0.008590272665023803,0.018273448944091795,0.023108110427856446,0.00608519434928894,1.134369921684265,55.39453,-2.7697263,80.50781,-3.7095976,0.49609375,0.9991615032091326,0.9999785829536326,4172.753608600252,3128.0,0.02426919937133789,-0.25582869052886964,1.1880640983581543,1.0,1.0,1.0123863220214844,-0.0034861192107200623,-1.3423008918762207,0.2365027666091919,0.24618841707706451,1.0,-0.12933458387851715,-5.2296462059021,5.358981132507324,0.0006135632283985615,0.7388007640838623,0.0419909805059433,50.56196975708008,0.005664062686264515,0.14100736379623413,3130.0,0.00035770467,,,,,,,,,,,,,,,,,,,,,,,,,,,,,,,,,,,,,,,,,,,,,
16076800,-3.7921667098999023,81.84968566894531,0.4810126582278481,0.2568063735961914,0.9002735614776611,6.747126579284668e-05,1.4281272888183593e-05,0.004427052736282348,0.009222105741500855,0.022211599349975585,0.025235095024108888,0.0060261285305023195,1.1793305635452271,53.328125,-2.666406,79.171875,-3.62327,0.53125,0.9992041357820839,0.999979015342029,4173.224231607601,3138.0,0.0001858234405517578,-0.25662055015563967,1.2094602584838867,1.0,1.0,0.9713119268417358,0.029494334012269974,-1.3615634441375732,0.2588322162628174,0.14765778183937073,1.0,-0.12789517641067505,-5.08209228515625,5.209986686706543,0.0009965532226487994,1.1999646425247192,0.042047254741191864,50.62973403930664,0.005859375,0.08735840767621994,3140.0,0.0003575695,,,,,,,,,,,,,,,,,,,,,,,,,,,,,,,,,,,,,,,,,,,,,
16128000,-3.6968672275543213,80.15987396240234,0.49216300940438873,0.3318851709365845,0.8384690046310425,5.5437088012695315e-05,1.1682510375976562e-05,0.003272906541824341,0.008269582986831664,0.0287916898727417,0.025077072381973268,0.005217051506042481,1.1991813898086547,53.554688,-2.677734,79.69141,-3.6721451,0.49609375,0.9992510223587455,0.99998011822222,4173.471386801254,3148.0,0.00022954940795898436,-0.3316556215286255,1.2092742919921875,1.0,1.0,0.699364423751831,-0.04903595894575119,-1.35768723487854,0.11239296197891235,0.16706636548042297,1.0,-0.12759077548980713,-4.923116683959961,5.0507073402404785,0.000520184519700706,0.6263619661331177,0.04209873825311661,50.69171905517578,0.005078124813735485,0.12043876200914383,3150.0,0.00035743433,,,,,,,,,,,,,,,,,,,,,,,,,,,,,,,,,,,,,,,,,,,,,
16179200,-3.888340950012207,83.64006805419922,0.46254071661237783,0.2593750238418579,0.9306526184082031,7.436633110046387e-05,1.652240753173828e-05,0.004482874870300293,0.009436662197113038,0.032767724990844724,0.02588791847229004,0.006610972881317139,1.2228409051895142,52.94922,-2.6474605,84.46094,-3.9373877,0.45703125,0.9991439089623512,0.9999762720228335,4173.463274391995,3158.0,0.0002465009689331055,-0.2591285228729248,1.2077488899230957,1.0,1.0,0.5934268236160278,-0.015412664040923119,-1.3497488498687744,0.11971503496170044,0.20924273133277893,1.0,-0.13014158606529236,-5.233345031738281,5.363486289978027,0.0007151744794100523,0.8611523509025574,0.04210038483142853,50.69370651245117,0.00546875037252903,0.14593499898910522,3160.0,0.00035729914,,,,,,,,,,,,,,,,,,,,,,,,,,,,,,,,,,,,,,,,,,,,,
16230400,-3.816737174987793,82.37316131591797,0.4844517184942717,0.23485884666442872,0.9308558225631713,0.00012483358383178712,1.2183189392089844e-05,0.004419420957565308,0.009980257749557495,0.0228804349899292,0.025800520181655885,0.006180732250213623,1.1886319160461425,56.347656,-2.8173823,83.10156,-3.8683872,0.4609375,0.9992044653009202,0.9999792798435843,4173.807260188481,3168.0,0.0002819538116455078,-0.23457689285278321,1.2019128799438477,1.0,0.0,0.4327598810195923,-0.03681603819131851,-1.2940070629119873,0.059085048735141754,0.2895408272743225,1.0,-0.1286926567554474,-4.975650787353516,5.104343414306641,0.0006361104315146804,0.765950083732605,0.042112451046705246,50.70823287963867,0.004101562779396772,0.23060984909534454,3170.0,0.00035716398,,,,,,,,,,,,,,,,,,,,,,,,,,,,,,,,,,,,,,,,,,,,,
16281600,-3.8660151958465576,82.79331970214844,0.4483306836248013,0.29383509159088134,0.8829326152801513,6.639838218688965e-05,1.2683868408203126e-05,0.0038838446140289306,0.009168258905410766,0.02233126163482666,0.025135568380355834,0.005856767892837524,1.1991363525390626,52.921875,-2.6460934,82.49609,-3.8506289,0.44140625,0.9991892339558378,0.9999794017046163,4174.037531894537,3178.0,0.0003118276596069336,-0.2935232639312744,1.1969213485717773,1.0,1.0,1.0316691398620605,0.10154825448989868,-1.1430120468139648,0.3499389886856079,0.5778541564941406,1.0,-0.13215377926826477,-5.983453750610352,6.115607738494873,0.0011622298043221235,1.3994582891464233,0.042099401354789734,50.69252014160156,0.007031249813735485,0.10770014673471451,3180.0,0.0003570288,,,,,,,,,,,,,,,,,,,,,,,,,,,,,,,,,,,,,,,,,,,,,
16332800,-3.9665682315826416,84.60696411132812,0.42786069651741293,0.3101630926132202,0.8743648052215576,6.505966186523437e-05,1.2040138244628906e-05,0.003869352340698242,0.008605049848556518,0.027152752876281737,0.02531150698661804,0.005832613706588745,1.2117187261581421,53.632812,-2.6816401,80.10156,-3.7087789,0.46875,0.9992072481292905,0.9999785137356749,4174.15914068314,3188.0,0.0002252817153930664,-0.3099378108978272,1.1992652416229248,1.0,1.0,0.5391268134117126,0.026828430593013763,-1.369251012802124,0.1479995846748352,0.10912643373012543,1.0,-0.12967512011528015,-5.03566312789917,5.165338516235352,0.0006697719800285995,0.8064824938774109,0.04206152260303497,50.64691162109375,0.007617187686264515,0.19415590167045593,3190.0,0.00035689364,,,,,,,,,,,,,,,,,,,,,,,,,,,,,,,,,,,,,,,,,,,,,
16384000,-3.6139166355133057,78.80425262451172,0.5053110773899848,0.26160573959350586,0.9079804182052612,7.05575942993164e-05,1.2636184692382812e-05,0.004109411239624023,0.009575817584991455,0.02269749641418457,0.02518710494041443,0.006419180631637573,1.1923205375671386,50.773438,-2.5386715,79.953125,-3.6637962,0.51171875,0.9991861296002551,0.9999796638833849,4174.4689516650305,3198.0,0.00015349388122558593,-0.26145224571228026,1.1996796131134033,1.0,1.0,0.6814477443695068,-0.06964638829231262,-1.3601832389831543,0.08727067708969116,0.16279491782188416,1.0,-0.1292676031589508,-4.670560836791992,4.79982852935791,0.0008836895576678216,1.0640637874603271,0.04207419976592064,50.662174224853516,0.005859375,0.17760944366455078,3200.0,0.00035675845,,,,,,,,,,,,,,,,,,,,,,,,,,,,,,,,,,,,,,,,,,,,,
16435200,-3.713791608810425,80.43820190429688,0.492776886035313,0.2778400659561157,0.8773906469345093,6.516814231872558e-05,1.3017654418945313e-05,0.0037694644927978517,0.008896069526672363,0.025573086738586426,0.025185203552246092,0.005918546915054322,1.1808425426483153,55.01953,-2.750976,80.10547,-3.6962044,0.49609375,0.9992003626261877,0.9999782143988246,4174.910575598892,3208.0,0.00026476383209228516,-0.2775753021240234,1.196310043334961,1.0,0.0,0.6090701818466187,-0.011450909078121185,-1.3504019975662231,0.1275508850812912,0.20489899814128876,1.0,-0.13116301596164703,-5.062320709228516,5.193483829498291,0.0008106146706268191,0.9760732650756836,0.04212099313735962,50.71852111816406,0.005664062686264515,0.29153040051460266,3210.0,0.0003566233,,,,,,,,,,,,,,,,,,,,,,,,,,,,,,,,,,,,,,,,,,,,,
16486400,-3.756891965866089,81.25318145751953,0.4888535031847134,0.32021830081939695,0.8639090299606323,5.901813507080078e-05,1.220703125e-05,0.003388097286224365,0.009199107885360719,0.02048509120941162,0.025113905668258666,0.005402359962463379,1.2046486377716064,55.695312,-2.7847652,80.359375,-3.7073948,0.48828125,0.9992368974160349,0.9999800699140291,4175.135753059896,3218.0,0.00015294551849365234,-0.3200653553009033,1.1983141899108887,1.0,1.0,0.7727012634277344,0.025084009394049644,-1.3505640029907227,0.20504093170166016,0.22131453454494476,1.0,-0.13326755166053772,-5.247027397155762,5.380295753479004,0.0008385455003008246,1.0097053050994873,0.042179860174655914,50.789405822753906,0.006054687313735485,0.2229262888431549,3220.0,0.0003564881,,,,,,,,,,,,,,,,,,,,,,,,,,,,,,,,,,,,,,,,,,,,,
16537600,-3.648066520690918,79.0816650390625,0.49614791987673346,0.27193758487701414,0.8957284927368164,6.638765335083008e-05,1.5115737915039062e-05,0.003931456804275512,0.009286952018737794,0.026476359367370604,0.025291950702667237,0.006173888444900513,1.1941821813583373,55.210938,-2.7605467,77.5625,-3.5784328,0.4921875,0.9992008959590069,0.9999793761457794,4175.434750442812,3228.0,0.00012874603271484375,-0.2718088388442993,1.1959712505340576,1.0,1.0,0.8174033761024475,0.05013521388173103,-1.3570404052734375,0.24109715223312378,0.17486388981342316,1.0,-0.13395169377326965,-5.076226234436035,5.210177898406982,0.0006806041346862912,0.8195257186889648,0.04222285747528076,50.84117889404297,0.0068359375,0.24320366978645325,3230.0,0.00035635295,,,,,,,,,,,,,,,,,,,,,,,,,,,,,,,,,,,,,,,,,,,,,
16588800,-3.807790994644165,82.00643157958984,0.4694533762057878,0.2992158174514771,0.8889948129653931,6.482243537902832e-05,1.2636184692382812e-05,0.0038973462581634523,0.00914007306098938,0.026032066345214842,0.025443271398544312,0.005867165327072143,1.2142794370651244,55.960938,-2.7980466,80.98047,-3.756062,0.4765625,0.9991662005766331,0.9999801494469795,4175.526963235743,3238.0,0.0001873016357421875,-0.29902851581573486,1.1998624801635742,1.0,1.0,1.8228245973587036,0.2186853438615799,-1.3585057258605957,0.6609604954719543,0.14839664101600647,1.0,-0.14032399654388428,-6.9694929122924805,7.109817028045654,0.0017867961432784796,2.151508092880249,0.04231840744614601,50.95623016357422,0.006640625186264515,0.09178542345762253,3240.0,0.00035621776,,,,,,,,,,,,,,,,,,,,,,,,,,,,,,,,,,,,,,,,,,,,,
16640000,-3.8070337772369385,81.90693664550781,0.45741324921135645,0.21790902614593505,0.9346405267715454,7.384181022644042e-05,1.544952392578125e-05,0.0043937361240386965,0.010062587261199952,0.02675445079803467,0.02548789381980896,0.006675286293029785,1.1793431758880615,53.11328,-2.6556637,80.69922,-3.7265968,0.48046875,0.9991722800549415,0.9999798848637906,4175.961514923504,3248.0,0.0001322031021118164,-0.21777682304382323,1.2208564281463623,1.0,0.0,0.7074302434921265,-0.015046528540551662,-1.331261396408081,0.1488761007785797,0.24787503480911255,1.0,-0.13678303360939026,-5.491656303405762,5.628439426422119,0.0008217977010644972,0.9895389080047607,0.042357511818408966,51.00331115722656,0.0052734375931322575,0.18388690054416656,3250.0,0.0003560826,,,,,,,,,,,,,,,,,,,,,,,,,,,,,,,,,,,,,,,,,,,,,
16691200,-3.770098924636841,81.43156433105469,0.4669887278582931,0.29157209396362305,0.8869926452636718,6.490349769592286e-05,1.2755393981933594e-05,0.0038147962093353274,0.009219623804092407,0.024088549613952636,0.025399143695831298,0.005815991163253784,1.202690029144287,55.578125,-2.778906,78.27734,-3.5857532,0.49609375,0.9992068954987919,0.9999800572811977,4176.201092018403,3258.0,0.00013003349304199218,-0.2914420604705811,1.2066938877105713,1.0,1.0,0.5799133777618408,-0.036737728863954544,-1.3431432247161865,0.09510330110788345,0.2104780375957489,1.0,-0.13760241866111755,-5.487307548522949,5.624910354614258,0.000660498917568475,0.7953166961669922,0.042402129620313644,51.05704116821289,0.005078124813735485,0.3748922049999237,3260.0,0.0003559474,,,,,,,,,,,,,,,,,,,,,,,,,,,,,,,,,,,,,,,,,,,,,
16742400,-3.621636152267456,78.60092163085938,0.5100154083204931,0.30665836334228513,0.8750944852828979,6.281018257141113e-05,1.208782196044922e-05,0.003609737157821655,0.009340730905532836,0.019610881805419922,0.024996485710144043,0.005710781812667847,1.2013999700546265,56.3125,-2.8156247,82.0625,-3.811512,0.4765625,0.9992188615976467,0.9999798969513359,4176.383763488961,3268.0,0.00014443397521972655,-0.3065139293670654,1.1973583698272705,1.0,1.0,0.5945731401443481,-0.06698115915060043,-1.3508687019348145,0.06839654594659805,0.19800899922847748,1.0,-0.13625270128250122,-4.757049560546875,4.893301963806152,0.0007880081539042294,0.9488524198532104,0.042353175580501556,50.99809265136719,0.005664062686264515,0.385489821434021,3270.0,0.00035581226,,,,,,,,,,,,,,,,,,,,,,,,,,,,,,,,,,,,,,,,,,,,,
16793600,-3.5931289196014404,78.02591705322266,0.5060975609756098,0.3065678119659424,0.8706016540527344,6.243586540222168e-05,1.2540817260742188e-05,0.0035996150970458982,0.008879088163375855,0.0247328519821167,0.025235620737075807,0.005719504356384277,1.20193772315979,56.371094,-2.8185544,81.36328,-3.785845,0.48046875,0.9992231008706397,0.9999809770994825,4176.585437887528,3278.0,0.00012519359588623047,-0.30644261837005615,1.2016024589538574,1.0,1.0,0.9715739488601685,0.08802581578493118,-1.3019778728485107,0.3186724781990051,0.34897300601005554,1.0,-0.1417703479528427,-7.459916591644287,7.601686477661133,0.0015827647875994444,1.90583074092865,0.04245349019765854,51.1188850402832,0.005859375,0.20735999941825867,3280.0,0.0003556771,,,,,,,,,,,,,,,,,,,,,,,,,,,,,,,,,,,,,,,,,,,,,
16844800,-3.7897090911865234,81.49606323242188,0.462992125984252,0.2555855751037598,0.899098253250122,6.947040557861328e-05,1.4472007751464844e-05,0.0040667736530303955,0.009182713031768798,0.030310606956481932,0.025337519645690917,0.006261563301086426,1.1850358724594117,54.222656,-2.7111325,80.203125,-3.7124336,0.4765625,0.999179786520157,0.999977245295334,4176.97161057661,3288.0,0.0002552986145019531,-0.2553302764892578,1.2375130653381348,1.0,0.0,0.40939825773239136,0.03100534901022911,-1.2817425727844238,0.12148508429527283,0.39185595512390137,1.0,-0.13989204168319702,-5.869471073150635,6.009362697601318,0.0005545223248191178,0.6677086353302002,0.042440351098775864,51.103065490722656,0.0064453124068677425,0.3346242904663086,3290.0,0.0003555419,,,,,,,,,,,,,,,,,,,,,,,,,,,,,,,,,,,,,,,,,,,,,
16896000,-3.6123533248901367,79.02660369873047,0.5305164319248826,0.3058326005935669,0.8695835113525391,6.056666374206543e-05,1.18255615234375e-05,0.0035063719749450686,0.009263925552368164,0.019046616554260255,0.025179147720336914,0.005435725450515747,1.1944963932037354,56.964844,-2.8482418,78.046875,-3.5596323,0.53515625,0.9992309374480437,0.999981716862462,4177.28516812292,3298.0,0.0002172231674194336,-0.3056153774261474,1.1979823112487793,1.0,1.0,0.4598097801208496,-0.09236904233694077,-1.3315248489379883,0.009728442877531052,0.2811362147331238,1.0,-0.1325121372938156,-3.894343852996826,4.026855945587158,0.000772303668782115,0.9299424886703491,0.04255691170692444,51.24341583251953,0.005078124813735485,0.17933762073516846,3300.0,0.00035540675,,,,,,,,,,,,,,,,,,,,,,,,,,,,,,,,,,,,,,,,,,,,,
16947200,-3.8579254150390625,82.916015625,0.4572317262830482,0.2884693145751953,0.9041884183883667,6.909370422363282e-05,1.3208389282226562e-05,0.00411998987197876,0.009081029891967773,0.023983526229858398,0.025534838438034058,0.006361186504364014,1.2166792631149292,48.703125,-2.4351559,81.31641,-3.7841883,0.46484375,0.9990426219144182,0.9999796203214946,4177.322738399656,3308.0,0.000191497802734375,-0.28827781677246095,1.1972284317016602,1.0,1.0,0.8404325246810913,0.06464388966560364,-1.3526809215545654,0.2614625096321106,0.18574310839176178,1.0,-0.1354617178440094,-4.44551944732666,4.5809807777404785,0.0006793217035010457,0.817981481552124,0.04265134409070015,51.35712432861328,0.0064453124068677425,0.06464392691850662,3310.0,0.00035527156,,,,,,,,,,,,,,,,,,,,,,,,,,,,,,,,,,,,,,,,,,,,,
16998400,-3.589991569519043,78.39810180664062,0.5244865718799369,0.28511834144592285,0.860362434387207,6.119728088378906e-05,1.2230873107910156e-05,0.0035694825649261477,0.008825469017028808,0.03021841049194336,0.024950135946273804,0.005578149557113648,1.1757342338562011,54.851562,-2.7425778,77.4375,-3.5479398,0.51953125,0.9992169032075848,0.9999805936942525,4177.749361185707,3318.0,0.00021767616271972656,-0.2849006652832031,1.1944770812988281,1.0,1.0,0.5274633169174194,0.027125611901283264,-1.2703499794006348,0.14707671105861664,0.3521740138530731,1.0,-0.13436663150787354,-4.171955108642578,4.30632209777832,0.0005358261987566948,0.6451963186264038,0.0426609180867672,51.36865234375,0.008007812313735485,0.10663343966007233,3320.0,0.0003551364,,,,,,,,,,,,,,,,,,,,,,,,,,,,,,,,,,,,,,,,,,,,,
17024000,,,,,,,,,,,,,,,,,,,,,,,,,,,,,,,,,,,,,,,,,,,,,-5.898323005748283,118.140625,0.015625,0.0,0.0,0.0,0.0,0.0,0.0,0.0,0.0,1.0,0.0,0.0,0.0,-5.898323005748283,118.140625,0.015625,0.0,0.0,0.0,0.0,0.0,0.0,0.0,0.0,1.0,0.0,0.0,0.0,-5.898323005748283,118.140625,0.015625,0.0,0.0,0.0,0.0,0.0,0.0,0.0,0.0,1.0,0.0,0.0,0.0
17049600,-3.78130841255188,81.20439910888672,0.45440251572327045,0.2640930414199829,0.8240559577941895,6.0347318649291994e-05,1.3232231140136719e-05,0.004485460519790649,0.00791589379310608,0.020352792739868165,0.023086421489715576,0.00562121033668518,1.1085363149642944,53.109375,-2.6554682,83.16016,-3.8846269,0.43359375,0.9991878116662788,0.9999807937919342,4174.411703546547,3328.0,0.026828718185424805,-0.2372643232345581,1.2123522758483887,1.0,1.0,0.9238947033882141,0.03593595698475838,-1.356963038444519,0.2535274028778076,0.1733275055885315,1.0,-0.13866731524467468,-5.556863784790039,5.695531368255615,0.0008195341797545552,0.9868135452270508,0.04268239438533783,51.394508361816406,0.0052734375931322575,0.05530627816915512,3330.0,0.00035500122,,,,,,,,,,,,,,,,,,,,,,,,,,,,,,,,,,,,,,,,,,,,,
17100800,-3.6383278369903564,79.24266052246094,0.5146831530139103,0.2579064846038818,0.9130418777465821,7.127761840820312e-05,1.239776611328125e-05,0.004393384456634521,0.008987451791763306,0.02802259922027588,0.025908533334732056,0.00625279426574707,1.199008321762085,52.835938,-2.6417966,81.48828,-3.777678,0.4765625,0.999153326457723,0.9999791807739956,4174.641427160332,3338.0,0.00022971630096435547,-0.25767676830291747,1.2079706192016602,1.0,1.0,0.8190377950668335,0.02213212288916111,-1.3479927778244019,0.21372856199741364,0.2317095547914505,1.0,-0.13631027936935425,-4.776255130767822,4.9125657081604,0.0007583199767395854,0.9131044149398804,0.04268394410610199,51.3963737487793,0.006640625186264515,0.15935781598091125,3340.0,0.00035486606,,,,,,,,,,,,,,,,,,,,,,,,,,,,,,,,,,,,,,,,,,,,,
17152000,-3.9238998889923096,84.29702758789062,0.4603960396039604,0.31090149879455564,0.8813390970230103,6.361126899719238e-05,1.2826919555664062e-05,0.0037427377700805665,0.009156914949417115,0.02480013370513916,0.025144110918045044,0.005924903154373169,1.2170800685882568,53.289062,-2.6644528,84.70703,-3.9447486,0.46484375,0.9992130885749978,0.9999782165966888,4174.698918985736,3348.0,0.0002949237823486328,-0.310606575012207,1.2110912799835205,1.0,1.0,0.5818231701850891,-0.07966259121894836,-1.3191794157028198,0.05317693576216698,0.32406967878341675,1.0,-0.13964688777923584,-5.275361061096191,5.415008544921875,0.0010919822379946709,1.3148722648620605,0.04274243861436844,51.46681213378906,0.00449218787252903,0.3080606460571289,3350.0,0.00035473087,,,,,,,,,,,,,,,,,,,,,,,,,,,,,,,,,,,,,,,,,,,,,
17203200,-3.846895933151245,82.64238739013672,0.4552980132450331,0.34170482158660886,0.8433758974075317,5.568981170654297e-05,1.2230873107910156e-05,0.003194011449813843,0.008477369546890259,0.019185209274291994,0.02528844714164734,0.005121114253997802,1.204302191734314,58.304688,-2.915234,85.04297,-3.9908466,0.4296875,0.9992372875151005,0.9999800443834294,4174.867770494265,3358.0,0.00024046897888183594,-0.341464352607727,1.2131187915802002,1.0,1.0,0.44183939695358276,0.008230358362197876,-1.3296499252319336,0.1058044508099556,0.26501643657684326,1.0,-0.1431025266647339,-5.912014961242676,6.055117130279541,0.0006484328187070787,0.7807876467704773,0.042783092707395554,51.51576232910156,0.006250000558793545,0.21857774257659912,3360.0,0.00035459572,,,,,,,,,,,,,,,,,,,,,,,,,,,,,,,,,,,,,,,,,,,,,
17254400,-3.7360358238220215,80.68518829345703,0.48148148148148145,0.2930689811706543,0.8913661956787109,6.327748298645019e-05,1.1038780212402343e-05,0.0036685359477996826,0.009204396009445191,0.02478318214416504,0.025831354856491087,0.00576616883277893,1.2092512845993042,54.070312,-2.703515,83.984375,-3.9324734,0.4453125,0.9992241874416636,0.9999819005149382,4174.991585615172,3368.0,0.0002822399139404297,-0.29278674125671383,1.207357406616211,1.0,0.0,0.4774838089942932,0.010129351168870926,-1.3141647577285767,0.11733900755643845,0.39416465163230896,1.0,-0.13847282528877258,-5.991128921508789,6.12960147857666,0.0008160065044648945,0.9825657606124878,0.04286343231797218,51.61250305175781,0.004101562779396772,0.19163833558559418,3370.0,0.00035446053,,,,,,,,,,,,,,,,,,,,,,,,,,,,,,,,,,,,,,,,,,,,,
17305600,-3.6594223976135254,79.88753509521484,0.5349544072948328,0.25301380157470704,0.9287442207336426,7.440805435180663e-05,1.4162063598632812e-05,0.004456796646118164,0.009702565670013428,0.025314831733703615,0.025526195764541626,0.006637634038925171,1.2071118593215941,48.734375,-2.4367185,76.03906,-3.4359536,0.5859375,0.9991470016857679,0.9999794192926277,4175.129657937497,3378.0,0.00016579627990722656,-0.25284800529479984,1.2140889167785645,1.0,1.0,0.7779209613800049,0.0400223582983017,-1.355527639389038,0.22112937271595,0.1686823070049286,1.0,-0.1351151168346405,-3.90948486328125,4.044600009918213,0.000564234796911478,0.67940354347229,0.042871639132499695,51.62238311767578,0.0087890625,0.06398360431194305,3380.0,0.00035432537,,,,,,,,,,,,,,,,,,,,,,,,,,,,,,,,,,,,,,,,,,,,,
17356800,-3.589157819747925,78.35469055175781,0.525,0.29928710460662844,0.8648418426513672,6.04856014251709e-05,1.3875961303710938e-05,0.0034586691856384275,0.009389814138412476,0.028316617012023926,0.024999942779541016,0.005299918651580811,1.192482829093933,52.847656,-2.6423826,79.89844,-3.6672273,0.52734375,0.9992308009550397,0.9999803864156035,4175.419504330283,3388.0,0.00023093223571777344,-0.29905617237091064,1.205482006072998,1.0,1.0,0.7234121561050415,-0.01875792071223259,-1.3450376987457275,0.14894819259643555,0.20828570425510406,1.0,-0.1372939944267273,-4.426494598388672,4.563788414001465,0.0008204423356801271,0.9879069328308105,0.042977698147296906,51.750091552734375,0.006054687779396772,0.11955462396144867,3390.0,0.00035419018,,,,,,,,,,,,,,,,,,,,,,,,,,,,,,,,,,,,,,,,,,,,,
17408000,-3.5014054775238037,76.93543243408203,0.5405405405405406,0.3871345043182373,0.8151615858078003,5.093693733215332e-05,1.0657310485839844e-05,0.002835109233856201,0.007935140132904053,0.010416603088378907,0.025643349885940553,0.00426504135131836,1.2127446413040162,52.695312,-2.6347651,75.50391,-3.433818,0.53125,0.9993007092204804,0.9999824441367221,4175.525994941823,3398.0,0.0003186941146850586,-0.38681581020355227,1.2095341682434082,1.0,1.0,1.0434483289718628,0.10444438457489014,-1.3457975387573242,0.35217222571372986,0.21699653565883636,1.0,-0.13605210185050964,-4.191076278686523,4.3271284103393555,0.0007275710231624544,0.8760792016983032,0.0430574044585228,51.846065521240234,0.00800781324505806,0.041987381875514984,3400.0,0.00035405502,,,,,,,,,,,,,,,,,,,,,,,,,,,,,,,,,,,,,,,,,,,,,
17459200,-3.481694221496582,75.87518310546875,0.5111441307578009,0.3436915159225464,0.8523348808288574,6.040334701538086e-05,1.2254714965820312e-05,0.0035044825077056884,0.008170806169509888,0.01745452880859375,0.02562793970108032,0.00522040843963623,1.2135180711746216,53.226562,-2.6613278,80.26953,-3.7421904,0.44140625,0.9992326049952677,0.999979488645246,4175.622240695849,3408.0,0.0002488851547241211,-0.3434426307678223,1.2117719650268555,1.0,0.0,0.3749462068080902,0.033364102244377136,-1.3168468475341797,0.11450117081403732,0.3084603548049927,1.0,-0.13889849185943604,-4.939535140991211,5.078433990478516,0.0006169814150780439,0.7429165840148926,0.04313569515943527,51.940338134765625,0.0068359375,0.2269822210073471,3410.0,0.00035391984,,,,,,,,,,,,,,,,,,,,,,,,,,,,,,,,,,,,,,,,,,,,,
17510400,-3.5606579780578613,77.9604263305664,0.5372907153729072,0.3512620687484741,0.8412379264831543,5.888819694519043e-05,1.1682510375976562e-05,0.0033809876441955565,0.008369512557983398,0.014671254158020019,0.02541120767593384,0.004809348583221435,1.2072025775909423,53.148438,-2.6574214,76.51172,-3.4861956,0.54296875,0.9992403655405345,0.999983726268248,4175.801614085696,3418.0,0.00013949871063232422,-0.35112257003784175,1.2115294933319092,1.0,1.0,0.501301646232605,-0.04059312492609024,-1.3232460021972656,0.07207493484020233,0.2950780391693115,1.0,-0.136493980884552,-3.8910984992980957,4.027592658996582,0.0005864921258762479,0.7062039375305176,0.0431852862238884,52.00005340576172,0.0072265625931322575,0.11110840737819672,3420.0,0.00035378468,,,,,,,,,,,,,,,,,,,,,,,,,,,,,,,,,,,,,,,,,,,,,
17561600,-3.6683249473571777,79.39789581298828,0.4894894894894895,0.3615790605545044,0.8173756122589111,5.109667778015137e-05,1.1086463928222656e-05,0.002813948392868042,0.007906816005706786,0.019352245330810546,0.02557116627693176,0.00449642539024353,1.1983400106430053,46.589844,-2.329492,80.05859,-3.7121985,0.47265625,0.9992823894186362,0.9999816362345781,4176.018776171737,3428.0,0.00024831295013427734,-0.3613307476043701,1.2127916812896729,1.0,1.0,0.7335472702980042,-0.027865149080753326,-1.3246574401855469,0.14279894530773163,0.27838870882987976,1.0,-0.1394180953502655,-4.807867050170898,4.947284698486328,0.0010672451462596655,1.285085916519165,0.04318118095397949,51.9951057434082,0.007226563058793545,0.1759198009967804,3430.0,0.0003536495,,,,,,,,,,,,,,,,,,,,,,,,,,,,,,,,,,,,,,,,,,,,,
17612800,-3.5110535621643066,76.67147064208984,0.5096153846153846,0.28711137771606443,0.8976782321929931,6.559014320373536e-05,1.2445449829101563e-05,0.003819342851638794,0.009603379964828492,0.022168183326721193,0.025372841358184815,0.005985580682754517,1.2069937467575074,59.703125,-2.985156,80.83984,-3.750738,0.46875,0.9991717163743965,0.9999805234517888,4176.174997610574,3438.0,0.00021529197692871094,-0.2868960857391357,1.2081212997436523,1.0,1.0,0.3584780693054199,-0.13296043872833252,-1.305452585220337,-0.05572967603802681,0.33983972668647766,1.0,-0.14105774462223053,-5.239112854003906,5.3801703453063965,0.0009413485531695187,1.1334919929504395,0.04324004054069519,52.065982818603516,0.0035156249068677425,0.26790034770965576,3440.0,0.00035351433,,,,,,,,,,,,,,,,,,,,,,,,,,,,,,,,,,,,,,,,,,,,,
17664000,-3.5472257137298584,77.46695709228516,0.5066079295154186,0.3769816875457764,0.8305077314376831,5.612254142761231e-05,1.0752677917480469e-05,0.003201366662979126,0.00849222183227539,0.019075489044189452,0.02514718532562256,0.004597653150558472,1.226603055000305,53.628906,-2.6814451,75.33594,-3.4302998,0.53125,0.9992573926080709,0.9999776665363524,4176.135216617707,3448.0,0.0002787590026855469,-0.37670292854309084,1.236769676208496,1.0,0.0,0.5438088774681091,-0.0746590793132782,-1.2755274772644043,0.04950367659330368,0.40501224994659424,1.0,-0.1394784301519394,-4.275235176086426,4.414713382720947,0.000928410911001265,1.1179133653640747,0.043253302574157715,52.08195114135742,0.005664062686264515,0.24922625720500946,3450.0,0.00035337915,,,,,,,,,,,,,,,,,,,,,,,,,,,,,,,,,,,,,,,,,,,,,
17715200,-3.808650016784668,82.06400299072266,0.4592,0.37378480434417727,0.8016325473785401,4.8617124557495115e-05,1.0156631469726563e-05,0.0026449465751647947,0.008180185556411743,0.021921968460083006,0.02514503002166748,0.0040347158908844,1.1973712205886842,53.277344,-2.6638668,81.15234,-3.7475042,0.46875,0.9992981272945295,0.9999818404066841,4176.413048485134,3458.0,0.00029222965240478517,-0.3734925746917725,1.2109904289245605,1.0,1.0,1.166929841041565,0.10807501524686813,-1.3496891260147095,0.3865860402584076,0.19889040291309357,1.0,-0.14416328072547913,-5.586180210113525,5.730343818664551,0.0010662423446774483,1.2838783264160156,0.04330698400735855,52.146583557128906,0.0068359375,0.1509227454662323,3460.0,0.000353244,,,,,,,,,,,,,,,,,,,,,,,,,,,,,,,,,,,,,,,,,,,,,
17766400,-3.3682494163513184,74.51659393310547,0.556998556998557,0.35583446025848386,0.8296925544738769,5.7215690612792966e-05,1.1920928955078125e-05,0.0032190704345703126,0.00819854736328125,0.019048404693603516,0.025186083316802978,0.004792479276657105,1.2046106576919555,51.558594,-2.5779295,70.796875,-3.1454701,0.60546875,0.9992471514514382,0.9999806432585605,4176.5905244123705,3468.0,0.0002590179443359375,-0.35557544231414795,1.2100911140441895,1.0,1.0,1.3119521141052246,0.2007920891046524,-1.3444459438323975,0.5156594514846802,0.21873575448989868,1.0,-0.14060372114181519,-4.751029968261719,4.891633987426758,0.001159693580120802,1.396404504776001,0.04329974576830864,52.137874603271484,0.01035156287252903,0.10882529616355896,3470.0,0.0003531088,,,,,,,,,,,,,,,,,,,,,,,,,,,,,,,,,,,,,,,,,,,,,
17817600,-3.6661055088043213,79.59212493896484,0.5039370078740157,0.3718151807785034,0.8195025205612183,5.458235740661621e-05,1.10626220703125e-05,0.0030509817600250246,0.008194935321807862,0.016954207420349122,0.02499450445175171,0.00465021014213562,1.2083051204681396,54.132812,-2.7066402,79.77734,-3.6750298,0.5,0.9992699962676479,0.9999816692939363,4176.722585160948,3478.0,0.00024087429046630858,-0.3715743064880371,1.2078540325164795,1.0,1.0,0.70751953125,0.013229617848992348,-1.3252363204956055,0.17737682163715363,0.27424490451812744,1.0,-0.14311003684997559,-5.123204708099365,5.266314506530762,0.0006146220839582384,0.7400755882263184,0.04332779347896576,52.17164611816406,0.0062500000931322575,0.14436274766921997,3480.0,0.00035297364,,,,,,,,,,,,,,,,,,,,,,,,,,,,,,,,,,,,,,,,,,,,,
17868800,-3.5572423934936523,77.62538146972656,0.5076452599388379,0.33600454330444335,0.859451174736023,5.8395862579345705e-05,1.2159347534179688e-05,0.003443448543548584,0.009109055995941162,0.018019676208496094,0.025169153213500977,0.005159060955047607,1.2135097980499268,55.82422,-2.7912107,74.03516,-3.3531632,0.54296875,0.9992217320269824,0.9999816693252367,4176.812795129082,3488.0,0.000201416015625,-0.33580312728881834,1.2433171272277832,1.0,0.0,0.72524094581604,-0.06792183220386505,-1.30471670627594,0.10101392865180969,0.3367066979408264,1.0,-0.1419842541217804,-4.607954025268555,4.749938488006592,0.0006497249123640358,0.7823435068130493,0.04342317581176758,52.2864990234375,0.005859375,0.16735589504241943,3490.0,0.00035283848,,,,,,,,,,,,,,,,,,,,,,,,,,,,,,,,,,,,,,,,,,,,,
17920000,-3.5753490924835205,78.0329818725586,0.52023988005997,0.324993896484375,0.8697880268096924,6.170034408569336e-05,1.2230873107910156e-05,0.0034864485263824464,0.009717621803283692,0.019359350204467773,0.024747369289398195,0.005441635847091675,1.2141758441925048,52.51172,-2.625586,77.19141,-3.5246563,0.54296875,0.999203816811093,0.9999816008356873,4176.921746677641,3498.0,0.00020918846130371093,-0.3247847080230713,1.2086639404296875,1.0,1.0,0.9980301856994629,0.06099902093410492,-1.2675487995147705,0.298973023891449,0.4494501054286957,1.0,-0.1419781744480133,-4.831357479095459,4.973335266113281,0.0013043892104178667,1.5706347227096558,0.04346652328968048,52.33869171142578,0.0087890625,0.14555564522743225,3500.0,0.0003527033,,,,,,,,,,,,,,,,,,,,,,,,,,,,,,,,,,,,,,,,,,,,,
17971200,-3.672898292541504,79.34585571289062,0.4679186228482003,0.31600403785705566,0.8657663106918335,6.221532821655273e-05,1.4138221740722656e-05,0.003571336269378662,0.009161655902862548,0.024454545974731446,0.024850432872772218,0.0056057989597320555,1.2062609434127807,54.45703,-2.7228508,79.48828,-3.6876688,0.4609375,0.9991481257430733,0.9999818358809186,4177.080679484366,3508.0,0.00029315948486328123,-0.31571087837219236,1.208000898361206,1.0,1.0,0.8891949653625488,0.08618621528148651,-1.2605679035186768,0.29710471630096436,0.4338747560977936,1.0,-0.1472800374031067,-6.14820671081543,6.2954864501953125,0.0013956684852018952,1.6805453300476074,0.043563324958086014,52.45525360107422,0.0072265625931322575,0.19805794954299927,3510.0,0.00035256814,,,,,,,,,,,,,,,,,,,,,,,,,,,,,,,,,,,,,,,,,,,,,
18022400,-3.6186299324035645,78.65438079833984,0.48847926267281105,0.3249904870986938,0.8660928010940552,6.156206130981445e-05,1.3256072998046875e-05,0.0035847485065460204,0.008763328790664673,0.024766063690185545,0.025517314672470093,0.005342848300933838,1.2158857107162475,54.441406,-2.7220702,76.39844,-3.4887557,0.51171875,0.999195519862668,0.9999809992336357,4177.138792084794,3518.0,0.00022330284118652344,-0.3247671842575073,3.8555142879486084,0.0,1.0,0.8815101385116577,0.0862324982881546,-1.3390092849731445,0.2936263382434845,0.24862459301948547,1.0,-0.14742261171340942,-5.79429817199707,5.941720962524414,0.0011014528572559357,1.3262758255004883,0.043559927493333817,52.4511604309082,0.0072265625931322575,0.33949166536331177,3520.0,0.00035243295,-5.7958231452918945,116.28125,0.03125,0.0,0.0,0.0,0.0,0.0,0.0,0.0,0.0,1.0,0.0,0.0,0.0,-5.691490824040901,114.46875,0.046875,0.0,0.0,0.0,0.0,0.0,0.0,0.0,0.0,1.0,0.0,0.0,0.0,-5.691490824040901,114.46875,0.046875,0.0,0.0,0.0,0.0,0.0,0.0,0.0,0.0,1.0,0.0,0.0,0.0
18073600,-3.435453176498413,75.48833465576172,0.5247813411078717,0.2265855312347412,0.8429094076156616,6.144165992736816e-05,1.2874603271484375e-05,0.004567179679870605,0.008418015241622924,0.019123172760009764,0.023620830774307253,0.0054430079460144045,1.088651418685913,52.15625,-2.6078124,74.89844,-3.4165125,0.51171875,0.9991696597825497,0.9999812313915379,4174.470570313191,3528.0,0.018598365783691406,-0.2079871654510498,1.2016544342041016,1.0,1.0,1.1276555061340332,0.14438168704509735,-1.324469804763794,0.41363292932510376,0.28455421328544617,1.0,-0.148077130317688,-5.721309661865234,5.869386196136475,0.0014102221466600895,1.6980695724487305,0.04361388832330704,52.516136169433594,0.008593750186264515,0.20345380902290344,3530.0,0.0003522978,,,,,,,,,,,,,,,,,,,,,,,,,,,,,,,,,,,,,,,,,,,,,
18124800,-3.375420331954956,74.65615844726562,0.5573065902578797,0.28915066719055177,0.8955159664154053,6.752967834472656e-05,1.3256072998046875e-05,0.0040611159801483155,0.009419124126434326,0.025903820991516113,0.025271140336990357,0.005920568704605103,1.2106107473373413,48.601562,-2.4300776,76.30859,-3.4639874,0.55859375,0.9991888588119133,0.999977666919834,4174.591695846402,3538.0,0.0002274751663208008,-0.28892319202423095,1.204317331314087,1.0,1.0,0.87397301197052,0.007962245494127274,-1.3309986591339111,0.21361471712589264,0.26107460260391235,1.0,-0.1440383791923523,-4.612695693969727,4.7567338943481445,0.0008661226602271199,1.0429112911224365,0.04365704208612442,52.56809997558594,0.008984374813735485,0.24032266438007355,3540.0,0.0003521626,,,,,,,,,,,,,,,,,,,,,,,,,,,,,,,,,,,,,,,,,,,,,
18176000,-3.631561279296875,79.12948608398438,0.5179407176287052,0.25512118339538575,0.9097304105758667,7.227420806884765e-05,1.33514404296875e-05,0.0043151557445526125,0.009069204330444336,0.025626945495605468,0.025474823713302612,0.0065168094635009765,1.190520668029785,50.46875,-2.523437,80.13672,-3.709871,0.49609375,0.999159024069565,0.9999758281201911,4174.875379049083,3548.0,0.0002928018569946289,-0.2548283815383911,1.2053852081298828,1.0,1.0,1.0213205814361572,0.006749063730239868,-1.2704334259033203,0.2503975033760071,0.4002550542354584,1.0,-0.15250083804130554,-7.071567535400391,7.224067687988281,0.0013298860285431147,1.6013356447219849,0.043775737285614014,52.711021423339844,0.0052734375931322575,0.1953098177909851,3550.0,0.00035202745,,,,,,,,,,,,,,,,,,,,,,,,,,,,,,,,,,,,,,,,,,,,,
18227200,-3.6077888011932373,78.49689483642578,0.4953416149068323,0.23677384853363037,0.9481034994125366,7.661461830139161e-05,1.3875961303710938e-05,0.004575425386428833,0.010159547328948975,0.027721667289733888,0.02568977952003479,0.006863847970962524,1.212637186050415,53.0,-2.6499996,74.08984,-3.3615088,0.52734375,0.9991570509765004,0.9999799652744531,4174.978833777146,3558.0,0.00017023086547851562,-0.23660361766815186,1.2051432132720947,1.0,1.0,0.7026960849761963,-0.04739537835121155,-1.3305048942565918,0.115391805768013,0.24824276566505432,1.0,-0.14542239904403687,-4.962578773498535,5.108000755310059,0.0010123075917363167,1.2189347743988037,0.043769653886556625,52.703697204589844,0.006054687313735485,0.3390069901943207,3560.0,0.00035189226,,,,,,,,,,,,,,,,,,,,,,,,,,,,,,,,,,,,,,,,,,,,,
18278400,-3.497901201248169,76.49246978759766,0.5120481927710844,0.2713355541229248,0.9034475088119507,6.691217422485351e-05,1.277923583984375e-05,0.003921449184417725,0.00920760989189148,0.025429630279541017,0.025921084880828858,0.006019290685653687,1.2002490758895874,54.597656,-2.7298825,74.83203,-3.3932023,0.53125,0.9992024191061568,0.9999803345490489,4175.150805190192,3568.0,0.00025599002838134767,-0.2710795640945435,1.2055866718292236,1.0,0.0,0.521260142326355,-0.00391596183180809,-1.2864789962768555,0.11454303562641144,0.3873218595981598,1.0,-0.1451769471168518,-4.969956398010254,5.115133285522461,0.0008699488826096058,1.0475184917449951,0.04383799433708191,52.785987854003906,0.007031250279396772,0.3427259922027588,3570.0,0.0003517571,,,,,,,,,,,,,,,,,,,,,,,,,,,,,,,,,,,,,,,,,,,,,
18329600,-3.3356642723083496,73.50069427490234,0.5396383866481224,0.23014278411865235,0.9339033842086792,7.193207740783691e-05,1.3375282287597657e-05,0.004228020906448364,0.01016187310218811,0.022177624702453613,0.025768046379089356,0.006426746845245361,1.1862611770629883,48.164062,-2.4082026,75.11328,-3.4356797,0.51953125,0.999174434942484,0.9999797609907668,4175.474352199026,3578.0,0.00019772052764892577,-0.22994506359100342,1.202120304107666,1.0,1.0,0.8893760442733765,0.0784221813082695,-1.3307697772979736,0.2878808379173279,0.2512968182563782,1.0,-0.14683526754379272,-5.497280120849609,5.644115447998047,0.0011249911040067673,1.3546186685562134,0.043876033276319504,52.831787109375,0.0087890625,0.3672778308391571,3580.0,0.00035162191,,,,,,,,,,,,,,,,,,,,,,,,,,,,,,,,,,,,,,,,,,,,,
18380800,-3.2886440753936768,72.9970474243164,0.5693215339233039,0.27736356258392336,0.9112699508666993,7.185697555541992e-05,1.3113021850585938e-05,0.004197912216186523,0.009601911306381225,0.026178765296936034,0.02515863537788391,0.0064947640895843504,1.2148505687713622,54.835938,-2.7417965,74.02344,-3.3400335,0.56640625,0.9991568343122257,0.9999792756388314,4175.533462103044,3588.0,0.00013399124145507812,-0.2772295713424683,1.2019133567810059,1.0,1.0,0.5646948218345642,-0.17085492610931396,-1.3226478099822998,-0.04237590730190277,0.2814742624759674,1.0,-0.1485024392604828,-4.96768856048584,5.1161909103393555,0.0010617580264806747,1.2784786224365234,0.04391475394368172,52.87841033935547,0.005273438058793545,0.4484676122665405,3590.0,0.00035148676,,,,,,,,,,,,,,,,,,,,,,,,,,,,,,,,,,,,,,,,,,,,,
18432000,-3.3615543842315674,73.9085693359375,0.5371428571428571,0.2713909387588501,0.8945925951004028,6.604313850402832e-05,1.2850761413574218e-05,0.003967510461807251,0.009594169855117797,0.023788809776306152,0.02522086501121521,0.0058454394340515135,1.1898091793060304,52.742188,-2.637109,72.83203,-3.2991138,0.55859375,0.999204065526155,0.9999798413817318,4175.829835872723,3598.0,0.00018057823181152343,-0.2712103605270386,1.2050962448120117,1.0,1.0,0.37430423498153687,-0.06381263583898544,-1.2128772735595703,0.019555173814296722,0.527965784072876,1.0,-0.14780670404434204,-4.748623847961426,4.896430969238281,0.0005995847750455141,0.7219690084457397,0.04396187141537666,52.935150146484375,0.006054687313735485,0.5739129781723022,3600.0,0.00035135157,,,,,,,,,,,,,,,,,,,,,,,,,,,,,,,,,,,,,,,,,,,,,
18483200,-3.7392828464508057,80.35955047607422,0.45746388443017655,0.2581510066986084,0.929659390449524,7.18080997467041e-05,1.3375282287597657e-05,0.004337016344070434,0.010096949338912965,0.027520751953125,0.025472421646118164,0.006466413736343384,1.2153676748275757,57.179688,-2.8589842,80.78906,-3.759636,0.46875,0.9991747438324482,0.9999809519008032,4175.891854968544,3608.0,0.00023336410522460936,-0.2579176425933838,1.2048144340515137,1.0,0.0,1.2225568294525146,0.05297648906707764,-1.299408197402954,0.34635233879089355,0.34367161989212036,1.0,-0.1549070179462433,-6.906162261962891,7.061069488525391,0.002347542205825448,2.8267107009887695,0.04404338449239731,53.03329849243164,0.005664062686264515,0.4795227646827698,3610.0,0.0003512164,,,,,,,,,,,,,,,,,,,,,,,,,,,,,,,,,,,,,,,,,,,,,
18534400,-3.3638792037963867,74.33997344970703,0.5490753911806543,0.2891207695007324,0.872190284729004,6.168127059936523e-05,1.2278556823730469e-05,0.003571171760559082,0.009041117429733276,0.024535822868347167,0.025242217779159547,0.005659371614456177,1.1858811855316163,53.035156,-2.6517572,75.68359,-3.4309506,0.53515625,0.9992213996753404,0.9999814232007576,4176.2619411635515,3618.0,0.0002321958541870117,-0.2888885736465454,1.2029075622558594,1.0,1.0,0.2981533706188202,-0.07551248371601105,-1.1177259683609009,-0.008555369451642036,0.8068284392356873,1.0,-0.1487565040588379,-3.882387638092041,4.031144142150879,0.0011433230247348547,1.376692295074463,0.04400492459535599,52.98699188232422,0.005859375,0.6250291466712952,3620.0,0.00035108122,,,,,,,,,,,,,,,,,,,,,,,,,,,,,,,,,,,,,,,,,,,,,
18585600,-3.802421808242798,82.04620361328125,0.46534653465346537,0.32790560722351075,0.85517418384552,5.884528160095215e-05,1.1515617370605468e-05,0.0033271777629852294,0.009004719257354736,0.02302391529083252,0.025011911392211914,0.0053237414360046385,1.2061363697052,58.816406,-2.94082,84.078125,-3.9113,0.46484375,0.9992442694662923,0.9999824665531216,4176.411874552159,3628.0,0.0002045154571533203,-0.3277010917663574,1.2010681629180908,1.0,1.0,0.7310643196105957,-0.041876170784235,-1.1629271507263184,0.1315431296825409,0.6404055953025818,1.0,-0.1572282612323761,-7.329254150390625,7.486482620239258,0.0013077670009806752,1.5747017860412598,0.04407060891389847,53.06608200073242,0.0035156249068677425,0.48626261949539185,3630.0,0.00035094607,,,,,,,,,,,,,,,,,,,,,,,,,,,,,,,,,,,,,,,,,,,,,
18636800,-3.775808572769165,81.7272720336914,0.4696969696969697,0.3001337289810181,0.871830677986145,6.237387657165528e-05,1.208782196044922e-05,0.003698413372039795,0.00913004994392395,0.02312757968902588,0.02511202096939087,0.005555009841918946,1.1951281070709228,48.11328,-2.405664,81.3125,-3.7606049,0.46875,0.999227696471067,0.9999798911994193,4176.660466237893,3638.0,0.0002611875534057617,-0.2998725414276123,1.202439785003662,1.0,1.0,1.1126325130462646,0.11318735778331757,-1.283102035522461,0.3793632686138153,0.3748282492160797,1.0,-0.15699368715286255,-6.612788200378418,6.769782066345215,0.0014033176703378558,1.689755916595459,0.04411691427230835,53.12184143066406,0.008007812313735485,0.3185892105102539,3640.0,0.00035081088,,,,,,,,,,,,,,,,,,,,,,,,,,,,,,,,,,,,,,,,,,,,,
18688000,-3.404025077819824,75.181396484375,0.5395348837209303,0.2827423572540283,0.8888268947601319,6.649255752563476e-05,1.3566017150878906e-05,0.003959368467330932,0.009139827489852904,0.029282093048095703,0.02536831855773926,0.005871685743331909,1.2008902072906493,58.691406,-2.9345698,77.58984,-3.541211,0.5078125,0.999197775800077,0.9999789354504774,4176.840418774438,3648.0,0.0003759145736694336,-0.2823664426803589,1.232628345489502,1.0,0.0,1.0304315090179443,-0.04698757454752922,-1.2746039628982544,0.19902023673057556,0.43688255548477173,1.0,-0.15280354022979736,-5.905767917633057,6.058570861816406,0.0025682547129690647,3.0924739837646484,0.04411466419696808,53.11912536621094,0.005078124813735485,0.3548349142074585,3650.0,0.00035067572,,,,,,,,,,,,,,,,,,,,,,,,,,,,,,,,,,,,,,,,,,,,,
18739200,-3.700587749481201,80.2172622680664,0.49255952380952384,0.27805519104003906,0.9034450054168701,6.754994392395019e-05,1.3899803161621093e-05,0.003925695419311524,0.00961188316345215,0.027325534820556642,0.025472447872161866,0.00605837345123291,1.2088682174682617,48.121094,-2.4060545,79.87891,-3.6855726,0.50390625,0.999196399990183,0.9999763527676374,4176.994170332343,3658.0,0.0002801179885864258,-0.27777507305145266,1.203866720199585,1.0,1.0,1.1872432231903076,0.05108071118593216,-1.3301236629486084,0.33508211374282837,0.2660953998565674,1.0,-0.15217536687850952,-5.514331817626953,5.666506767272949,0.0016192290931940079,1.9497380256652832,0.04410194233059883,53.10380935668945,0.0078125,0.2150772511959076,3660.0,0.00035054056,,,,,,,,,,,,,,,,,,,,,,,,,,,,,,,,,,,,,,,,,,,,,
18790400,-3.3372621536254883,73.7010498046875,0.5695067264573991,0.3218292951583862,0.8614366292953491,6.139993667602538e-05,1.1587142944335938e-05,0.003536258935928345,0.008561618328094482,0.025394630432128907,0.025363290309906007,0.005515391826629639,1.2086961030960084,55.51953,-2.775976,72.17969,-3.2521238,0.57421875,0.9992135898014769,0.9999801761028778,4177.123837601398,3668.0,0.0002475261688232422,-0.321581768989563,1.2027075290679932,1.0,1.0,0.7415539026260376,-0.0269077867269516,-1.323899507522583,0.14576932787895203,0.2934167683124542,1.0,-0.14824876189231873,-4.8630452156066895,5.011293888092041,0.0007710058707743883,0.9283797740936279,0.04413825273513794,53.14752960205078,0.006640625186264515,0.271556556224823,3670.0,0.00035040537,,,,,,,,,,,,,,,,,,,,,,,,,,,,,,,,,,,,,,,,,,,,,
18841600,-3.7007956504821777,80.46034240722656,0.5101088646967341,0.28398025035858154,0.8857931613922119,6.465673446655273e-05,1.1801719665527344e-05,0.0037187039852142334,0.009215009212493897,0.020512104034423828,0.02544086456298828,0.005815515518188477,1.1903197288513183,53.42578,-2.6712887,81.73047,-3.7774057,0.4921875,0.9992118237579461,0.9999811719944715,4177.410256361202,3678.0,0.00027632713317871094,-0.28370392322540283,1.2040979862213135,1.0,1.0,0.43020039796829224,-0.034790247678756714,-1.3140336275100708,0.06021192669868469,0.3111291527748108,1.0,-0.15001484751701355,-5.383808612823486,5.533823490142822,0.0005949746118858457,0.7164177894592285,0.04416453465819359,53.17918014526367,0.004687500186264515,0.34062594175338745,3680.0,0.0003502702,,,,,,,,,,,,,,,,,,,,,,,,,,,,,,,,,,,,,,,,,,,,,
18892800,-3.5338573455810547,77.28702545166016,0.500763358778626,0.3524226188659668,0.834927749633789,5.775213241577148e-05,1.1873245239257812e-05,0.003346266746520996,0.008436323404312133,0.026749944686889647,0.024846184253692626,0.005026675462722778,1.2141351461410523,55.679688,-2.7839842,77.59766,-3.5403993,0.5,0.9992050693718181,0.9999810896593839,4177.489632091377,3688.0,0.00021932125091552734,-0.3522032976150513,1.2346272468566895,1.0,0.0,0.9831492900848389,0.004729013890028,-1.2963693141937256,0.23833465576171875,0.3599962592124939,1.0,-0.14985424280166626,-5.441658020019531,5.591512680053711,0.0009216149337589741,1.1097303628921509,0.0442652702331543,53.30046844482422,0.006640625186264515,0.4149060845375061,3690.0,0.00035013503,,,,,,,,,,,,,,,,,,,,,,,,,,,,,,,,,,,,,,,,,,,,,
18944000,-3.5267257690429688,77.41114807128906,0.5225903614457831,0.3366713285446167,0.834176754951477,5.5327415466308594e-05,1.0442733764648437e-05,0.0031198740005493166,0.008774614334106446,0.020709729194641112,0.02479615330696106,0.004930685758590698,1.191588807106018,54.89453,-2.7447262,75.05078,-3.3831034,0.546875,0.9992283905848732,0.9999827527068096,4177.797087271301,3698.0,0.00022318363189697266,-0.3364481449127197,1.2062454223632812,1.0,1.0,1.3481876850128174,-0.022573363035917282,-1.3010190725326538,0.30221447348594666,0.34438812732696533,1.0,-0.15274983644485474,-5.800437927246094,5.953187465667725,0.001336420071311295,1.609203577041626,0.0443904846906662,53.45124816894531,0.006640625186264515,0.22026322782039642,3700.0,0.00034999987,,,,,,,,,,,,,,,,,,,,,,,,,,,,,,,,,,,,,,,,,,,,,
18995200,-3.465885639190674,75.97937774658203,0.5287187039764359,0.33020577430725095,0.8528900384902954,5.942225456237793e-05,1.1682510375976562e-05,0.00336480975151062,0.00849023938179016,0.018558692932128907,0.025452436208724977,0.005242608785629273,1.201689314842224,53.371094,-2.6685543,74.953125,-3.4000292,0.5625,0.9991796001660591,0.9999807549240164,4177.985672643729,3708.0,0.00025403499603271484,-0.32995173931121824,1.2002131938934326,1.0,1.0,1.407227635383606,0.07543063163757324,-1.3177783489227295,0.41466256976127625,0.30806583166122437,1.0,-0.15340784192085266,-6.202691078186035,6.3560991287231445,0.0010334434919059277,1.244384765625,0.04445609450340271,53.530250549316406,0.008007812313735485,0.30064404010772705,3710.0,0.00034986468,,,,,,,,,,,,,,,,,,,,,,,,,,,,,,,,,,,,,,,,,,,,,
19025920,,,,,,,,,,,,,,,,,,,,,,,,,,,,,,,,,,,,,,,,,,,,,-5.456259670883774,110.359375,0.09375,0.0,0.0,0.0,0.0,0.0,0.0,0.0,0.0,1.0,0.0,0.0,0.0,-5.453915920883773,110.3125,0.09375,0.0,0.0,0.0,0.0,0.0,0.0,0.0,0.0,1.0,0.0,0.0,0.0,-5.461728420883773,110.46875,0.09375,0.0,0.0,0.0,0.0,0.0,0.0,0.0,0.0,1.0,0.0,0.0,0.0
19046400,-3.2483201026916504,72.3968734741211,0.5803698435277382,0.27112882137298583,0.794248390197754,5.749821662902832e-05,1.125335693359375e-05,0.003688235282897949,0.007937184572219848,0.02466127872467041,0.022750405073165895,0.005244479179382324,1.0900700330734252,54.5625,-2.7281249,72.95703,-3.276455,0.5859375,0.9991283032859776,0.9999813870481107,4174.972467580168,3718.0,0.018604159355163574,-0.25252466201782225,1.2014784812927246,1.0,1.0,0.7821647524833679,-0.1128329485654831,-1.3079543113708496,0.07037048041820526,0.3234509825706482,1.0,-0.1478954404592514,-4.810040473937988,4.957935810089111,0.0010574727784842253,1.2733187675476074,0.044518910348415375,53.605892181396484,0.005859375,0.30793046951293945,3720.0,0.00034972953,,,,,,,,,,,,,,,,,,,,,,,,,,,,,,,,,,,,,,,,,,,,,
19097600,-3.6380696296691895,79.29583740234375,0.49922958397534667,0.2897414922714233,0.8798118352890014,6.563663482666016e-05,1.2946128845214843e-05,0.004105489253997802,0.008923556804656983,0.02965545654296875,0.025206668376922606,0.005651779174804687,1.1992465496063232,53.535156,-2.6767573,79.046875,-3.632258,0.48046875,0.9991484197475241,0.9999793041938769,4175.179751759056,3728.0,0.0002081155776977539,-0.2895333766937256,1.2006511688232422,1.0,1.0,0.6786210536956787,-0.002741196658462286,-1.2234759330749512,0.15614688396453857,0.4731599986553192,1.0,-0.15306907892227173,-6.107612609863281,6.26068115234375,0.000746496778447181,0.8988679647445679,0.04455151408910751,53.645145416259766,0.0072265625931322575,0.4775089621543884,3730.0,0.00034959434,,,,,,,,,,,,,,,,,,,,,,,,,,,,,,,,,,,,,,,,,,,,,
19148800,-3.5592997074127197,77.6198501586914,0.5145038167938931,0.29545390605926514,0.887224531173706,6.427407264709472e-05,1.175403594970703e-05,0.003916145563125611,0.009183653593063355,0.021724128723144533,0.02538819909095764,0.0057736289501190185,1.2044376611709595,54.9375,-2.7468746,74.12891,-3.3633394,0.5390625,0.9992036899898191,0.9999806206832894,4175.335132487582,3738.0,0.00041561126708984376,-0.2950382947921753,1.2013776302337646,1.0,1.0,0.9800730347633362,0.053385332226753235,-1.3257875442504883,0.2856685519218445,0.2754969000816345,1.0,-0.15468719601631165,-6.458310127258301,6.612997531890869,0.0011130723869428039,1.3402671813964844,0.044586002826690674,53.686676025390625,0.006640625186264515,0.30978697538375854,3740.0,0.00034945918,,,,,,,,,,,,,,,,,,,,,,,,,,,,,,,,,,,,,,,,,,,,,
19200000,-3.361102342605591,73.8974380493164,0.5270655270655271,0.31312315464019774,0.8600337743759155,5.953073501586914e-05,1.3470649719238281e-05,0.0034262990951538087,0.008881598711013794,0.024640417098999022,0.025132436752319336,0.005468604564666748,1.197835111618042,52.296875,-2.6148434,75.32422,-3.458465,0.49609375,0.9992274986956106,0.999979717698225,4175.541295441519,3748.0,0.00026471614837646483,-0.31285843849182127,1.2021057605743408,1.0,1.0,0.8234228491783142,0.043294817209243774,-1.3103001117706299,0.23675893247127533,0.31704312562942505,1.0,-0.1535681188106537,-6.087613105773926,6.241181373596191,0.001375308376736939,1.6560293436050415,0.04460442066192627,53.70884704589844,0.007617187686264515,0.35155338048934937,3750.0,0.000349324,,,,,,,,,,,,,,,,,,,,,,,,,,,,,,,,,,,,,,,,,,,,,
19251200,-3.374250888824463,74.6865005493164,0.5674891146589259,0.30812363624572753,0.8532738447189331,6.097555160522461e-05,1.2660026550292969e-05,0.0034718787670135498,0.008492271900177002,0.022462105751037596,0.025176886320114136,0.0054282438755035405,1.1838954210281372,51.285156,-2.5642576,76.05469,-3.4339018,0.55859375,0.9992162932980978,0.9999804253944419,4175.876771104247,3758.0,0.00021104812622070314,-0.30791258811950684,1.2002339363098145,1.0,1.0,0.8217060565948486,0.07457654923200607,-1.2509328126907349,0.26873141527175903,0.46585768461227417,1.0,-0.14883658289909363,-4.900671005249023,5.049508094787598,0.0009308406733907759,1.120839238166809,0.0446348637342453,53.74551010131836,0.009765625,0.28498202562332153,3760.0,0.00034918883,,,,,,,,,,,,,,,,,,,,,,,,,,,,,,,,,,,,,,,,,,,,,
19302400,-3.6893913745880127,79.77704620361328,0.4852459016393443,0.24985296726226808,0.9369743585586547,7.514715194702148e-05,1.4138221740722656e-05,0.004476245641708374,0.010388685464859009,0.02857518196105957,0.025320087671279908,0.006549005508422852,1.2154418230056763,61.191406,-3.0595698,79.59375,-3.6668038,0.50390625,0.9991558682614023,0.9999792857202405,4175.93041350386,3768.0,0.00022606849670410157,-0.249626898765564,1.2032883167266846,1.0,0.0,0.3766440749168396,-0.03100649267435074,-1.2124563455581665,0.053146690130233765,0.5957995057106018,1.0,-0.15308497846126556,-5.877414703369141,6.0304999351501465,0.0008698877645656466,1.0474450588226318,0.0446905717253685,53.81258773803711,0.0033203125931322575,0.5266063213348389,3770.0,0.00034905365,,,,,,,,,,,,,,,,,,,,,,,,,,,,,,,,,,,,,,,,,,,,,
19353600,-3.842599630355835,82.66008758544922,0.4597875569044006,0.28912484645843506,0.868746542930603,6.305456161499024e-05,1.2469291687011718e-05,0.003599191904067993,0.009575896263122559,0.025135135650634764,0.024610861539840698,0.005554944276809692,1.1830418825149536,48.40625,-2.4203122,85.87109,-3.9993985,0.453125,0.9992315687159659,0.9999806531079483,4176.258337574405,3778.0,0.00022373199462890624,-0.2889011144638062,1.1987359523773193,1.0,1.0,0.6767890453338623,-0.005739808082580566,-1.2364649772644043,0.15243469178676605,0.4592549800872803,1.0,-0.15288996696472168,-6.031433582305908,6.184323310852051,0.0009239485953003168,1.112540364265442,0.04471336305141449,53.84002685546875,0.006054687313735485,0.3137068748474121,3780.0,0.0003489185,,,,,,,,,,,,,,,,,,,,,,,,,,,,,,,,,,,,,,,,,,,,,
19404800,-3.5083041191101074,76.61837768554688,0.5109034267912772,0.31391568183898927,0.8750468730926514,6.365776062011719e-05,1.3303756713867187e-05,0.003669002056121826,0.009247266054153443,0.0261991024017334,0.02508917689323425,0.005648924112319946,1.2151994466781617,56.26172,-2.8130856,76.50781,-3.5262735,0.5,0.9992156585152587,0.9999798505602182,4176.326301726687,3788.0,0.0002347707748413086,-0.31368091106414797,1.2002427577972412,1.0,1.0,0.8285776376724243,-0.0028292611241340637,-1.2928680181503296,0.19221998751163483,0.35734179615974426,1.0,-0.1526835560798645,-5.865167617797852,6.017850875854492,0.0013725904282182455,1.6527568101882935,0.04472937434911728,53.85930633544922,0.0052734375931322575,0.4142565131187439,3790.0,0.0003487833,,,,,,,,,,,,,,,,,,,,,,,,,,,,,,,,,,,,,,,,,,,,,
19456000,-3.3840837478637695,74.41118621826172,0.5496503496503496,0.3288317918777466,0.8256501913070678,5.4905414581298826e-05,1.0776519775390626e-05,0.0030482304096221924,0.008594008684158326,0.030436062812805177,0.024796046018600464,0.004758361577987671,1.1849518299102784,48.433594,-2.4216795,70.22656,-3.1481216,0.60546875,0.9992501071100236,0.9999805836893091,4176.642476512978,3798.0,0.00017457008361816407,-0.32865722179412843,1.202315092086792,1.0,1.0,0.49103328585624695,0.010450129397213459,-1.2777552604675293,0.12139326333999634,0.36823031306266785,1.0,-0.1473410278558731,-4.547303676605225,4.694644451141357,0.00062974588945508,0.7582864761352539,0.044786885380744934,53.928558349609375,0.008984374813735485,0.4728650450706482,3800.0,0.00034864814,,,,,,,,,,,,,,,,,,,,,,,,,,,,,,,,,,,,,,,,,,,,,
19507200,-3.443308115005493,75.71604919433594,0.5354938271604939,0.29694578647613523,0.8851234912872314,6.467700004577636e-05,1.3208389282226562e-05,0.0037968599796295165,0.009351646900177002,0.019679880142211913,0.025366209745407105,0.005641524791717529,1.201785159111023,56.777344,-2.838867,75.76953,-3.4737978,0.51171875,0.999203362067967,0.9999810342006727,4176.831014162415,3808.0,0.00024251937866210939,-0.29670326709747313,1.2006077766418457,1.0,0.0,0.3979454040527344,-0.04989658296108246,-1.2261898517608643,0.03912609815597534,0.5373329520225525,1.0,-0.15321514010429382,-5.916677474975586,6.069892883300781,0.0006223254604265094,0.749351441860199,0.04486977681517601,54.02836990356445,0.00390625,0.5315114259719849,3810.0,0.00034851296,,,,,,,,,,,,,,,,,,,,,,,,,,,,,,,,,,,,,,,,,,,,,
19558400,-3.5588297843933105,77.38316345214844,0.5137880986937591,0.39462454319000245,0.7954877376556396,4.815816879272461e-05,1.0442733764648437e-05,0.00261322021484375,0.007730481624603272,0.016431307792663573,0.025414305925369262,0.003941049575805664,1.2065752267837524,48.507812,-2.4253902,73.78906,-3.3687837,0.546875,0.9993168625465583,0.999982433410523,4176.998586833342,3818.0,0.00020804405212402344,-0.3944164991378784,1.198850154876709,1.0,1.0,1.0154350996017456,0.039498209953308105,-1.1746959686279297,0.2836674153804779,0.6074331402778625,1.0,-0.1522674560546875,-5.329765319824219,5.482032775878906,0.001215409836731851,1.4634931087493896,0.04489963874220848,54.064327239990234,0.0087890625,0.2948608994483948,3820.0,0.0003483778,,,,,,,,,,,,,,,,,,,,,,,,,,,,,,,,,,,,,,,,,,,,,
19609600,-3.5001778602600098,76.67475891113281,0.5242718446601942,0.3533130645751953,0.8382995843887329,5.670666694641113e-05,1.1897087097167968e-05,0.003164950609207153,0.008710204362869263,0.018273353576660156,0.025059056282043458,0.00489199161529541,1.209921383857727,63.410156,-3.170508,77.25,-3.5173361,0.546875,0.9992348872963277,0.9999805902843318,4177.102647799078,3828.0,0.0002722978591918945,-0.3530407667160034,1.2027294635772705,1.0,1.0,0.6594531536102295,-0.09719142317771912,-1.2283003330230713,0.05698408558964729,0.5193630456924438,1.0,-0.15179702639579773,-5.6775312423706055,5.8293280601501465,0.0009045646875165403,1.0891999006271362,0.044894397258758545,54.05801773071289,0.0035156249068677425,0.30194196105003357,3830.0,0.0003482426,,,,,,,,,,,,,,,,,,,,,,,,,,,,,,,,,,,,,,,,,,,,,
19660800,-3.5364232063293457,77.19660186767578,0.512022630834512,0.32686748504638674,0.8345496177673339,5.6595802307128905e-05,1.3399124145507813e-05,0.0032731807231903077,0.008670648336410522,0.024059104919433593,0.024653515815734862,0.005041272640228272,1.1855126857757567,50.214844,-2.5107417,73.57031,-3.341256,0.54296875,0.9992267069612486,0.9999805325419677,4177.421803758266,3838.0,0.0003065347671508789,-0.3265609502792359,1.2036728858947754,1.0,1.0,0.6093096733093262,0.016522563993930817,-1.3020265102386475,0.15652932226657867,0.336788535118103,1.0,-0.14981813728809357,-4.952980041503906,5.102797985076904,0.0006465095793828368,0.778471827507019,0.04483913630247116,53.99147033691406,0.00722656212747097,0.3690618872642517,3840.0,0.00034810745,,,,,,,,,,,,,,,,,,,,,,,,,,,,,,,,,,,,,,,,,,,,,
19712000,-3.4384708404541016,75.5367660522461,0.5294117647058824,0.36820573806762696,0.8074458837509155,5.138874053955078e-05,1.0633468627929688e-05,0.002889236211776733,0.008158727884292602,0.02133631706237793,0.02495431661605835,0.004289321899414063,1.197019624710083,49.570312,-2.4785151,75.23047,-3.4229937,0.52734375,0.999274184535356,0.9999824126855567,4177.645264595975,3848.0,0.00014531612396240234,-0.36806042194366456,1.2414867877960205,1.0,0.0,0.9207025766372681,-0.0005910098552703857,-1.3150629997253418,0.21699385344982147,0.2877996265888214,1.0,-0.15007402002811432,-4.982953071594238,5.133026599884033,0.0013211395125836134,1.590803861618042,0.04489932209253311,54.06394958496094,0.007031249813735485,0.24653491377830505,3850.0,0.00034797227,,,,,,,,,,,,,,,,,,,,,,,,,,,,,,,,,,,,,,,,,,,,,
19763200,-3.307288646697998,73.33475494384766,0.5441595441595442,0.3773296594619751,0.8070400953292847,5.077362060546875e-05,1.1301040649414062e-05,0.0027925848960876467,0.00806082010269165,0.017563271522521972,0.025256925821304323,0.004161962270736694,1.2019652366638183,48.472656,-2.4236324,70.15234,-3.1494946,0.5546875,0.999282859545494,0.9999826040647855,4177.849950234348,3858.0,0.0003263235092163086,-0.3770033359527588,1.204331636428833,1.0,1.0,1.0423557758331299,0.09176739305257797,-1.2597638368606567,0.3411220610141754,0.44903168082237244,1.0,-0.15327222645282745,-5.65940523147583,5.812677383422852,0.0012630269629880786,1.520829677581787,0.044993042945861816,54.176795959472656,0.008593750186264515,0.24912762641906738,3860.0,0.0003478371,,,,,,,,,,,,,,,,,,,,,,,,,,,,,,,,,,,,,,,,,,,,,
19814400,-3.3217008113861084,73.62779998779297,0.5680119581464873,0.3609569549560547,0.8170018911361694,5.30850887298584e-05,1.1706352233886719e-05,0.002901105880737305,0.007972253561019898,0.021135401725769044,0.02541317939758301,0.004480055570602417,1.1991263389587403,56.0625,-2.8031247,77.16406,-3.5273757,0.51953125,0.999255447056709,0.9999830002995924,4177.981684014631,3868.0,0.00026476383209228516,-0.3606921911239624,1.204674482345581,1.0,1.0,0.502268373966217,-0.11963613331317902,-1.141618013381958,-0.0030409730970859528,0.6326992511749268,1.0,-0.14818622171878815,-4.882330894470215,5.030516624450684,0.0013713078806176782,1.6512123346328735,0.04505115747451782,54.24677276611328,0.0042968750931322575,0.43913257122039795,3870.0,0.00034770195,,,,,,,,,,,,,,,,,,,,,,,,,,,,,,,,,,,,,,,,,,,,,
19865600,-3.4970600605010986,76.69819641113281,0.536036036036036,0.3384178400039673,0.8413122653961181,5.592107772827149e-05,1.080036163330078e-05,0.0032413971424102785,0.008684214353561402,0.02001533508300781,0.025182274580001832,0.004870296716690064,1.1997774362564086,56.527344,-2.8263671,71.28906,-3.17854,0.62109375,0.9992509463914869,0.9999823338804001,4178.139257145986,3878.0,0.00026752948760986326,-0.3381503105163574,1.199275016784668,1.0,1.0,0.7796312570571899,0.029311008751392365,-1.2399065494537354,0.21311557292938232,0.4550703167915344,1.0,-0.15166911482810974,-5.284446716308594,5.436115741729736,0.0008391186129301786,1.0103952884674072,0.04515593498945236,54.3729362487793,0.0087890625,0.39504820108413696,3880.0,0.00034756676,,,,,,,,,,,,,,,,,,,,,,,,,,,,,,,,,,,,,,,,,,,,,
19916800,-3.459937334060669,75.85401153564453,0.5255474452554745,0.3474497079849243,0.8246975183486939,5.215048789978028e-05,1.0776519775390626e-05,0.0028684937953948973,0.0087352454662323,0.02689940929412842,0.024596657752990723,0.004952977895736694,1.19907808303833,53.558594,-2.677929,72.625,-3.263677,0.578125,0.9992882112889325,0.9999827610135649,4178.343138301958,3888.0,0.0002144336700439453,-0.3472352743148804,1.2327039241790771,1.0,0.0,0.9571844339370728,0.006272025406360626,-1.276890754699707,0.23380520939826965,0.3998715877532959,1.0,-0.14985240995883942,-5.007905006408691,5.157757759094238,0.001221608486957848,1.4709571599960327,0.045197855681180954,54.42341613769531,0.0068359375,0.3483002185821533,3890.0,0.00034743157,,,,,,,,,,,,,,,,,,,,,,,,,,,,,,,,,,,,,,,,,,,,,
19968000,-3.5969300270080566,77.98948669433594,0.4924924924924925,0.2661170959472656,0.9126859903335571,6.998658180236817e-05,1.3852119445800782e-05,0.004108091592788696,0.009451966285705566,0.02387363910675049,0.02566030979156494,0.006306749582290649,1.20271577835083,50.664062,-2.5332026,76.96484,-3.525296,0.50390625,0.9991849182978685,0.9999790467172173,4178.537459297981,3898.0,0.00012125968933105469,-0.26599583625793455,1.1987650394439697,1.0,1.0,0.47407424449920654,-0.011918514966964722,-1.2692489624023438,0.09489847719669342,0.38695454597473145,1.0,-0.15375106036663055,-5.41847038269043,5.572221755981445,0.0006847503827884793,0.8245181441307068,0.04529702290892601,54.542823791503906,0.006054687313735485,0.4840444326400757,3900.0,0.00034729642,,,,,,,,,,,,,,,,,,,,,,,,,,,,,,,,,,,,,,,,,,,,,
20019200,-3.383538246154785,74.28675079345703,0.529839883551674,0.3260858774185181,0.8626542568206788,5.8908462524414065e-05,1.2421607971191407e-05,0.0033722949028015137,0.009211444854736328,0.02381112575531006,0.02505634069442749,0.005401461124420166,1.212586522102356,51.308594,-2.5654292,72.05859,-3.2728915,0.54296875,0.9992520108289287,0.9999811638184479,4178.611143735251,3908.0,0.00010528564453125,-0.3259805917739868,1.2029058933258057,1.0,1.0,0.8220790028572083,-0.10481834411621094,-1.2485120296478271,0.08985396474599838,0.49104607105255127,1.0,-0.15029478073120117,-4.614421367645264,4.764716148376465,0.0012386093148961663,1.4914281368255615,0.04539811611175537,54.66455078125,0.00546875037252903,0.37449347972869873,3910.0,0.00034716126,,,,,,,,,,,,,,,,,,,,,,,,,,,,,,,,,,,,,,,,,,,,,
20029440,,,,,,,,,,,,,,,,,,,,,,,,,,,,,,,,,,,,,,,,,,,,,-5.203593337077642,105.421875,0.125,0.0,0.0,0.0,0.0,0.0,0.0,0.0,0.0,1.0,0.0,0.0,0.0,-5.204374587077641,105.4375,0.125,0.0,0.0,0.0,0.0,0.0,0.0,0.0,0.0,1.0,0.0,0.0,0.0,-5.2995322476152715,107.234375,0.109375,0.0,0.0,0.0,0.0,0.0,0.0,0.0,0.0,1.0,0.0,0.0,0.0
20070400,-3.4481801986694336,75.77912139892578,0.546142208774584,0.18973050117492676,0.8604189634323121,6.744265556335449e-05,1.3756752014160157e-05,0.004970376491546631,0.008699921369552612,0.025065135955810548,0.023153584003448486,0.006093732118606567,1.0752514839172362,55.64453,-2.7822263,75.34766,-3.4249725,0.54296875,0.9991657196221065,0.9999784919132698,4176.277968551044,3918.0,0.01938323974609375,-0.17034726142883302,1.2002711296081543,1.0,1.0,1.2109323740005493,0.027573347091674805,-1.2634174823760986,0.31871169805526733,0.3958880305290222,1.0,-0.1528843343257904,-5.316658020019531,5.469542503356934,0.0015050508081912994,1.8122541904449463,0.04542312026023865,54.69466018676758,0.007226563058793545,0.31780141592025757,3920.0,0.00034702607,,,,,,,,,,,,,,,,,,,,,,,,,,,,,,,,,,,,,,,,,,,,,
20121600,-3.336787462234497,73.7535629272461,0.5541310541310541,0.28586716651916505,0.8888787984848022,6.731867790222168e-05,1.1682510375976562e-05,0.003928242921829223,0.00897270917892456,0.022012829780578613,0.025393400192260742,0.006046055555343628,1.1967955350875854,53.398438,-2.6699216,68.546875,-3.0331817,0.609375,0.9991851892959656,0.9999790625951309,4176.470914828376,3928.0,0.00021953582763671874,-0.2856476306915283,1.2004625797271729,1.0,1.0,1.1615725755691528,-0.010304199531674385,-1.2855108976364136,0.26825496554374695,0.39232999086380005,1.0,-0.15136627852916718,-4.840991020202637,4.99235725402832,0.001219139900058508,1.467984676361084,0.04550383612513542,54.79185104370117,0.008007812313735485,0.2762432396411896,3930.0,0.0003468909,,,,,,,,,,,,,,,,,,,,,,,,,,,,,,,,,,,,,,,,,,,,,
20172800,-3.3652806282043457,74.1043472290039,0.5579710144927537,0.31758286952972414,0.8480363845825195,5.792617797851563e-05,1.3470649719238281e-05,0.0032788348197937012,0.008625870943069458,0.02511177062988281,0.025073583126068114,0.005333143472671509,1.1907657861709595,53.664062,-2.6832027,73.63672,-3.3445134,0.5625,0.9992344505463487,0.999982120095017,4176.748408271535,3938.0,0.00017540454864501954,-0.31740746498107913,1.1949148178100586,1.0,1.0,1.380874752998352,0.024900861084461212,-1.2563328742980957,0.35884517431259155,0.4394351840019226,1.0,-0.15170806646347046,-4.94763708114624,5.0993452072143555,0.001046632300131023,1.260265588760376,0.045556794852018356,54.855621337890625,0.00839843787252903,0.25086233019828796,3940.0,0.00034675573,,,,,,,,,,,,,,,,,,,,,,,,,,,,,,,,,,,,,,,,,,,,,
20224000,-3.312748432159424,73.46723937988281,0.5612535612535613,0.3326114177703857,0.8498399734497071,5.7637691497802734e-05,1.316070556640625e-05,0.00329572319984436,0.00840096116065979,0.01942582130432129,0.025545439720153808,0.005159946680068969,1.2019121885299682,52.203125,-2.610156,73.43359,-3.3086555,0.55078125,0.99924008704534,0.9999818495059822,4176.917402660636,3948.0,0.00017309188842773438,-0.332438325881958,1.2031090259552002,1.0,1.0,0.7404565811157227,0.057315643876791,-1.2756634950637817,0.23082788288593292,0.410319983959198,1.0,-0.1552472710609436,-5.500408172607422,5.6556549072265625,0.0008145981701090932,0.9808698892593384,0.045583564788103104,54.88785171508789,0.008203125558793545,0.4281700849533081,3950.0,0.00034662057,,,,,,,,,,,,,,,,,,,,,,,,,,,,,,,,,,,,,,,,,,,,,
20275200,-3.286306619644165,72.6903076171875,0.5629522431259045,0.2993274450302124,0.8815634250640869,6.191372871398926e-05,1.1658668518066406e-05,0.0036303651332855224,0.009589205980300903,0.015070199966430664,0.025077624320983885,0.0056846213340759275,1.1959945440292359,55.996094,-2.7998042,75.49219,-3.4411762,0.53125,0.9992186437217127,0.9999817596994094,4177.1191196986165,3958.0,0.00020534992218017577,-0.2991220951080322,1.1964726448059082,1.0,1.0,0.6922321915626526,-0.03347734361886978,-1.2590726613998413,0.12826435267925262,0.4429277777671814,1.0,-0.15183112025260925,-4.850440979003906,5.002272129058838,0.0006904216716066003,0.8313471078872681,0.045643940567970276,54.96055603027344,0.005859375,0.3973735570907593,3960.0,0.00034648538,,,,,,,,,,,,,,,,,,,,,,,,,,,,,,,,,,,,,,,,,,,,,
20326400,-3.371417284011841,74.41619110107422,0.5426136363636364,0.2634138107299805,0.9003670454025269,6.803750991821289e-05,1.1944770812988282e-05,0.0039663493633270265,0.009538770914077758,0.028283977508544923,0.025310981273651122,0.006097177267074585,1.192101240158081,51.351562,-2.5675778,76.02734,-3.4699254,0.51171875,0.9991773145792763,0.999979480143639,4177.3725625815605,3968.0,0.0001976490020751953,-0.2632161617279053,1.1997137069702148,1.0,0.0,0.5765208005905151,-0.011519337072968483,-1.160335898399353,0.12298045307397842,0.5517577528953552,1.0,-0.15606366097927094,-5.719117164611816,5.875180721282959,0.0010808230144903064,1.3014352321624756,0.0456538200378418,54.972450256347656,0.006054687313735485,0.5521178245544434,3970.0,0.00034635022,,,,,,,,,,,,,,,,,,,,,,,,,,,,,,,,,,,,,,,,,,,,,
20377600,-3.5377702713012695,77.24132537841797,0.5143288084464555,0.31626617908477783,0.8715111017227173,6.083488464355469e-05,1.2373924255371093e-05,0.0034969794750213624,0.0090794038772583,0.013144803047180176,0.0254354727268219,0.0054690313339233396,1.2009565591812135,51.308594,-2.5654292,76.38672,-3.4931626,0.51171875,0.9992235833048936,0.9999815968345285,4177.5387360511595,3978.0,0.00016787052154541016,-0.3160983085632324,1.194957971572876,1.0,1.0,1.1065475940704346,0.06801317632198334,-1.261229395866394,0.3333553373813629,0.4422157108783722,1.0,-0.15947231650352478,-7.014656066894531,7.174128532409668,0.0022171749733388424,2.669733762741089,0.04574360325932503,55.08055877685547,0.006640625186264515,0.3949698507785797,3980.0,0.00034621503,,,,,,,,,,,,,,,,,,,,,,,,,,,,,,,,,,,,,,,,,,,,,
20428800,-3.3355109691619873,73.68142700195312,0.5514285714285714,0.35720765590667725,0.8102236747741699,5.0731897354125976e-05,1.3113021850585938e-05,0.0028273296356201173,0.007720053195953369,0.024805712699890136,0.025287121534347534,0.004596538543701172,1.1922729015350342,49.835938,-2.4917965,71.57422,-3.219644,0.578125,0.9992740540014368,0.999980922880645,4177.79850969365,3988.0,0.0002868413925170898,-0.35692081451416013,1.199416160583496,1.0,1.0,0.6481589078903198,-0.054532766342163086,-1.2732858657836914,0.09589962661266327,0.4179114103317261,1.0,-0.15337665379047394,-4.381403923034668,4.534780979156494,0.0012784029822796583,1.539344072341919,0.045744888484478,55.08210754394531,0.00820312462747097,0.44728946685791016,3990.0,0.00034607988,,,,,,,,,,,,,,,,,,,,,,,,,,,,,,,,,,,,,,,,,,,,,
20480000,-3.321082830429077,73.17215728759766,0.5419161676646707,0.27348031997680666,0.9068134307861329,7.090568542480468e-05,1.354217529296875e-05,0.004172732830047607,0.009359948635101319,0.023712515830993652,0.025322651863098143,0.006376883983612061,1.2040448188781738,58.902344,-2.9451168,72.48828,-3.2856543,0.53515625,0.9991718573909927,0.9999792282574904,4177.932447140912,3998.0,0.000213623046875,-0.27326669692993166,1.2006573677062988,1.0,1.0,0.6400830745697021,-0.0004747547209262848,-1.2638702392578125,0.14804956316947937,0.41388314962387085,1.0,-0.15807706117630005,-6.235600471496582,6.3936767578125,0.0011354949092492461,1.3672664165496826,0.045807287096977234,55.15724182128906,0.0068359375,0.5458548069000244,4000.0,0.0003459447,,,,,,,,,,,,,,,,,,,,,,,,,,,,,,,,,,,,,,,,,,,,,
20531200,-3.4111571311950684,74.73858642578125,0.5255878284923928,0.26879446506500243,0.8946632623672486,6.843924522399903e-05,1.2326240539550782e-05,0.003976677656173706,0.009113913774490357,0.025026226043701173,0.02519032120704651,0.006346793174743653,1.1885195970535278,47.82422,-2.3912106,77.11719,-3.5407147,0.51953125,0.9991724694141065,0.9999803811926249,4178.178616419968,4008.0,0.0001827239990234375,-0.268611741065979,1.1968379020690918,1.0,0.0,1.3440319299697876,0.09056352823972702,-1.281360149383545,0.4147360324859619,0.37968912720680237,1.0,-0.15666988492012024,-5.753791332244873,5.91046142578125,0.0015533501282334328,1.8704122304916382,0.045882467180490494,55.247764587402344,0.00839843787252903,0.2849191725254059,4010.0,0.00034580953,,,,,,,,,,,,,,,,,,,,,,,,,,,,,,,,,,,,,,,,,,,,,
20582400,-3.172008514404297,70.55122375488281,0.5685425685425686,0.32897539138793946,0.8611831188201904,6.221294403076172e-05,1.1587142944335938e-05,0.003501681089401245,0.009131913185119628,0.018456554412841795,0.02481774091720581,0.005511474609375,1.2086506366729737,56.839844,-2.841992,74.63672,-3.3808024,0.5546875,0.9992072952864233,0.9999801556311395,4178.317192324175,4018.0,0.00025980472564697267,-0.3287155866622925,1.199328899383545,1.0,1.0,0.8221142888069153,-0.09835881739854813,-1.2037527561187744,0.09691978245973587,0.5375373959541321,1.0,-0.15354099869728088,-4.995284557342529,5.148825645446777,0.001045177225023508,1.2585136890411377,0.04594280570745468,55.32041931152344,0.0048828125,0.337163507938385,4020.0,0.00034567434,,,,,,,,,,,,,,,,,,,,,,,,,,,,,,,,,,,,,,,,,,,,,
20633600,-3.5249462127685547,77.1546401977539,0.5139911634756995,0.27621686458587646,0.8967597484588623,6.880879402160645e-05,1.2183189392089844e-05,0.0040453183650970455,0.009451398849487305,0.020119094848632814,0.025019916296005248,0.006214925050735474,1.1931306838989257,52.19922,-2.6099608,76.109375,-3.4677753,0.53125,0.9991609777833788,0.9999808966306293,4178.538431968906,4028.0,0.00027620792388916016,-0.2759406566619873,1.1990737915039062,1.0,1.0,1.1946139335632324,0.13559956848621368,-1.2440814971923828,0.42311906814575195,0.4578232765197754,1.0,-0.15937647223472595,-6.024213790893555,6.183589935302734,0.0013748081400990486,1.6554272174835205,0.04599512368440628,55.38341522216797,0.009765625,0.2596091330051422,4030.0,0.00034553919,,,,,,,,,,,,,,,,,,,,,,,,,,,,,,,,,,,,,,,,,,,,,
20684800,-3.4059929847717285,74.84111022949219,0.543731778425656,0.3213047981262207,0.8602330684661865,5.9186220169067384e-05,1.2421607971191407e-05,0.003469864130020142,0.00917216420173645,0.017657995223999023,0.024952049255371093,0.005325766801834106,1.199233627319336,51.648438,-2.5824213,76.33203,-3.486249,0.51171875,0.9992415354541849,0.9999788665908117,4178.704187054859,4038.0,0.0003085136413574219,-0.3209962844848633,1.1997044086456299,1.0,1.0,0.6072484850883484,0.014206765219569206,-1.240803837776184,0.15517102181911469,0.48966115713119507,1.0,-0.1541769802570343,-4.806910037994385,4.961087226867676,0.0006791675696149468,0.8177958726882935,0.046012792736291885,55.404693603515625,0.00800781324505806,0.41184648871421814,4040.0,0.000345404,,,,,,,,,,,,,,,,,,,,,,,,,,,,,,,,,,,,,,,,,,,,,
20736000,-3.484227180480957,76.40592956542969,0.5377777777777778,0.32643678188323977,0.8444626569747925,5.7014226913452146e-05,1.2683868408203126e-05,0.0032297921180725097,0.008824888467788696,0.025635290145874023,0.024860024452209473,0.00521987795829773,1.196569561958313,50.1875,-2.5093749,74.13281,-3.364306,0.5546875,0.9992531197158975,0.9999814895124339,4178.902528373083,4048.0,0.0002463817596435547,-0.32619040012359624,1.2661659717559814,1.0,0.0,0.707885205745697,0.050421904772520065,-1.2087868452072144,0.21697372198104858,0.5098997354507446,1.0,-0.15417850017547607,-4.791231155395508,4.945409297943115,0.0009901223238557577,1.1922211647033691,0.04600071161985397,55.39014434814453,0.0087890625,0.3463895618915558,4050.0,0.00034526884,,,,,,,,,,,,,,,,,,,,,,,,,,,,,,,,,,,,,,,,,,,,,
20787200,-3.0783650875091553,69.06853485107422,0.6041958041958042,0.29157605171203616,0.8785332202911377,6.50346279144287e-05,1.2612342834472656e-05,0.0037449216842651368,0.009264025688171387,0.026781320571899414,0.024976905584335327,0.005840210914611816,1.1969270944595336,57.28125,-2.864062,69.70703,-3.113186,0.59765625,0.9991904115988465,0.9999800409383859,4179.136135886729,4058.0,0.00021333694458007811,-0.29136271476745607,1.2120649814605713,1.0,0.0,0.6476910710334778,-0.11737953126430511,-1.1913338899612427,0.03471324220299721,0.5888755321502686,1.0,-0.155639186501503,-5.056759834289551,5.212399005889893,0.000948004424571991,1.141506314277649,0.04602611064910889,55.42073059082031,0.0048828125,0.3868718147277832,4060.0,0.00034513365,,,,,,,,,,,,,,,,,,,,,,,,,,,,,,,,,,,,,,,,,,,,,
20838400,-3.6753652095794678,79.57318878173828,0.48536209553158705,0.30470006465911864,0.8659080743789673,5.944252014160156e-05,1.2993812561035156e-05,0.0034285783767700195,0.009374194145202637,0.022821712493896484,0.024998908042907716,0.0054015803337097166,1.1934686183929444,55.55078,-2.7775388,77.44922,-3.5668724,0.5,0.9992447165886488,0.9999784049215843,4179.341104661987,4068.0,0.00017337799072265626,-0.304526686668396,1.2019884586334229,1.0,1.0,0.7021395564079285,-0.038207247853279114,-1.1843066215515137,0.12727230787277222,0.5214848518371582,1.0,-0.1617269515991211,-6.058445930480957,6.220172882080078,0.0012669300194829702,1.525529384613037,0.04608093202114105,55.48674392700195,0.005078124813735485,0.48597410321235657,4070.0,0.0003449985,,,,,,,,,,,,,,,,,,,,,,,,,,,,,,,,,,,,,,,,,,,,,
20889600,-3.332097053527832,73.51846313476562,0.5525568181818182,0.32875092029571534,0.8496936559677124,5.562186241149902e-05,1.0752677917480469e-05,0.0032173240184783934,0.008846986293792724,0.021710777282714845,0.025222870111465453,0.005109199285507202,1.2001880407333374,53.375,-2.6687498,72.99219,-3.3063443,0.5625,0.9992307527189167,0.9999817241061126,4179.522384286257,4078.0,0.0001499652862548828,-0.32860095500946046,1.204650640487671,1.0,1.0,1.037566900253296,-0.01077636145055294,-1.2369945049285889,0.23773285746574402,0.47197213768959045,1.0,-0.1622622013092041,-7.2002763748168945,7.362538814544678,0.0017656113486737013,2.1259989738464355,0.04617337882518768,55.598060607910156,0.00839843787252903,0.24086052179336548,4080.0,0.00034486334,,,,,,,,,,,,,,,,,,,,,,,,,,,,,,,,,,,,,,,,,,,,,
20940800,-3.3485848903656006,74.15789794921875,0.5590327169274538,0.3043631076812744,0.8770294666290284,6.199121475219726e-05,1.2278556823730469e-05,0.003573136329650879,0.009125739336013794,0.021678948402404787,0.025214905738830565,0.005841600894927979,1.2031076192855834,49.73047,-2.486523,72.74219,-3.2823448,0.55859375,0.9992223792113378,0.9999802029214424,4179.678316418108,4088.0,0.0002431154251098633,-0.30411999225616454,1.2572669982910156,1.0,0.0,0.10169881582260132,-0.0011818485800176859,-1.290574073791504,0.012154195457696915,0.35490214824676514,1.0,-0.153783917427063,-4.093118667602539,4.2469024658203125,0.00023970934853423387,0.28863760828971863,0.046225640922784805,55.660987854003906,0.00644531287252903,0.6261683702468872,4090.0,0.00034472815,,,,,,,,,,,,,,,,,,,,,,,,,,,,,,,,,,,,,,,,,,,,,
20992000,-3.256730079650879,72.21944427490234,0.5611111111111111,0.277773118019104,0.889634084701538,6.694793701171875e-05,1.2445449829101563e-05,0.0039055204391479493,0.009673341512680053,0.027449607849121094,0.02484482288360596,0.005955535173416138,1.1948919773101807,46.61328,-2.3306637,73.25,-3.302811,0.55078125,0.9992011032439925,0.9999809846488052,4179.921511333081,4098.0,0.0001229524612426758,-0.2776501655578613,1.1966767311096191,1.0,1.0,1.4893267154693604,0.1751464307308197,-1.1943228244781494,0.5374177098274231,0.5646402835845947,1.0,-0.1555730402469635,-5.324909210205078,5.48048210144043,0.0016188056906685233,1.9492281675338745,0.04629920795559883,55.749568939208984,0.011523437686264515,0.13320064544677734,4100.0,0.00034459296,,,,,,,,,,,,,,,,,,,,,,,,,,,,,,,,,,,,,,,,,,,,,
21043200,-3.1542270183563232,70.51749420166016,0.575801749271137,0.32071409225463865,0.8580408811569213,5.964994430541992e-05,1.2135505676269531e-05,0.003419712781906128,0.008754403591156005,0.02279515266418457,0.02532612919807434,0.005310044288635254,1.2015844345092774,57.648438,-2.8824215,71.515625,-3.2006962,0.546875,0.9992516847512992,0.9999815469248605,4180.086838588363,4108.0,0.00019147396087646485,-0.32052261829376216,1.1983821392059326,1.0,1.0,0.49124085903167725,-0.008347457274794579,-1.2193409204483032,0.10405489802360535,0.520479679107666,1.0,-0.15380901098251343,-5.118168830871582,5.271977424621582,0.0006624964880757034,0.7977219820022583,0.04635687172412872,55.819000244140625,0.006640625186264515,0.32549920678138733,4110.0,0.0003444578,,,,,,,,,,,,,,,,,,,,,,,,,,,,,,,,,,,,,,,,,,,,,
21094400,-3.4037234783172607,74.60832977294922,0.5166666666666667,0.3082782983779907,0.8621917486190795,6.0158967971801755e-05,1.163482666015625e-05,0.003507997989654541,0.008963736295700074,0.020584487915039064,0.02506186008453369,0.005478291511535644,1.1910905838012695,47.8125,-2.3906248,74.33984,-3.383061,0.515625,0.9991291361435932,0.9999795027659256,4180.321562366787,4118.0,0.0001705169677734375,-0.3081077814102173,1.2043993473052979,1.0,1.0,0.7314969301223755,0.06380218267440796,-1.1839996576309204,0.23699136078357697,0.5746119022369385,1.0,-0.15318357944488525,-4.790077209472656,4.943260192871094,0.0008119232370518148,0.9776489734649658,0.04645168036222458,55.93316650390625,0.009179688058793545,0.3149411976337433,4120.0,0.00034432265,,,,,,,,,,,,,,,,,,,,,,,,,,,,,,,,,,,,,,,,,,,,,
21145600,-3.399092674255371,74.81221771240234,0.5454545454545454,0.2958365917205811,0.8822704315185547,6.433367729187011e-05,1.2969970703125e-05,0.003806360960006714,0.00979534387588501,0.02759096622467041,0.024719185829162597,0.005693908929824829,1.2057340145111084,51.722656,-2.5861328,73.45703,-3.323411,0.55078125,0.9992204588858877,0.9999808788038476,4180.444932442036,4128.0,0.00016901493072509765,-0.295667576789856,1.2051331996917725,1.0,1.0,1.243669033050537,0.11063026636838913,-1.2247822284698486,0.41094768047332764,0.5035046339035034,1.0,-0.15572473406791687,-5.140279769897461,5.296004295349121,0.0012154047144576907,1.4634870290756226,0.046534888446331024,56.033355712890625,0.01015624962747097,0.23175041377544403,4130.0,0.00034418746,,,,,,,,,,,,,,,,,,,,,,,,,,,,,,,,,,,,,,,,,,,,,
21196800,-3.375335931777954,74.3497085571289,0.5346820809248555,0.2839444875717163,0.8835895299911499,6.439089775085449e-05,1.366138458251953e-05,0.0037097752094268797,0.009165059328079223,0.028093934059143066,0.02547060966491699,0.005734560489654541,1.195666527748108,50.746094,-2.5373044,77.484375,-3.5539994,0.51171875,0.999205945554168,0.9999791624663417,4180.648765838682,4138.0,0.0003142833709716797,-0.28363020420074464,1.2012252807617188,1.0,1.0,0.8417955636978149,0.04730622470378876,-1.206263780593872,0.24738790094852448,0.5383294820785522,1.0,-0.15596644580364227,-5.096451759338379,5.252418518066406,0.0008323549991473556,1.002251148223877,0.04657518118619919,56.081878662109375,0.0068359375,0.13219282031059265,4140.0,0.0003440523,,,,,,,,,,,,,,,,,,,,,,,,,,,,,,,,,,,,,,,,,,,,,
21248000,-3.3589658737182617,73.68888854980469,0.5214814814814814,0.3086549282073975,0.8563014745712281,5.993127822875977e-05,1.2636184692382812e-05,0.0033765029907226562,0.008748058080673218,0.022797679901123045,0.025568593740463257,0.00502888560295105,1.187791657447815,56.44922,-2.8224604,67.77734,-3.0189395,0.58984375,0.9992268602471102,0.9999790042443742,4180.915707538524,4148.0,0.00021054744720458985,-0.30844438076019287,1.2051596641540527,1.0,1.0,0.4170229732990265,-0.027589045464992523,-1.1923468112945557,0.06681957840919495,0.565518856048584,1.0,-0.1519521176815033,-4.258146286010742,4.410098075866699,0.0007106771809048951,0.8557370901107788,0.04667354375123978,56.200313568115234,0.0062500000931322575,0.3225221037864685,4150.0,0.0003439171,,,,,,,,,,,,,,,,,,,,,,,,,,,,,,,,,,,,,,,,,,,,,
21299200,-3.2835588455200195,72.67778015136719,0.5444444444444444,0.3168992757797241,0.8803812026977539,6.453037261962891e-05,1.1873245239257812e-05,0.0038030517101287843,0.00964516520500183,0.019720935821533205,0.02509051442146301,0.005381393432617188,1.217033362388611,52.04297,-2.6021483,74.47656,-3.3844225,0.5234375,0.9992184069139182,0.9999835050993828,4180.943091961856,4158.0,0.0001611471176147461,-0.3167381286621094,1.204636812210083,1.0,1.0,0.48556816577911377,0.0028632134199142456,-1.2150330543518066,0.11389605700969696,0.51758873462677,1.0,-0.15417031943798065,-4.456937789916992,4.61110782623291,0.0010863717179745436,1.3081164360046387,0.046744827181100845,56.28614807128906,0.006640625186264515,0.4811323881149292,4160.0,0.00034378195,,,,,,,,,,,,,,,,,,,,,,,,,,,,,,,,,,,,,,,,,,,,,
21350400,-3.458200454711914,75.69345092773438,0.5342261904761905,0.27574470043182375,0.8869867086410522,6.608724594116211e-05,1.2111663818359374e-05,0.0038462424278259276,0.009216432571411132,0.020582818984985353,0.025350723266601562,0.005834667682647705,1.1833481073379517,53.347656,-2.6673822,76.63672,-3.514002,0.51953125,0.9992067020332464,0.9999816050609817,4181.251467134889,4168.0,0.00013680458068847655,-0.27560789585113527,1.203531265258789,1.0,1.0,0.4426777958869934,0.02208617329597473,-1.0947428941726685,0.12491963058710098,0.7328852415084839,1.0,-0.1578368842601776,-5.370173931121826,5.528010845184326,0.0009079239098355174,1.0932447910308838,0.04681071639060974,56.36548614501953,0.00742187537252903,0.4048444628715515,4170.0,0.00034364677,,,,,,,,,,,,,,,,,,,,,,,,,,,,,,,,,,,,,,,,,,,,,
21401600,-3.4477343559265137,75.60804748535156,0.5156482861400894,0.3123539209365845,0.8676575422286987,6.254792213439942e-05,1.3446807861328125e-05,0.0035253715515136718,0.009327065944671632,0.022255373001098634,0.02515916705131531,0.005274955034255981,1.2023033618927002,55.171875,-2.7585936,74.66797,-3.3670826,0.57421875,0.9992215913329767,0.9999808044132716,4181.402619985587,4178.0,0.0001964569091796875,-0.3121574640274048,1.205061435699463,1.0,1.0,1.0243828296661377,0.06465744972229004,-1.2677842378616333,0.30930864810943604,0.4231569170951843,1.0,-0.1586667150259018,-5.7044291496276855,5.863095760345459,0.0019646598957479,2.3656764030456543,0.04684228450059891,56.40349578857422,0.008593750186264515,0.20855215191841125,4180.0,0.0003435116,,,,,,,,,,,,,,,,,,,,,,,,,,,,,,,,,,,,,,,,,,,,,
21452800,-3.2004334926605225,71.30082702636719,0.5755494505494505,0.34581406116485597,0.8264238119125367,5.3945779800415036e-05,1.1873245239257812e-05,0.003024706840515137,0.00867323875427246,0.02344956398010254,0.02492642283439636,0.004612576961517334,1.1957200527191163,52.410156,-2.6205077,72.35547,-3.2798223,0.55859375,0.9992667339762391,0.9999826527820331,4181.60821716333,4188.0,0.00013153553009033204,-0.34568252563476565,1.1997156143188477,1.0,1.0,0.3175247609615326,-0.000558971893042326,-1.1837241649627686,0.06913972645998001,0.5962227582931519,1.0,-0.15287044644355774,-3.754030227661133,3.906900644302368,0.00030012207571417093,0.361381471157074,0.04684729129076004,56.40953063964844,0.006640625186264515,0.3013864755630493,4190.0,0.00034337642,,,,,,,,,,,,,,,,,,,,,,,,,,,,,,,,,,,,,,,,,,,,,
21504000,-3.135998010635376,70.09115600585938,0.5978552278820375,0.34998908042907717,0.8374266624450684,5.804538726806641e-05,1.1587142944335938e-05,0.0033412611484527587,0.008557435274124146,0.01731266975402832,0.025050981044769285,0.00483200192451477,1.2047632694244386,48.160156,-2.4080076,67.859375,-3.0061793,0.625,0.9992451077917175,0.9999806852898733,4181.738411237184,4198.0,0.0002357959747314453,-0.3497532844543457,1.1993274688720703,1.0,1.0,0.5420579314231873,-0.027861062437295914,-1.179023265838623,0.09819896519184113,0.6006937623023987,1.0,-0.14809828996658325,-2.770779609680176,2.9188780784606934,0.0008180306176654994,0.9850029349327087,0.04690234363079071,56.47581481933594,0.01113281212747097,0.23305878043174744,4200.0,0.00034324126,,,,,,,,,,,,,,,,,,,,,,,,,,,,,,,,,,,,,,,,,,,,,
21555200,-3.361043691635132,74.19011688232422,0.5449101796407185,0.2621194362640381,0.8991739273071289,6.769776344299316e-05,1.316070556640625e-05,0.004107881784439087,0.009562081098556519,0.0300429105758667,0.0252239990234375,0.0059610879421234135,1.1913724899291993,54.570312,-2.7285154,75.21875,-3.4216974,0.54296875,0.9992004048990923,0.9999806483053839,4181.970959206895,4208.0,0.00021679401397705077,-0.26190264225006105,1.2036681175231934,1.0,1.0,0.43374404311180115,-0.03113264963030815,-1.098785638809204,0.06905785948038101,0.6625789403915405,1.0,-0.1507577747106552,-4.116415023803711,4.2671732902526855,0.0008797332411631942,1.0592999458312988,0.04692919924855232,56.508155822753906,0.0068359375,0.25829029083251953,4210.0,0.00034310608,,,,,,,,,,,,,,,,,,,,,,,,,,,,,,,,,,,,,,,,,,,,,
21606400,-3.570093870162964,77.70149230957031,0.49850746268656715,0.29814050197601316,0.8745769023895263,6.055593490600586e-05,1.201629638671875e-05,0.003475049734115601,0.009205960035324097,0.019360923767089845,0.025356595516204835,0.005596369504928589,1.1921141862869262,51.210938,-2.5605464,74.40234,-3.3711898,0.5390625,0.9992152915563299,0.9999800003571936,4182.200582716768,4218.0,0.00028717517852783203,-0.29785332679748533,1.196662425994873,1.0,0.0,0.41854655742645264,-0.07192615419626236,-1.2619636058807373,0.021213790401816368,0.41918426752090454,1.0,-0.15245243906974792,-3.9751534461975098,4.127606391906738,0.0006470503285527229,0.7791230082511902,0.04691889137029648,56.49574279785156,0.006054687313735485,0.30077362060546875,4220.0,0.00034297092,,,,,,,,,,,,,,,,,,,,,,,,,,,,,,,,,,,,,,,,,,,,,
21657600,-3.405904769897461,75.07952880859375,0.5508100147275405,0.36399035453796386,0.8137272119522094,5.375862121582031e-05,1.1229515075683594e-05,0.0029770636558532713,0.008164429664611816,0.0236361026763916,0.025046132802963257,0.004415136575698852,1.201386523246765,52.07422,-2.6037107,74.66406,-3.3932436,0.5390625,0.9992666024478678,0.9999820003265343,4182.358587849924,4228.0,0.00018281936645507811,-0.36380753517150877,1.1992230415344238,1.0,1.0,0.6486930847167969,0.029520336538553238,-1.156465768814087,0.18252605199813843,0.6315295696258545,1.0,-0.15602140128612518,-4.76877498626709,4.924797058105469,0.0008151235524564981,0.9815024137496948,0.046924490481615067,56.50248336791992,0.009179688058793545,0.22523100674152374,4230.0,0.00034283573,,,,,,,,,,,,,,,,,,,,,,,,,,,,,,,,,,,,,,,,,,,,,
21708800,-3.4003162384033203,75.12320709228516,0.5515759312320917,0.39167625904083253,0.7904795646667481,4.668712615966797e-05,1.0371208190917969e-05,0.0025402891635894777,0.00768440842628479,0.0163271427154541,0.025215176343917848,0.004011300802230835,1.1985142707824707,47.246094,-2.3623042,72.65625,-3.2463536,0.59765625,0.9993392271648213,0.9999825340826093,4182.524604029807,4238.0,0.00017611980438232423,-0.3915001392364502,1.2014312744140625,1.0,1.0,0.4615398645401001,0.05558504909276962,-1.1290066242218018,0.16230297088623047,0.6448734998703003,1.0,-0.15441296994686127,-4.169137954711914,4.323550701141357,0.0007700551068410277,0.9272348880767822,0.046941474080085754,56.52293395996094,0.009765625,0.24304819107055664,4240.0,0.00034270057,,,,,,,,,,,,,,,,,,,,,,,,,,,,,,,,,,,,,,,,,,,,,
21760000,-3.451965093612671,75.7767562866211,0.5412844036697247,0.274442458152771,0.8871385335922242,6.50954246520996e-05,1.2946128845214843e-05,0.00380967378616333,0.009845609664916993,0.029209446907043458,0.024668715000152587,0.005932923555374146,1.190826177597046,53.660156,-2.6830075,77.57422,-3.5522585,0.53125,0.9992129921758511,0.9999808596614763,4182.738059182497,4248.0,0.00015957355499267577,-0.27428288459777833,1.2019975185394287,1.0,1.0,0.7414596080780029,0.02944851480424404,-1.2125487327575684,0.20431004464626312,0.494601845741272,1.0,-0.15542346239089966,-4.597522735595703,4.752946853637695,0.0008577792905271053,1.0328648090362549,0.04700341075658798,56.59750747680664,0.007226563058793545,0.15724512934684753,4250.0,0.00034256538,,,,,,,,,,,,,,,,,,,,,,,,,,,,,,,,,,,,,,,,,,,,,
21811200,-3.38955020904541,74.65351104736328,0.5380116959064327,0.30814571380615235,0.8656963109970093,6.04856014251709e-05,1.3518333435058594e-05,0.0034674346446990968,0.008479889631271362,0.023255228996276855,0.02577528715133667,0.005467616319656372,1.1971337795257568,54.195312,-2.7097652,72.19922,-3.2459252,0.56640625,0.9992121440041135,0.9999807812683288,4182.909632726585,4258.0,0.0001544952392578125,-0.30799121856689454,1.2003488540649414,1.0,0.0,0.8935635089874268,0.05957425385713577,-1.2100006341934204,0.2724904417991638,0.5001577138900757,1.0,-0.15547113120555878,-4.497063636779785,4.652534484863281,0.0008209773804992437,0.9885511994361877,0.0470716692507267,56.67970275878906,0.00839843787252903,0.15198537707328796,4260.0,0.00034243023,,,,,,,,,,,,,,,,,,,,,,,,,,,,,,,,,,,,,,,,,,,,,
21862400,-3.5325839519500732,76.94518280029297,0.49333333333333335,0.31523010730743406,0.8668683528900146,6.0926675796508786e-05,1.1348724365234375e-05,0.0034804606437683107,0.009047003984451294,0.019330835342407225,0.025325982570648192,0.00539625883102417,1.2014625072479248,51.3125,-2.5656245,77.93359,-3.5848644,0.4921875,0.9992436005143582,0.9999818030245874,4183.086797814196,4268.0,0.0002064943313598633,-0.3150236129760742,1.2004549503326416,1.0,1.0,0.48073142766952515,0.005427171476185322,-1.2300212383270264,0.11500117182731628,0.5083363652229309,1.0,-0.158005952835083,-5.697977066040039,5.855982780456543,0.0008263502386398613,0.9950206875801086,0.04713995009660721,56.76192092895508,0.005078125279396772,0.3881591558456421,4270.0,0.00034229504,,,,,,,,,,,,,,,,,,,,,,,,,,,,,,,,,,,,,,,,,,,,,
21913600,-3.5202693939208984,76.92262268066406,0.5029761904761905,0.24636466503143312,0.9338555812835694,7.236480712890625e-05,1.4662742614746094e-05,0.004273382425308228,0.010054731369018554,0.021540522575378418,0.02578435659408569,0.00647005558013916,1.2017993688583375,49.390625,-2.4695308,74.66406,-3.3944087,0.53125,0.9991885621447837,0.9999800821784717,4183.235788559195,4278.0,0.00016336441040039064,-0.24620130062103274,1.195012092590332,1.0,1.0,1.2452926635742188,0.09706448018550873,-1.163135290145874,0.3989914059638977,0.5808954238891602,1.0,-0.1626746952533722,-5.847602844238281,6.01027774810791,0.0034348764456808567,4.135986328125,0.04718666523694992,56.81816482543945,0.00898437574505806,0.2882692813873291,4280.0,0.00034215988,,,,,,,,,,,,,,,,,,,,,,,,,,,,,,,,,,,,,,,,,,,,,
21964800,-3.1154043674468994,69.46324920654297,0.5783633841886269,0.30712599754333497,0.8689099311828613,6.004691123962402e-05,1.087188720703125e-05,0.003423372507095337,0.009500644207000732,0.023752784729003905,0.024903582334518434,0.005524511337280273,1.1998212337493896,53.753906,-2.687695,69.484375,-3.1013837,0.6015625,0.9992326186912542,0.9999819569729445,4183.383388587137,4288.0,0.00023052692413330078,-0.3068954706192017,1.201887607574463,1.0,1.0,0.7599314451217651,-0.07310356944799423,-1.1869280338287354,0.10700387507677078,0.5631448030471802,1.0,-0.16279909014701843,-5.278918743133545,5.441718101501465,0.0011789515847340226,1.419593334197998,0.04724650830030441,56.890228271484375,0.0078125,0.3945825695991516,4290.0,0.00034202472,,,,,,,,,,,,,,,,,,,,,,,,,,,,,,,,,,,,,,,,,,,,,
22016000,-3.5548431873321533,77.48540496826172,0.5038402457757296,0.3327571630477905,0.8523316383361816,5.8115720748901366e-05,1.1229515075683594e-05,0.003361098766326904,0.009143133163452149,0.021207427978515624,0.024775538444519043,0.005246797800064087,1.2063297033309937,56.710938,-2.8355465,77.734375,-3.5671625,0.5078125,0.9992515114947448,0.9999815602207516,4183.489952482304,4298.0,0.00020711421966552735,-0.332550048828125,1.2259485721588135,1.0,0.0,0.7339786291122437,0.04696603864431381,-1.2495193481445312,0.2193668782711029,0.45717090368270874,1.0,-0.1641210913658142,-5.670022964477539,5.834144115447998,0.0014492913614958525,1.7451133728027344,0.04730096831917763,56.95580291748047,0.006640624720603228,0.20175759494304657,4300.0,0.00034188954,,,,,,,,,,,,,,,,,,,,,,,,,,,,,,,,,,,,,,,,,,,,,
22067200,-3.1865811347961426,70.92627716064453,0.5710455764075067,0.28868808746337893,0.8843513011932373,6.50501251220703e-05,1.2159347534179688e-05,0.003786689043045044,0.009261481761932373,0.024556446075439452,0.025235707759857177,0.005832451581954956,1.1976311206817627,50.027344,-2.5013669,72.66016,-3.263883,0.58203125,0.9991816648496719,0.9999806897117373,4183.694256435799,4308.0,0.00022702217102050782,-0.28846106529235843,1.1994729042053223,1.0,1.0,0.3669080138206482,-0.04036247730255127,-1.2265177965164185,0.0405740961432457,0.4820859730243683,1.0,-0.1543661206960678,-2.9642672538757324,3.118633508682251,0.0008228085935115814,0.9907562136650085,0.04738239943981171,57.053855895996094,0.006835937965661287,0.36578404903411865,4310.0,0.00034175435,,,,,,,,,,,,,,,,,,,,,,,,,,,,,,,,,,,,,,,,,,,,,
22118400,-3.438837766647339,75.30769348144531,0.5236686390532544,0.2642373561859131,0.9055471897125245,6.920814514160156e-05,1.4638900756835937e-05,0.004049694538116455,0.009281681776046753,0.016790270805358887,0.02558471441268921,0.0062537801265716555,1.1866178035736084,51.16797,-2.5583982,80.21094,-3.7201667,0.4609375,0.9991545335793555,0.9999761102783308,4183.923016875879,4318.0,0.0002034902572631836,-0.2640338659286499,1.2020351886749268,1.0,1.0,0.7165443897247314,0.06464207917451859,-1.2126407623291016,0.23334786295890808,0.5153458118438721,1.0,-0.15812623500823975,-5.226686000823975,5.384812355041504,0.0019266866147518158,2.3199524879455566,0.04741644114255905,57.0948486328125,0.007226563058793545,0.2711412310600281,4320.0,0.0003416192,,,,,,,,,,,,,,,,,,,,,,,,,,,,,,,,,,,,,,,,,,,,,
22169600,-2.9752132892608643,67.30186462402344,0.6063829787234043,0.2906926155090332,0.8854509353637695,6.65569305419922e-05,1.3232231140136719e-05,0.0038473570346832277,0.009319204092025756,0.02881491184234619,0.02497688889503479,0.006026440858840942,1.2049963474273682,53.46875,-2.673437,67.078125,-2.9667811,0.59765625,0.9991846198220585,0.9999795414474644,4184.034155150374,4328.0,0.00025315284729003905,-0.29043946266174314,1.2008700370788574,1.0,1.0,0.5266118049621582,0.02382582798600197,-1.192500352859497,0.1455875039100647,0.5486662983894348,1.0,-0.15626975893974304,-4.004730224609375,4.160999774932861,0.000760794326197356,0.9160838723182678,0.04753478989005089,57.23735427856445,0.00839843787252903,0.3397872745990753,4330.0,0.00034148403,,,,,,,,,,,,,,,,,,,,,,,,,,,,,,,,,,,,,,,,,,,,,
22220800,-3.3985252380371094,74.4356460571289,0.5176803394625177,0.29508676528930666,0.8661620616912842,6.273388862609863e-05,1.125335693359375e-05,0.0035792839527130126,0.009055269956588745,0.02167513370513916,0.024955239295959473,0.005620461702346802,1.1829582452774048,47.898438,-2.3949213,74.15625,-3.3926516,0.51953125,0.9991891981908902,0.9999805308134644,4184.304696219285,4338.0,0.00028226375579833987,-0.29480450153350835,1.2344930171966553,1.0,0.0,0.769450306892395,0.037364255636930466,-1.1995904445648193,0.21954411268234253,0.5306869745254517,1.0,-0.16092249751091003,-5.439356803894043,5.600279331207275,0.0017740086186677217,2.136110544204712,0.047614093869924545,57.332847595214844,0.009179688058793545,0.400347501039505,4340.0,0.00034134884,,,,,,,,,,,,,,,,,,,,,,,,,,,,,,,,,,,,,,,,,,,,,
22272000,-3.0778002738952637,69.31717681884766,0.5983379501385041,0.26952385902404785,0.9108691692352295,7.323861122131348e-05,1.373291015625e-05,0.0042321646213531496,0.009637737274169922,0.027753615379333497,0.025176990032196044,0.006382694244384765,1.208189034461975,52.402344,-2.6201165,70.41406,-3.138433,0.59375,0.9991078042860887,0.9999762802737067,4184.422684043106,4348.0,0.0003094196319580078,-0.26921443939208983,1.2039580345153809,1.0,1.0,0.42702221870422363,-0.07994464784860611,-1.1705905199050903,0.01727171614766121,0.6059199571609497,1.0,-0.1622840017080307,-4.556330680847168,4.71861457824707,0.0010157846845686436,1.2231216430664062,0.04765038192272186,57.37653732299805,0.0064453124068677425,0.4522958993911743,4350.0,0.0003412137,,,,,,,,,,,,,,,,,,,,,,,,,,,,,,,,,,,,,,,,,,,,,
22323200,-3.315737009048462,73.59490203857422,0.5594900849858357,0.2628100633621216,0.9052230834960937,6.879210472106934e-05,1.3518333435058594e-05,0.0040609312057495114,0.009551784992218017,0.02839481830596924,0.025284485816955568,0.006257152557373047,1.1964664220809937,49.441406,-2.47207,74.93359,-3.395032,0.53515625,0.9991602622937832,0.9999791564703248,4184.606350241652,4358.0,0.00013697147369384766,-0.26267309188842775,1.195605993270874,1.0,1.0,0.8659822344779968,0.03325024992227554,-1.1661787033081055,0.2401246875524521,0.5621076822280884,1.0,-0.1649228185415268,-5.4934844970703125,5.658407688140869,0.0014678309671580791,1.767437219619751,0.04771365970373154,57.452728271484375,0.0078125,0.3426801264286041,4360.0,0.0003410785,,,,,,,,,,,,,,,,,,,,,,,,,,,,,,,,,,,,,,,,,,,,,
22374400,-3.1962356567382812,70.98275756835938,0.5545977011494253,0.29653377532958985,0.8791277408599854,6.334424018859863e-05,1.2111663818359374e-05,0.003676931858062744,0.009004662036895752,0.02088167667388916,0.025254660844802858,0.005922353267669678,1.1965800523757935,56.45703,-2.8228512,73.57422,-3.3306694,0.53515625,0.9992166145196157,0.999979317849682,4184.78094893726,4368.0,0.0002976894378662109,-0.2962360858917236,1.200770378112793,1.0,1.0,0.795883297920227,-5.5184587836265564e-05,-1.2159885168075562,0.18838444352149963,0.5002543926239014,1.0,-0.16168661415576935,-4.858935832977295,5.020622253417969,0.0015324708074331284,1.8452708721160889,0.04777485877275467,57.52642822265625,0.006835937965661287,0.3844847083091736,4370.0,0.00034094334,,,,,,,,,,,,,,,,,,,,,,,,,,,,,,,,,,,,,,,,,,,,,
22425600,-3.1582939624786377,70.10694885253906,0.5668449197860963,0.27712240219116213,0.893486738204956,6.752371788024902e-05,1.2445449829101563e-05,0.0038875174522399903,0.009462189674377442,0.020432567596435545,0.025108112096786497,0.006113189458847046,1.191077971458435,51.61328,-2.5806637,69.33594,-3.130867,0.5625,0.9991985441174313,0.9999800029749328,4184.988609787401,4378.0,0.00017404556274414062,-0.276948356628418,1.1997439861297607,1.0,1.0,0.5631263256072998,-0.019573532044887543,-1.2173357009887695,0.11066453158855438,0.49863365292549133,1.0,-0.16028347611427307,-4.42399787902832,4.5842814445495605,0.0008685942157171667,1.0458873510360718,0.047843076288700104,57.60856628417969,0.007226563058793545,0.48206931352615356,4380.0,0.00034080815,,,,,,,,,,,,,,,,,,,,,,,,,,,,,,,,,,,,,,,,,,,,,
22476800,-3.379939317703247,74.31440734863281,0.5211062590975255,0.2975252628326416,0.8825715541839599,6.125211715698243e-05,1.2183189392089844e-05,0.0035467839241027834,0.009217758178710938,0.019344305992126463,0.025719269514083862,0.00555014967918396,1.1994760274887084,52.183594,-2.609179,76.77344,-3.5085611,0.5078125,0.9992439299498992,0.9999810573199733,4185.149227006941,4388.0,0.00012078285217285157,-0.2974044799804687,1.203902244567871,1.0,1.0,0.7744712233543396,0.047610342502593994,-1.1572563648223877,0.23212608695030212,0.6172163486480713,1.0,-0.1657782346010208,-6.128686904907227,6.294465065002441,0.0019475175067782402,2.3450350761413574,0.04797331988811493,57.7653923034668,0.0078125,0.42371946573257446,4390.0,0.000340673,,,,,,,,,,,,,,,,,,,,,,,,,,,,,,,,,,,,,,,,,,,,,
22528000,-3.2866766452789307,72.39424133300781,0.5482014388489208,0.2591583251953125,0.9344539403915405,7.23099708557129e-05,1.3065338134765624e-05,0.004220094680786133,0.010589784383773804,0.02336885929107666,0.02538545608520508,0.006416665315628052,1.2170177221298217,55.64453,-2.782226,72.17969,-3.2932363,0.54296875,0.9991784167914758,0.9999806642801256,4185.165462892865,4398.0,0.00014085769653320311,-0.2590174674987793,1.198458194732666,1.0,1.0,0.8200442790985107,0.023720666766166687,-1.2015798091888428,0.2185315191745758,0.5126955509185791,1.0,-0.16707107424736023,-6.74356746673584,6.910638332366943,0.0012650855351239443,1.5233083963394165,0.047984328120946884,57.77865219116211,0.004687500186264515,0.40597590804100037,4400.0,0.0003405378,,,,,,,,,,,,,,,,,,,,,,,,,,,,,,,,,,,,,,,,,,,,,
22579200,-3.243722677230835,72.09276580810547,0.5620736698499318,0.3018710374832153,0.8617983102798462,5.972862243652344e-05,1.1992454528808593e-05,0.003404346704483032,0.008747209310531617,0.023642992973327635,0.025209789276123048,0.005635507106781006,1.1873478651046754,49.222656,-2.4611325,71.76953,-3.2157211,0.5625,0.9992263968671217,0.9999801811125039,4185.410216090682,4408.0,0.00023093223571777344,-0.3016401052474975,1.2052762508392334,1.0,1.0,1.1879208087921143,0.0015210285782814026,-1.1864839792251587,0.288986474275589,0.5866760611534119,1.0,-0.16798563301563263,-5.592338562011719,5.760324478149414,0.0013348698848858476,1.6073367595672607,0.0480671152472496,57.878334045410156,0.0078125,0.28110188245773315,4410.0,0.00034040265,,,,,,,,,,,,,,,,,,,,,,,,,,,,,,,,,,,,,,,,,,,,,
22630400,-3.196408748626709,70.99581146240234,0.5516759776536313,0.29134881496429443,0.8669707536697387,6.012916564941406e-05,1.3017654418945313e-05,0.0034484624862670898,0.009231566190719605,0.02974879741668701,0.024935481548309327,0.005639322996139526,1.1881068706512452,50.65625,-2.532812,69.59766,-3.1195855,0.5625,0.9992254572311728,0.9999785482714262,4185.640969799739,4418.0,0.00020678043365478515,-0.29114203453063964,1.2031738758087158,1.0,1.0,0.7696224451065063,-0.008894439786672592,-1.1913548707962036,0.17360606789588928,0.5513768196105957,1.0,-0.16327863931655884,-4.497525215148926,4.66080379486084,0.0012956977589055896,1.560168981552124,0.04816317558288574,57.99399948120117,0.00820312462747097,0.39558419585227966,4420.0,0.00034026746,,,,,,,,,,,,,,,,,,,,,,,,,,,,,,,,,,,,,,,,,,,,,
22681600,-3.1825966835021973,70.60674285888672,0.5533707865168539,0.2809702157974243,0.8905115842819213,6.575942039489746e-05,1.2922286987304688e-05,0.0038103830814361574,0.009401801824569702,0.02519335746765137,0.02527956247329712,0.005932282209396362,1.1967108964920044,54.28125,-2.714062,71.46094,-3.2173684,0.578125,0.9991961877726567,0.9999809338595588,4185.817277799428,4428.0,0.00011866092681884765,-0.2808515548706055,1.200242519378662,1.0,1.0,0.39441055059432983,0.0065682511776685715,-1.1624497175216675,0.0957552045583725,0.5866932272911072,1.0,-0.16690343618392944,-4.856375217437744,5.023278713226318,0.0009226022521033883,1.1109192371368408,0.048212118446826935,58.05293273925781,0.00839843787252903,0.6852215528488159,4430.0,0.0003401323,,,,,,,,,,,,,,,,,,,,,,,,,,,,,,,,,,,,,,,,,,,,,
22732800,-3.2216336727142334,71.18478393554688,0.5502717391304348,0.3212266445159912,0.864061689376831,5.938887596130371e-05,1.2493133544921875e-05,0.0033834874629974365,0.008807060718536376,0.026609182357788086,0.025413612127304076,0.005507135391235351,1.2119329214096068,49.625,-2.4812493,70.1875,-3.1675663,0.56640625,0.9992500560271252,0.9999810946422472,4185.849867224917,4438.0,0.0001718759536743164,-0.3210547685623169,1.1974716186523438,1.0,1.0,0.5435097217559814,-0.09238244593143463,-1.1392203569412231,0.034816525876522064,0.6493748426437378,1.0,-0.17161674797534943,-5.123333930969238,5.294951438903809,0.0018272687448188663,2.200241804122925,0.048304762691259384,58.16448974609375,0.006640625186264515,0.6389631032943726,4440.0,0.00033999712,,,,,,,,,,,,,,,,,,,,,,,,,,,,,,,,,,,,,,,,,,,,,
22784000,-3.2377240657806396,71.83638763427734,0.5655853314527504,0.24035346508026123,0.9198998928070068,7.286190986633301e-05,1.392364501953125e-05,0.004330031871795655,0.009262416362762451,0.03041341304779053,0.025630923509597777,0.006654704809188843,1.1907099962234498,50.671875,-2.5335934,72.296875,-3.2730076,0.5625,0.9990421527932817,0.9999753914526085,4186.036478375163,4448.0,0.0001802682876586914,-0.24017319679260254,1.1991333961486816,1.0,1.0,0.8301650285720825,0.011732818558812141,-1.1711068153381348,0.20972461998462677,0.5879374742507935,1.0,-0.17027510702610016,-5.246859550476074,5.4171342849731445,0.001025165431201458,1.2344169616699219,0.04834308475255966,58.21063232421875,0.00996093824505806,0.39847850799560547,4450.0,0.00033986196,,,,,,,,,,,,,,,,,,,,,,,,,,,,,,,,,,,,,,,,,,,,,
22835200,-3.2025318145751953,71.01131439208984,0.5601131541725601,0.29431154727935793,0.8714494705200195,6.0322284698486326e-05,1.2278556823730469e-05,0.0035337376594543456,0.009346705675125123,0.018982696533203124,0.025131131410598754,0.0054677391052246095,1.1847780466079711,54.558594,-2.7279294,70.67578,-3.1871557,0.55859375,0.9992463730368655,0.9999813857805434,4186.28781760719,4458.0,0.00019633769989013672,-0.2941152095794678,1.2049305438995361,1.0,1.0,0.7160041928291321,0.02082313969731331,-1.1888821125030518,0.18982435762882233,0.5319826602935791,1.0,-0.16939346492290497,-5.362539291381836,5.531932830810547,0.0007975896005518734,0.9603895545005798,0.048417478799819946,58.30021286010742,0.006835937965661287,0.42096036672592163,4460.0,0.00033972677,,,,,,,,,,,,,,,,,,,,,,,,,,,,,,,,,,,,,,,,,,,,,
22886400,-3.2296860218048096,71.65348052978516,0.5634379263301501,0.28253171443939207,0.882857370376587,6.273031234741211e-05,1.4376640319824218e-05,0.003628957271575928,0.009381940364837646,0.02653841972351074,0.025335581302642823,0.005699955224990845,1.191965651512146,49.39453,-2.4697266,73.82422,-3.354038,0.54296875,0.9992364781998634,0.9999800578713772,4186.483137712604,4468.0,0.00018050670623779297,-0.28235120773315425,1.1986525058746338,1.0,0.0,1.4922902584075928,0.11619371920824051,-1.189697027206421,0.4793720245361328,0.5635915994644165,1.0,-0.17251336574554443,-5.768405914306641,5.940919399261475,0.001547238789498806,1.863053321838379,0.048495274037122726,58.393890380859375,0.00839843787252903,0.3033882975578308,4470.0,0.0003395916,,,,,,,,,,,,,,,,,,,,,,,,,,,,,,,,,,,,,,,,,,,,,
22937600,-3.0374321937561035,68.08536529541016,0.5813008130081301,0.2945530891418457,0.8747283458709717,6.169557571411132e-05,1.2159347534179688e-05,0.003531956672668457,0.009725109338760377,0.025364446640014648,0.024835989475250245,0.005548231601715088,1.1946808576583863,53.117188,-2.655859,69.78125,-3.126551,0.578125,0.9992355425636283,0.9999809014617805,4186.654559978213,4478.0,0.00017023086547851562,-0.2943828582763672,1.2006216049194336,1.0,1.0,0.80594801902771,-0.07037439942359924,-1.1644641160964966,0.12184534966945648,0.603452205657959,1.0,-0.1700807809829712,-4.545194625854492,4.715275764465332,0.0012373288627713919,1.4898861646652222,0.04853680729866028,58.44389724731445,0.0074218749068677425,0.5003779530525208,4480.0,0.00033945643,,,,,,,,,,,,,,,,,,,,,,,,,,,,,,,,,,,,,,,,,,,,,
22988800,-3.4750077724456787,75.60499572753906,0.47577092511013214,0.3459063768386841,0.8355578184127808,5.524158477783203e-05,1.113414764404297e-05,0.003088585138320923,0.00782412052154541,0.016683483123779298,0.025671188831329347,0.005107977390289307,1.1981818437576295,51.996094,-2.5998044,80.28125,-3.7279782,0.4296875,0.9992633076084505,0.9999807781808235,4186.816370983608,4488.0,0.00024816989898681643,-0.3456582069396973,1.1977496147155762,1.0,1.0,1.5967683792114258,0.09355821460485458,-1.0516263246536255,0.48668739199638367,0.874077320098877,1.0,-0.1810087263584137,-9.219762802124023,9.400772094726562,0.003652708139270544,4.398280143737793,0.048596739768981934,58.51605987548828,0.005859375,0.3479733467102051,4490.0,0.00033932127,,,,,,,,,,,,,,,,,,,,,,,,,,,,,,,,,,,,,,,,,,,,,
23040000,-3.4387896060943604,75.38032531738281,0.5345080763582967,0.26360092163085935,0.9096977472305298,6.786346435546875e-05,1.354217529296875e-05,0.004039431810379028,0.009828157424926758,0.026811599731445312,0.02539450168609619,0.006118836402893066,1.2001487731933593,51.472656,-2.5736325,73.22656,-3.3196955,0.55078125,0.9992064051387207,0.9999792005576396,4186.962343982526,4498.0,0.000144195556640625,-0.2634567260742187,1.2002668380737305,1.0,1.0,0.6208953857421875,0.009401045739650726,-1.1316437721252441,0.1559150218963623,0.643113374710083,1.0,-0.17533397674560547,-5.501284122467041,5.676618576049805,0.0008459860109724104,1.0186644792556763,0.048608534038066864,58.53026580810547,0.00742187537252903,0.5516719818115234,4500.0,0.0003391861,,,,,,,,,,,,,,,,,,,,,,,,,,,,,,,,,,,,,,,,,,,,,
23091200,-3.087798595428467,68.82289123535156,0.5667574931880109,0.32050189971923826,0.8788139581680298,6.195545196533203e-05,1.5735626220703125e-05,0.0035633254051208496,0.009751269817352295,0.019557785987854005,0.024983062744140624,0.005548189878463745,1.2189115524291991,54.14453,-2.7072265,72.12109,-3.2724304,0.53125,0.9992513862336184,0.999981809239717,4186.967066595973,4508.0,0.00010485649108886719,-0.3203970432281494,1.2002694606781006,1.0,0.0,0.9342105984687805,-0.034989286214113235,-1.1610603332519531,0.18942126631736755,0.6053875684738159,1.0,-0.17585638165473938,-5.982652187347412,6.158508777618408,0.0011032006004825234,1.3283803462982178,0.048704661428928375,58.64601135253906,0.0068359375,0.5616104602813721,4510.0,0.00033905092,,,,,,,,,,,,,,,,,,,,,,,,,,,,,,,,,,,,,,,,,,,,,
23142400,-3.0539681911468506,68.33551788330078,0.5674967234600262,0.2825749397277832,0.8892495632171631,6.50179386138916e-05,1.3184547424316406e-05,0.0037296044826507567,0.008730446100234985,0.019626975059509277,0.02604958415031433,0.005852710008621215,1.1914929389953612,50.472656,-2.5236325,70.17969,-3.149198,0.5546875,0.9992102221496532,0.9999762680561873,4187.197091097595,4518.0,0.00023043155670166016,-0.28234450817108153,1.195145606994629,1.0,1.0,1.6191993951797485,-0.07055710256099701,-1.180755615234375,0.3246244788169861,0.5731106996536255,1.0,-0.17814472317695618,-6.319573402404785,6.49771785736084,0.0022515165619552135,2.7110848426818848,0.0488230437040329,58.78855895996094,0.01035156287252903,0.3963295817375183,4520.0,0.00033891574,,,,,,,,,,,,,,,,,,,,,,,,,,,,,,,,,,,,,,,,,,,,,
23193600,-3.038602113723755,68.00132751464844,0.5721854304635762,0.3036872148513794,0.86473069190979,5.9762001037597655e-05,1.1849403381347657e-05,0.0035203897953033445,0.009408043622970581,0.02104933261871338,0.02480212926864624,0.00541233777999878,1.1895017623901367,49.921875,-2.496093,70.11719,-3.1750479,0.5390625,0.9992165855138517,0.9999809385680716,4187.4069899315855,4528.0,0.00023663043975830078,-0.3034505844116211,1.2017390727996826,1.0,1.0,1.468350887298584,-0.025954553857445717,-1.2000126838684082,0.3309684991836548,0.524544358253479,1.0,-0.1805284023284912,-7.5266523361206055,7.707180976867676,0.0015332603361457586,1.846221685409546,0.048890016973018646,58.86920166015625,0.00742187537252903,0.5333524346351624,4530.0,0.00033878058,,,,,,,,,,,,,,,,,,,,,,,,,,,,,,,,,,,,,,,,,,,,,
23244800,-2.968543291091919,66.84564971923828,0.575197889182058,0.2518810987472534,0.9220692396163941,7.219791412353515e-05,1.366138458251953e-05,0.004201492071151733,0.009730287790298463,0.021444272994995118,0.025548620223999022,0.006512451171875,1.1954346656799317,51.996094,-2.5998046,64.36719,-2.839964,0.59375,0.9991668129090191,0.9999779218911211,4187.564310993082,4538.0,0.00018796920776367187,-0.25169312953948975,1.1933245658874512,1.0,1.0,1.5249135494232178,-0.04962320625782013,-1.1461776494979858,0.32277771830558777,0.6237189769744873,1.0,-0.17714513838291168,-6.035254001617432,6.212399005889893,0.0016434530261904001,1.978906273841858,0.048985689878463745,58.98440170288086,0.009765625,0.5470637083053589,4540.0,0.00033864542,,,,,,,,,,,,,,,,,,,,,,,,,,,,,,,,,,,,,,,,,,,,,
23296000,-3.253842830657959,71.72856903076172,0.5171428571428571,0.32195923328399656,0.8638849973678588,5.945801734924316e-05,1.1563301086425781e-05,0.003406558036804199,0.008910850286483765,0.017456197738647462,0.025335893630981446,0.005449178218841552,1.2033355712890625,55.86328,-2.7931638,74.67578,-3.4324594,0.49609375,0.9992519449225027,0.9999804048030859,4187.680287882489,4548.0,0.00026383399963378904,-0.32169539928436275,1.2538621425628662,1.0,0.0,2.1927037239074707,-0.1009829044342041,-1.0282001495361328,0.4407174587249756,0.7617031335830688,1.0,-0.18624654412269592,-12.667760848999023,12.854007720947266,0.005255585536360741,6.328329086303711,0.04916311800479889,59.19805145263672,0.0048828125,0.5054338574409485,4550.0,0.00033851023,,,,,,,,,,,,,,,,,,,,,,,,,,,,,,,,,,,,,,,,,,,,,
23347200,-3.5338261127471924,76.9110107421875,0.5007541478129713,0.2816765546798706,0.8912816286087036,6.587386131286621e-05,1.2159347534179688e-05,0.0038480114936828612,0.009706575870513916,0.02090754508972168,0.024983210563659666,0.0059252786636352535,1.1939034938812256,56.67578,-2.8337884,75.703125,-3.4509623,0.546875,0.9992116750418057,0.9999785525752066,4187.892757395672,4558.0,0.0001840829849243164,-0.2814924716949463,1.201730489730835,1.0,1.0,0.295172780752182,0.009900039061903954,-1.212160587310791,0.07339854538440704,0.5548657178878784,1.0,-0.17976152896881104,-5.650439262390137,5.8302001953125,0.0007514653261750937,0.9048507213592529,0.04925213381648064,59.30522918701172,0.0052734375931322575,0.15521986782550812,4560.0,0.00033837507,,,,,,,,,,,,,,,,,,,,,,,,,,,,,,,,,,,,,,,,,,,,,
23398400,-3.3763175010681152,74.62322998046875,0.5651558073654391,0.3235774040222168,0.8783986330032348,6.298661231994629e-05,1.1992454528808593e-05,0.0035654318332672117,0.009011387825012207,0.017835140228271484,0.025570319890975954,0.0056752157211303715,1.2198445796966553,50.878906,-2.5439446,71.19531,-3.1950324,0.5625,0.9992124357630705,0.9999824485932391,4187.88612232863,4568.0,0.00022459030151367188,-0.3233528137207031,1.199887990951538,1.0,1.0,0.5435026288032532,0.03704433515667915,-1.2129995822906494,0.16267156600952148,0.5021018981933594,1.0,-0.17446216940879822,-5.08885383605957,5.2633161544799805,0.0007634484791196883,0.9192796945571899,0.04934331774711609,59.41502380371094,0.0068359375,0.3177575469017029,4570.0,0.0003382399,,,,,,,,,,,,,,,,,,,,,,,,,,,,,,,,,,,,,,,,,,,,,
23449600,-3.2895047664642334,72.60563659667969,0.5408450704225352,0.29733643531799314,0.8643354177474976,6.0640573501586914e-05,1.3184547424316406e-05,0.0034144532680511473,0.009045124053955078,0.0198624849319458,0.025208547115325927,0.005450477600097656,1.1815713882446288,49.51172,-2.4755855,74.33984,-3.4076045,0.51171875,0.9991316270125484,0.9999798017284394,4188.143621619057,4578.0,0.00020272731781005858,-0.29713370800018307,1.195885181427002,1.0,1.0,0.7099114656448364,0.023506861180067062,-1.1819289922714233,0.19114506244659424,0.5462960004806519,1.0,-0.17218656837940216,-4.935604572296143,5.107791423797607,0.001028604805469513,1.2385585308074951,0.049354925751686096,59.42900848388672,0.0078125,0.3234555125236511,4580.0,0.00033810473,,,,,,,,,,,,,,,,,,,,,,,,,,,,,,,,,,,,,,,,,,,,,
23500800,-3.1740503311157227,70.69510650634766,0.5692307692307692,0.3386032819747925,0.8265676975250245,5.756378173828125e-05,1.1086463928222656e-05,0.0033308553695678713,0.008554266691207886,0.024627280235290528,0.02457823395729065,0.004775292873382568,1.1898311376571655,52.0625,-2.6031246,68.04297,-3.0160546,0.60546875,0.9992215470514927,0.9999816852514275,4188.356879338241,4588.0,0.0002985477447509766,-0.33830473423004154,1.2339942455291748,1.0,0.0,0.43641209602355957,0.007081860676407814,-1.2406866550445557,0.10515379160642624,0.45609188079833984,1.0,-0.16944517195224762,-3.6324682235717773,3.801913261413574,0.0006238920614123344,0.7512377500534058,0.0493440106511116,59.415863037109375,0.0087890625,0.39336442947387695,4590.0,0.00033796954,,,,,,,,,,,,,,,,,,,,,,,,,,,,,,,,,,,,,,,,,,,,,
23552000,-3.2290749549865723,71.45201873779297,0.5382475660639777,0.3634899139404297,0.8271612405776978,5.577921867370606e-05,1.1086463928222656e-05,0.003061661720275879,0.008283675909042358,0.02060103416442871,0.02513456583023071,0.004790784120559693,1.2112858295440674,51.382812,-2.5691402,80.61719,-3.7459412,0.44140625,0.9992360563200356,0.9999813797891193,4188.436756803718,4598.0,0.0003647804260253906,-0.3631251335144043,1.2037582397460938,1.0,1.0,0.7466572523117065,-0.0010944157838821411,-1.1294001340866089,0.17683735489845276,0.6278305649757385,1.0,-0.17137086391448975,-5.850643157958984,6.0220136642456055,0.0018046812620013952,2.173043727874756,0.049439288675785065,59.53058624267578,0.0062500000931322575,0.42360925674438477,4600.0,0.00033783438,,,,,,,,,,,,,,,,,,,,,,,,,,,,,,,,,,,,,,,,,,,,,
23603200,-3.016411066055298,67.84015655517578,0.5931307793923382,0.3426466226577759,0.8283379793167114,5.3414106369018554e-05,1.087188720703125e-05,0.0030030012130737305,0.008104352951049805,0.01537308692932129,0.025504790544509888,0.004720258712768555,1.1863907814025878,50.777344,-2.5388665,66.20703,-2.9161937,0.61328125,0.9992495469520735,0.9999812704111322,4188.6688763890415,4608.0,0.00020189285278320311,-0.3424447298049927,1.1980347633361816,1.0,1.0,0.4165564775466919,-0.0154328104108572,-1.1403183937072754,0.0798608735203743,0.6517719626426697,1.0,-0.17087684571743011,-4.83426570892334,5.0051422119140625,0.0009757211664691567,1.1748805046081543,0.04950673505663872,59.61180114746094,0.0078125,0.4980756640434265,4610.0,0.0003376992,,,,,,,,,,,,,,,,,,,,,,,,,,,,,,,,,,,,,,,,,,,,,
23654400,-3.228532552719116,71.58441925048828,0.5483405483405484,0.3110574007034302,0.870061993598938,6.386041641235352e-05,1.4472007751464844e-05,0.0036766672134399413,0.008962583541870118,0.02130470275878906,0.025106518268585204,0.005658228397369385,1.2024644136428833,56.996094,-2.8498044,68.44922,-3.0531611,0.5859375,0.9991899004317124,0.999978506994734,4188.7819789236355,4618.0,0.00026447772979736327,-0.3107929229736328,1.1976370811462402,1.0,1.0,0.36679884791374207,-0.036450814455747604,-1.1539299488067627,0.04633370786905289,0.5898439288139343,1.0,-0.1726716160774231,-5.084240436553955,5.256911754608154,0.001231522299349308,1.4828944206237793,0.0495450496673584,59.65793991088867,0.005664062686264515,0.6563323736190796,4620.0,0.00033756404,,,,,,,,,,,,,,,,,,,,,,,,,,,,,,,,,,,,,,,,,,,,,
23705600,-3.083099126815796,68.86351776123047,0.568241469816273,0.3182948589324951,0.8649297714233398,5.860805511474609e-05,1.1968612670898438e-05,0.003437063694000244,0.009369688034057617,0.022986555099487306,0.02484749913215637,0.005499199628829956,1.206248903274536,52.01953,-2.6009762,66.734375,-2.9692087,0.58984375,0.9992038653739159,0.9999786534881209,4188.874456509309,4628.0,0.0002565860748291016,-0.318038272857666,1.1992437839508057,1.0,1.0,1.0923959016799927,-0.012759418226778507,-1.084188461303711,0.25324440002441406,0.7479559183120728,1.0,-0.17523986101150513,-5.376926898956299,5.552166938781738,0.0018610024126246572,2.240860939025879,0.049645908176898956,59.779380798339844,0.008007812313735485,0.3916964530944824,4630.0,0.00033742885,,,,,,,,,,,,,,,,,,,,,,,,,,,,,,,,,,,,,,,,,,,,,
23756800,-3.11175274848938,69.19589233398438,0.5547945205479452,0.36034517288208007,0.8067762136459351,5.0864219665527345e-05,1.1420249938964843e-05,0.0027707552909851073,0.008135217428207397,0.017870450019836427,0.025136094093322753,0.004216314554214478,1.1850266695022582,54.703125,-2.735156,66.05469,-2.9432726,0.58203125,0.999267080625298,0.9999802428881389,4189.111006649724,4638.0,0.0002689361572265625,-0.3600762367248535,1.2038865089416504,1.0,1.0,0.4501214623451233,-0.12064304947853088,-1.1622507572174072,-0.017420616000890732,0.6011481285095215,1.0,-0.17387208342552185,-4.7138495445251465,4.887721538543701,0.0014229429652914405,1.7133868932724,0.049719393253326416,59.867862701416016,0.005664062686264515,0.6774723529815674,4640.0,0.0003372937,,,,,,,,,,,,,,,,,,,,,,,,,,,,,,,,,,,,,,,,,,,,,
23808000,-3.1831748485565186,70.50270080566406,0.5324324324324324,0.32781643867492677,0.8412506580352783,5.690455436706543e-05,1.1396408081054687e-05,0.0031740117073059083,0.008966541290283203,0.026906561851501466,0.024874931573867796,0.0049579131603240964,1.1960079193115234,50.90625,-2.5453122,72.11328,-3.2885714,0.5078125,0.9992337452504081,0.9999808827839961,4189.270304209848,4648.0,0.00015213489532470704,-0.32766430377960204,1.2002606391906738,1.0,1.0,0.6290720701217651,-0.11176969110965729,-1.1755166053771973,0.03608573600649834,0.5886662006378174,1.0,-0.17682871222496033,-5.138675689697266,5.315504550933838,0.0012374606449157,1.4900449514389038,0.04975142329931259,59.906429290771484,0.0062500000931322575,0.5716259479522705,4650.0,0.0003371585,,,,,,,,,,,,,,,,,,,,,,,,,,,,,,,,,,,,,,,,,,,,,
23859200,-2.7790780067443848,63.16379165649414,0.6182266009852216,0.294956374168396,0.8443949937820434,5.792498588562012e-05,1.1301040649414062e-05,0.0033165550231933592,0.008598607778549195,0.018959355354309083,0.025217293500900267,0.004997754096984863,1.1583422660827636,50.558594,-2.5279293,59.566406,-2.594685,0.64453125,0.9992511963282191,0.9999825252535814,4189.40267822788,4658.0,0.0001845836639404297,-0.29477179050445557,1.1995372772216797,1.0,1.0,1.171553611755371,-0.024951282888650894,-1.1207207441329956,0.2598506212234497,0.6870806217193604,1.0,-0.1764671802520752,-4.846482276916504,5.02294921875,0.0009201070060953498,1.107914686203003,0.04985685274004936,60.03338623046875,0.0107421875,0.5289702415466309,4660.0,0.00033702335,,,,,,,,,,,,,,,,,,,,,,,,,,,,,,,,,,,,,,,,,,,,,
23910400,-3.2683799266815186,72.29737854003906,0.5481049562682215,0.3599387645721436,0.8139911651611328,5.1550865173339843e-05,1.0657310485839844e-05,0.0029346346855163574,0.007917343378067017,0.018548989295959474,0.025516715049743652,0.0042504799365997315,1.1925116300582885,56.82422,-2.8412104,68.97656,-3.0779076,0.59375,0.9992915317956593,0.9999815064960282,4189.588454398599,4668.0,0.00015709400177001953,-0.3597816705703736,1.195058822631836,1.0,1.0,1.2185392379760742,0.010184191167354584,-1.1783995628356934,0.305213987827301,0.5437723398208618,1.0,-0.1821935474872589,-6.520258903503418,6.702452182769775,0.001467437599785626,1.7669636011123657,0.04987320303916931,60.053070068359375,0.0078125,0.45933645963668823,4670.0,0.0003368882,,,,,,,,,,,,,,,,,,,,,,,,,,,,,,,,,,,,,,,,,,,,,
23961600,-3.0484936237335205,68.06273651123047,0.5736235595390525,0.32598707675933836,0.8620942592620849,5.7359933853149416e-05,1.1658668518066406e-05,0.0032380151748657225,0.008773630857467652,0.01870849132537842,0.025723981857299804,0.005279209613800049,1.2068233728408813,49.179688,-2.4589841,64.86719,-2.8914065,0.59375,0.9992456619338655,0.9999818641020268,4189.673581206777,4678.0,0.00025582313537597656,-0.3257312536239624,1.2000436782836914,1.0,1.0,1.2712609767913818,0.09790772199630737,-1.1209790706634521,0.40756404399871826,0.66141676902771,1.0,-0.1798253059387207,-5.672709941864014,5.852535247802734,0.0018314901972189546,2.205324649810791,0.049962326884269714,60.16038513183594,0.01093750074505806,0.486909419298172,4680.0,0.000336753,,,,,,,,,,,,,,,,,,,,,,,,,,,,,,,,,,,,,,,,,,,,,
24012800,-3.029672384262085,67.74415588378906,0.5639614855570839,0.30334513187408446,0.8756628274917603,6.249785423278808e-05,1.2612342834472656e-05,0.003604961633682251,0.008804775476455688,0.024681997299194337,0.025662373304367065,0.005611517429351807,1.20372576713562,56.796875,-2.8398435,69.01953,-3.0999959,0.55078125,0.9991545678236807,0.9999807280625039,4189.76533525762,4688.0,0.00010716915130615234,-0.3032379627227783,1.1957733631134033,1.0,1.0,1.748124122619629,0.036851078271865845,-1.189320683479309,0.46400725841522217,0.539016604423523,1.0,-0.1853639781475067,-7.273152828216553,7.458517074584961,0.0016407333314418793,1.9756317138671875,0.0500355027616024,60.24850082397461,0.00839843787252903,0.4559513330459595,4690.0,0.0003366178,,,,,,,,,,,,,,,,,,,,,,,,,,,,,,,,,,,,,,,,,,,,,
24064000,-3.0653419494628906,68.45006561279297,0.5712383488681758,0.3161524057388306,0.8476230382919312,5.8453083038330075e-05,1.2660026550292969e-05,0.0033070194721221925,0.008990135192871094,0.02315366268157959,0.024596490859985352,0.005396749973297119,1.186966347694397,55.992188,-2.799609,71.421875,-3.2314506,0.5390625,0.9992377901066123,0.9999792909415224,4189.974069235421,4698.0,0.00016324520111083985,-0.31598916053771975,1.1956439018249512,1.0,1.0,2.089939594268799,0.06896607577800751,-1.1681972742080688,0.5821950435638428,0.6029770970344543,1.0,-0.18565931916236877,-7.242846965789795,7.428506851196289,0.0020966329611837864,2.524587392807007,0.05012471601366997,60.355918884277344,0.0087890625,0.2799775004386902,4700.0,0.00033648266,,,,,,,,,,,,,,,,,,,,,,,,,,,,,,,,,,,,,,,,,,,,,
24115200,-3.261068344116211,72.1316909790039,0.5528120713305898,0.32522950172424314,0.8363458395004273,5.548000335693359e-05,1.2135505676269531e-05,0.0031277644634246826,0.008707482814788819,0.028391075134277344,0.024766975641250612,0.005129163265228272,1.1900012016296386,50.585938,-2.5292964,71.44922,-3.2326832,0.54296875,0.9992724113510215,0.9999809666032408,4190.168742602809,4708.0,0.00013349056243896484,-0.3250960111618042,1.200526475906372,1.0,1.0,0.535744309425354,-0.022430047392845154,-1.0991135835647583,0.1037384569644928,0.698623776435852,1.0,-0.17699433863162994,-4.660587310791016,4.837581634521484,0.0007764027686789632,0.9348782300949097,0.05015741288661957,60.395294189453125,0.00820312462747097,0.5184444785118103,4710.0,0.0003363475,,,,,,,,,,,,,,,,,,,,,,,,,,,,,,,,,,,,,,,,,,,,,
24166400,-3.217916488647461,71.4324722290039,0.5589080459770115,0.30530197620391847,0.8743849039077759,6.187200546264648e-05,1.2850761413574218e-05,0.0034783029556274413,0.009169150590896607,0.02033405303955078,0.02540657877922058,0.005569875240325928,1.2000582933425903,56.378906,-2.818945,71.69141,-3.236578,0.55859375,0.9992345333569683,0.9999795764671869,4190.279886946464,4718.0,0.00015752315521240235,-0.3051444530487061,1.2075786590576172,1.0,0.0,0.6181672215461731,-0.01620156690478325,-1.1672251224517822,0.12897063791751862,0.5886144042015076,1.0,-0.1760459542274475,-4.722927570343018,4.89897346496582,0.0008831006125546992,1.063354730606079,0.05024280399084091,60.498111724853516,0.0068359375,0.4723590612411499,4720.0,0.0003362123,,,,,,,,,,,,,,,,,,,,,,,,,,,,,,,,,,,,,,,,,,,,,
24217600,-2.933488607406616,66.32138061523438,0.6017925736235595,0.29939608573913573,0.8800432205200195,6.225109100341797e-05,1.1897087097167968e-05,0.0035897600650787354,0.009669736623764039,0.02408919334411621,0.025000461339950562,0.005645880699157715,1.2035630702972413,54.046875,-2.702343,67.796875,-3.0221672,0.59375,0.9992256924148254,0.9999811612640566,4190.384533716814,4728.0,0.00013556480407714844,-0.29926052093505856,1.1956074237823486,1.0,1.0,0.7380498647689819,-0.011629749089479446,-1.1585240364074707,0.1635705679655075,0.5900989770889282,1.0,-0.17130285501480103,-4.342771530151367,4.514074325561523,0.001498404424637556,1.8042513132095337,0.050274044275283813,60.53573226928711,0.00996093824505806,0.4834645688533783,4730.0,0.00033607712,,,,,,,,,,,,,,,,,,,,,,,,,,,,,,,,,,,,,,,,,,,,,
24268800,-3.0966169834136963,69.2467041015625,0.5672823218997362,0.3333794116973877,0.8262050867080688,5.20932674407959e-05,1.10626220703125e-05,0.0029079687595367433,0.008654830455780029,0.02664494514465332,0.024478485584259035,0.00518693208694458,1.186263132095337,49.01172,-2.4505856,68.921875,-3.0974393,0.546875,0.9992751392620549,0.999980926724818,4190.601036541527,4738.0,0.0002122163772583008,-0.3331671953201294,1.195019245147705,1.0,1.0,0.7618928551673889,-0.0031885597854852676,-1.1239640712738037,0.1789865344762802,0.6727985143661499,1.0,-0.17610451579093933,-5.592569351196289,5.768673896789551,0.0015677743358537555,1.8877806663513184,0.05040760710835457,60.696556091308594,0.009570312686264515,0.4663694500923157,4740.0,0.00033594196,,,,,,,,,,,,,,,,,,,,,,,,,,,,,,,,,,,,,,,,,,,,,
24320000,-3.087287425994873,68.74324035644531,0.5648648648648649,0.3090182065963745,0.8660706996917724,6.053566932678223e-05,1.208782196044922e-05,0.003576720952987671,0.0091051185131073,0.02873258590698242,0.024558995962142945,0.00596829891204834,1.2038591623306274,50.30078,-2.515039,71.28906,-3.225511,0.5546875,0.9992179628063242,0.9999787497455366,4190.687905894144,4748.0,0.0002814054489135742,-0.30873680114746094,1.201505422592163,1.0,1.0,0.8031569719314575,0.02311616577208042,-1.14814293384552,0.21495038270950317,0.6254627108573914,1.0,-0.17477631568908691,-4.8011980056762695,4.975974082946777,0.0012581832706928253,1.5149974822998047,0.050490982830524445,60.79695129394531,0.0087890625,0.414071649312973,4750.0,0.0003358068,,,,,,,,,,,,,,,,,,,,,,,,,,,,,,,,,,,,,,,,,,,,,
24371200,-2.997891902923584,67.32536315917969,0.5723771580345286,0.3144725799560547,0.8419805765151978,5.565047264099121e-05,1.0442733764648437e-05,0.003192621469497681,0.008701839447021485,0.024822688102722167,0.025026432275772094,0.005091620683670044,1.1813075065612793,52.26953,-2.613476,69.10156,-3.0940304,0.55859375,0.9992668601148654,0.9999820374852253,4190.936889369133,4758.0,0.00015895366668701173,-0.3143136262893677,1.1975340843200684,1.0,0.0,0.7533740997314453,0.0059928568080067635,-1.0744543075561523,0.18703588843345642,0.7200437188148499,1.0,-0.17566010355949402,-4.941000938415527,5.116661071777344,0.0006532343686558306,0.7865692973136902,0.050577450543642044,60.901065826416016,0.009570312686264515,0.5562993884086609,4760.0,0.00033567162,,,,,,,,,,,,,,,,,,,,,,,,,,,,,,,,,,,,,,,,,,,,,
24422400,-3.237255334854126,71.78611755371094,0.5495750708215298,0.2710840940475464,0.903736925125122,6.782054901123046e-05,1.220703125e-05,0.003990134000778198,0.009831091165542602,0.025075674057006836,0.025266116857528685,0.005994613170623779,1.1999326705932618,54.296875,-2.7148433,71.625,-3.2358298,0.546875,0.9991796171708603,0.9999801902782389,4191.0899270226955,4768.0,0.00020859241485595703,-0.2708755016326905,1.1949965953826904,1.0,1.0,1.182844638824463,0.053619589656591415,-1.1504961252212524,0.3403546214103699,0.6327798962593079,1.0,-0.1821896880865097,-6.411895751953125,6.594085693359375,0.0014814066234976053,1.7837836742401123,0.0506196990609169,60.951934814453125,0.006054687313735485,0.3070905804634094,4770.0,0.00033553646,,,,,,,,,,,,,,,,,,,,,,,,,,,,,,,,,,,,,,,,,,,,,
24473600,-3.0621957778930664,68.46113586425781,0.5744400527009222,0.32220776081085206,0.8685307741165161,6.265401840209961e-05,1.3875961303710938e-05,0.003589423894882202,0.009002830982208252,0.021851110458374023,0.025070251226425172,0.005665751695632934,1.2126307249069215,51.320312,-2.5660155,65.92969,-2.9363985,0.578125,0.9991796056205058,0.9999775664929836,4191.1282574006955,4778.0,0.00021159648895263672,-0.3219961643218994,1.19685959815979,1.0,1.0,0.6720689535140991,-0.04075434058904648,-1.1002129316329956,0.11916600167751312,0.6739832162857056,1.0,-0.1743902713060379,-4.667746067047119,4.842136383056641,0.0010704431915655732,1.2889366149902344,0.050642527639865875,60.97943115234375,0.008984374813735485,0.5315169095993042,4780.0,0.00033540127,,,,,,,,,,,,,,,,,,,,,,,,,,,,,,,,,,,,,,,,,,,,,
24524800,-3.098395824432373,69.28907012939453,0.5601659751037344,0.27134692668914795,0.9032676458358765,7.091522216796875e-05,1.2564659118652344e-05,0.004141420125961304,0.009257539510726928,0.022622132301330568,0.025262912511825563,0.006391563415527344,1.1972774028778077,55.632812,-2.78164,63.25,-2.777258,0.609375,0.9991357709807352,0.9999765021938388,4191.263363937676,4788.0,0.00028121471405029297,-0.27106571197509766,1.1949002742767334,1.0,1.0,1.0399322509765625,-0.0031740404665470123,-1.1525260210037231,0.2478097677230835,0.6216744780540466,1.0,-0.17850565910339355,-5.172123432159424,5.350628852844238,0.0013215502258390188,1.5912985801696777,0.05074985325336456,61.10865783691406,0.00742187537252903,0.46851739287376404,4790.0,0.00033526612,,,,,,,,,,,,,,,,,,,,,,,,,,,,,,,,,,,,,,,,,,,,,
24576000,-3.125962018966675,69.63479614257812,0.5577689243027888,0.2954289197921753,0.8687366485595703,6.371736526489258e-05,1.1658668518066406e-05,0.0036845695972442627,0.009103645086288453,0.020470714569091795,0.025045086145401,0.0055050528049469,1.1846695423126221,50.808594,-2.540429,78.47656,-3.6057384,0.50390625,0.9991997245910911,0.9999817664568091,4191.4943858495435,4798.0,0.00021963119506835939,-0.29520928859710693,1.2253942489624023,1.0,0.0,0.9174355268478394,0.029181914404034615,-1.1208629608154297,0.2503322660923004,0.6697322130203247,1.0,-0.18245398998260498,-6.3315300941467285,6.513984680175781,0.001264734659343958,1.522886037826538,0.05084073171019554,61.21808624267578,0.007031249813735485,0.4804379343986511,4800.0,0.00033513093,,,,,,,,,,,,,,,,,,,,,,,,,,,,,,,,,,,,,,,,,,,,,
24627200,-2.9774205684661865,67.17195892333984,0.6005291005291006,0.316243577003479,0.8794410943984985,6.373286247253418e-05,1.208782196044922e-05,0.003623769283294678,0.008954634666442871,0.02327756881713867,0.025625680685043336,0.005668399333953858,1.218997311592102,52.441406,-2.62207,67.87891,-3.0157743,0.60546875,0.9991849848967506,0.9999811455277162,4191.506692642323,4808.0,0.0002218484878540039,-0.316021728515625,1.1977221965789795,1.0,1.0,0.8698368072509766,-0.04456058144569397,-1.1421797275543213,0.16400539875030518,0.6089329719543457,1.0,-0.17486053705215454,-4.3135552406311035,4.488415718078613,0.001370794139802456,1.6505937576293945,0.05091070011258125,61.30233383178711,0.00917968712747097,0.3776800036430359,4810.0,0.00033499577,,,,,,,,,,,,,,,,,,,,,,,,,,,,,,,,,,,,,,,,,,,,,
24678400,-2.9494411945343018,66.33719635009766,0.5817245817245817,0.26095507144927976,0.9013281106948853,6.896495819091797e-05,1.3566017150878906e-05,0.003968836069107056,0.009796445369720458,0.03177833557128906,0.02496989369392395,0.006224286556243896,1.194101095199585,51.097656,-2.5548828,66.34375,-2.9300075,0.58984375,0.9991572683219943,0.9999782166961536,4191.662996006618,4818.0,0.00017132759094238282,-0.26078374385833736,1.2001852989196777,1.0,1.0,0.8558446168899536,0.05088859796524048,-1.1392645835876465,0.2560873329639435,0.6305782794952393,1.0,-0.17751389741897583,-5.12524938583374,5.30276346206665,0.001035306602716446,1.2466280460357666,0.05095497891306877,61.35565185546875,0.01093750074505806,0.5281554460525513,4820.0,0.00033486058,,,,,,,,,,,,,,,,,,,,,,,,,,,,,,,,,,,,,,,,,,,,,
24729600,-2.834321975708008,64.41593170166016,0.6055625790139064,0.296221661567688,0.8746599435806275,6.175994873046875e-05,1.3971328735351563e-05,0.0035058510303497313,0.009270156621932984,0.028964519500732422,0.025073220729827882,0.005787981748580933,1.1998875617980957,52.0625,-2.6031246,64.11719,-2.8160799,0.6015625,0.9992219353393486,0.9999771096716168,4191.768837544082,4828.0,0.00012543201446533204,-0.2960962295532226,1.1995007991790771,1.0,1.0,0.7191389203071594,-0.0726352259516716,-1.128563404083252,0.09875603765249252,0.6606013774871826,1.0,-0.1763351559638977,-4.578968048095703,4.755302906036377,0.0008657918078824878,1.0425128936767578,0.05104915797710419,61.46905517578125,0.00839843787252903,0.5459489226341248,4830.0,0.00033472542,,,,,,,,,,,,,,,,,,,,,,,,,,,,,,,,,,,,,,,,,,,,,
24780800,-3.0802669525146484,68.74571990966797,0.5625823451910409,0.2599158763885498,0.8990487337112427,6.954431533813477e-05,1.4376640319824218e-05,0.004037768840789795,0.009511992931365967,0.02548096179962158,0.024978944063186646,0.006317440271377563,1.18448486328125,48.242188,-2.412109,66.39453,-2.9329805,0.578125,0.9991825523550355,0.9999789657577834,4191.970746423313,4838.0,0.0001461505889892578,-0.25976972579956054,1.2288334369659424,1.0,0.0,0.9949067831039429,0.016185324639081955,-1.1143205165863037,0.2565357983112335,0.6613831520080566,1.0,-0.17975395917892456,-5.329176902770996,5.508930683135986,0.0013897714670747519,1.6734446287155151,0.05111140012741089,61.54399871826172,0.00996093824505806,0.5358909368515015,4840.0,0.00033459024,,,,,,,,,,,,,,,,,,,,,,,,,,,,,,,,,,,,,,,,,,,,,
24832000,-2.8337481021881104,64.43099212646484,0.6080729166666666,0.2500541925430298,0.9217321872711182,7.069587707519531e-05,1.3709068298339844e-05,0.0041493093967437744,0.010028564929962158,0.025398635864257814,0.025541330575942992,0.006259299516677856,1.1972225427627563,54.94922,-2.7474608,61.726562,-2.6790223,0.61328125,0.9991882877115383,0.9999801056067678,4192.138518367367,4848.0,9.775161743164062e-05,-0.24995644092559816,1.2032835483551025,1.0,1.0,0.5879195928573608,-0.04609696567058563,-1.1074368953704834,0.09317535161972046,0.7059464454650879,1.0,-0.17594364285469055,-4.441075325012207,4.617019176483154,0.0007829011883586645,0.9427030682563782,0.0511774979531765,61.62359619140625,0.00937500037252903,0.673086404800415,4850.0,0.00033445508,,,,,,,,,,,,,,,,,,,,,,,,,,,,,,,,,,,,,,,,,,,,,
24883200,-3.1275734901428223,69.64141082763672,0.5669824086603519,0.29412720203399656,0.8877767324447632,6.423592567443848e-05,1.2826919555664062e-05,0.0037199723720550536,0.009243732690811158,0.02355031967163086,0.025349040031433106,0.00597598671913147,1.2054901838302612,53.914062,-2.6957028,70.53906,-3.1682866,0.55859375,0.9991919391031086,0.9999808353808062,4192.223587142992,4858.0,0.00018134117126464844,-0.2939458608627319,1.2022814750671387,1.0,1.0,0.8710718154907227,0.030125591903924942,-1.168670415878296,0.2385289967060089,0.5885360836982727,1.0,-0.1798185110092163,-5.571023941040039,5.750842094421387,0.001660990878008306,2.00002384185791,0.05125240981578827,61.71379089355469,0.00839843787252903,0.5022839307785034,4860.0,0.0003343199,,,,,,,,,,,,,,,,,,,,,,,,,,,,,,,,,,,,,,,,,,,,,
24934400,-2.860544204711914,64.57124328613281,0.5928753180661578,0.2690362215042114,0.9025964260101318,6.463766098022461e-05,1.2755393981933594e-05,0.003709660768508911,0.010242663621902466,0.018897652626037598,0.025101040601730348,0.005976417064666748,1.1905673265457153,55.660156,-2.7830076,64.31641,-2.8539677,0.5859375,0.9992155612032637,0.9999796139111066,4192.415156938241,4868.0,0.00012390613555908204,-0.26891231536865234,1.1986703872680664,1.0,1.0,0.8561691045761108,-0.041604284197092056,-1.1440856456756592,0.16367045044898987,0.6210743188858032,1.0,-0.18172909319400787,-5.906126499176025,6.087855815887451,0.00157013232819736,1.8906197547912598,0.05132554471492767,61.80186080932617,0.007617187686264515,0.48349499702453613,4870.0,0.00033418473,,,,,,,,,,,,,,,,,,,,,,,,,,,,,,,,,,,,,,,,,,,,,
24985600,-3.1156725883483887,69.47284698486328,0.5642384105960265,0.2926041126251221,0.8911281108856202,6.490230560302735e-05,1.2731552124023437e-05,0.00385991096496582,0.009433134794235229,0.026134157180786134,0.0253210186958313,0.005842829942703247,1.2099018573760987,50.76953,-2.538476,72.00781,-3.26334,0.53125,0.9992232577893209,0.999981200845087,4192.452518157236,4878.0,0.00013988018035888673,-0.2924642324447632,1.196969985961914,1.0,1.0,0.6789987683296204,-0.0011274665594100952,-1.1557174921035767,0.15953361988067627,0.5991552472114563,1.0,-0.18075993657112122,-5.504154205322266,5.684914588928223,0.0010120462393388152,1.2186200618743896,0.05141162872314453,61.90550994873047,0.006640625186264515,0.5244742631912231,4880.0,0.00033404958,,,,,,,,,,,,,,,,,,,,,,,,,,,,,,,,,,,,,,,,,,,,,
25036800,-3.0879764556884766,68.89192962646484,0.5636114911080712,0.2988785982131958,0.8732476234436035,6.303668022155761e-05,1.2969970703125e-05,0.0036391973495483398,0.009073184728622436,0.026643919944763183,0.025024206638336183,0.005828962326049804,1.1988072156906129,54.05078,-2.7025385,70.41797,-3.1494799,0.56640625,0.9992260282537365,0.9999798932488629,4192.5680852762625,4888.0,0.00013127326965332032,-0.29874732494354245,1.2011194229125977,1.0,1.0,0.347415953874588,-0.03952307254076004,-1.126765489578247,0.03887324780225754,0.6237986087799072,1.0,-0.1793675422668457,-4.95956563949585,5.138933181762695,0.0007350602536462247,0.8850970268249512,0.05151139199733734,62.025634765625,0.0052734375931322575,0.7164026498794556,4890.0,0.0003339144,,,,,,,,,,,,,,,,,,,,,,,,,,,,,,,,,,,,,,,,,,,,,
25088000,-2.83681321144104,64.51240539550781,0.6116625310173698,0.3249460220336914,0.844875979423523,5.503058433532715e-05,1.1944770812988282e-05,0.0030857503414154054,0.008867522478103637,0.024793004989624022,0.02513685345649719,0.005067815780639648,1.1946494579315186,50.9375,-2.5468748,60.0625,-2.5847878,0.65625,0.999270275615932,0.9999811604033989,4192.711558749256,4898.0,0.00016968250274658204,-0.3247763395309448,1.2051770687103271,1.0,1.0,0.8763860464096069,-0.08880556374788284,-1.1193225383758545,0.12224208563566208,0.6510661840438843,1.0,-0.17659741640090942,-4.332627296447754,4.509224891662598,0.00113178591709584,1.3628003597259521,0.05161181837320328,62.14656066894531,0.01132812537252903,0.6032508611679077,4900.0,0.0003337792,,,,,,,,,,,,,,,,,,,,,,,,,,,,,,,,,,,,,,,,,,,,,
25139200,-2.818565845489502,63.979923248291016,0.6135508155583438,0.2699389934539795,0.8994089841842652,7.075071334838867e-05,1.3470649719238281e-05,0.004124313592910767,0.00935643196105957,0.02147216796875,0.02508129000663757,0.006300345659255981,1.1908595085144043,51.75,-2.5874994,63.789062,-2.8072119,0.6171875,0.9991701822717544,0.9999782575043443,4192.881590372101,4908.0,0.00011074542999267578,-0.2698282480239868,1.1996731758117676,1.0,1.0,0.8228728771209717,-0.11605758965015411,-1.0907220840454102,0.08220018446445465,0.7245466113090515,1.0,-0.18285438418388367,-5.313668251037598,5.496522903442383,0.001769048860296607,2.1301381587982178,0.05168210342526436,62.231197357177734,0.007617187220603228,0.5209393501281738,4910.0,0.00033364404,,,,,,,,,,,,,,,,,,,,,,,,,,,,,,,,,,,,,,,,,,,,,
25190400,-3.0805702209472656,68.92091369628906,0.5764075067024129,0.28961973190307616,0.8859284877777099,6.698131561279297e-05,1.3470649719238281e-05,0.004022302627563476,0.00915277361869812,0.0297285795211792,0.024991862773895264,0.006027373075485229,1.2053179025650025,50.910156,-2.5455074,69.43359,-3.1202743,0.57421875,0.999206911661262,0.9999770743359415,4192.948296362967,4918.0,0.00021920204162597656,-0.2894005298614502,1.1996631622314453,1.0,1.0,1.166804552078247,-0.03856751695275307,-1.096611499786377,0.24537977576255798,0.7033952474594116,1.0,-0.18567311763763428,-5.697714328765869,5.883387565612793,0.0011432123137637973,1.3765590190887451,0.05180273577570915,62.37644958496094,0.008984374813735485,0.4874398112297058,4920.0,0.00033350888,,,,,,,,,,,,,,,,,,,,,,,,,,,,,,,,,,,,,,,,,,,,,
25241600,-2.9287681579589844,66.01820373535156,0.5942782834850455,0.2766752243041992,0.8859781265258789,6.576299667358398e-05,1.4901161193847656e-05,0.003771439790725708,0.00905881404876709,0.022977066040039063,0.025469605922698976,0.005898286104202271,1.185670018196106,52.597656,-2.6298826,71.52344,-3.2289896,0.5625,0.999209970039248,0.9999791677579631,4193.156731347204,4928.0,0.0001379251480102539,-0.27653729915618896,1.198960781097412,1.0,1.0,0.8657646775245667,0.007222674787044525,-1.088205337524414,0.2161734253168106,0.7146317958831787,1.0,-0.18532492220401764,-5.991421699523926,6.176746368408203,0.0009296697098761797,1.1194292306900024,0.051916077733039856,62.5129280090332,0.00917968712747097,0.4741188883781433,4930.0,0.0003333737,,,,,,,,,,,,,,,,,,,,,,,,,,,,,,,,,,,,,,,,,,,,,
25292800,-3.0331320762634277,67.76871490478516,0.5681818181818182,0.3071369886398315,0.8604562997817993,5.9065818786621096e-05,1.1920928955078125e-05,0.0033650505542755127,0.009279000759124755,0.019791555404663087,0.024920659065246584,0.005366771221160888,1.187418556213379,54.585938,-2.7292962,70.77344,-3.20604,0.54296875,0.9992499893253431,0.9999816480397616,4193.360181440043,4938.0,0.00014548301696777345,-0.30699150562286376,1.1962242126464844,1.0,1.0,1.1429308652877808,-0.008564645424485207,-1.1277015209197998,0.2688031792640686,0.6317107677459717,1.0,-0.1844334602355957,-6.114272594451904,6.2987060546875,0.0012048138305544853,1.450734257698059,0.05204188823699951,62.6644172668457,0.0062500000931322575,0.27947279810905457,4940.0,0.0003332385,,,,,,,,,,,,,,,,,,,,,,,,,,,,,,,,,,,,,,,,,,,,,
25344000,-2.9050586223602295,65.61363983154297,0.5896464646464646,0.34191458225250243,0.8412863731384277,5.734920501708984e-05,1.201629638671875e-05,0.0033636271953582765,0.008267507553100586,0.022862744331359864,0.025116101503372193,0.0052276158332824705,1.2061001777648925,51.59375,-2.579687,60.601562,-2.6233072,0.62890625,0.9992364700578482,0.9999797183130665,4193.4388032663755,4948.0,0.0002162456512451172,-0.3416983366012573,1.198491096496582,1.0,1.0,0.6792849898338318,-0.044136036187410355,-1.121407151222229,0.11743871122598648,0.6545632481575012,1.0,-0.17825599014759064,-4.283787727355957,4.462043762207031,0.0013504584785550833,1.6261074542999268,0.05208306759595871,62.71400451660156,0.01035156287252903,0.5871701836585999,4950.0,0.00033310335,,,,,,,,,,,,,,,,,,,,,,,,,,,,,,,,,,,,,,,,,,,,,
25395200,-2.6695761680603027,61.29341506958008,0.629940119760479,0.312862753868103,0.8549125671386719,6.014823913574219e-05,1.1801719665527344e-05,0.0033738696575164795,0.008890767097473145,0.025497746467590333,0.025023404359817505,0.005365554094314575,1.1933077573776245,51.671875,-2.5835934,59.691406,-2.5948548,0.62890625,0.9992540779045309,0.9999808195467998,4193.579245895416,4958.0,0.00018126964569091796,-0.3126814842224121,1.198390245437622,1.0,1.0,1.098610758781433,0.07565870881080627,-1.1008541584014893,0.34259358048439026,0.7004435062408447,1.0,-0.17836734652519226,-4.652966499328613,4.831334114074707,0.0016534285387024283,1.9909181594848633,0.052215103060007095,62.872989654541016,0.013867187313735485,0.4712550938129425,4960.0,0.0003329682,,,,,,,,,,,,,,,,,,,,,,,,,,,,,,,,,,,,,,,,,,,,,
25446400,-2.9121055603027344,65.63265228271484,0.5867346938775511,0.32361154556274413,0.8472517967224121,5.788445472717285e-05,1.0347366333007812e-05,0.0032163190841674803,0.008691856861114502,0.022260546684265137,0.025287725925445557,0.005077897310256958,1.193155002593994,50.671875,-2.5335934,65.13281,-2.8940308,0.5859375,0.9992704364740566,0.9999825955067073,4193.732382298155,4968.0,0.00018758773803710936,-0.323423957824707,1.1967244148254395,1.0,0.0,0.9995791912078857,-0.0012419167906045914,-1.1026151180267334,0.24088118970394135,0.6897141933441162,1.0,-0.18030819296836853,-5.3363871574401855,5.516695022583008,0.001540814759209752,1.8553181886672974,0.05236788094043732,63.05694580078125,0.00937500037252903,0.5176972150802612,4970.0,0.000332833,,,,,,,,,,,,,,,,,,,,,,,,,,,,,,,,,,,,,,,,,,,,,
25497600,-2.6543467044830322,61.10615158081055,0.6284680337756333,0.27615172863006593,0.8868832349777221,6.523251533508301e-05,1.2826919555664062e-05,0.003724055290222168,0.00960590958595276,0.025450682640075682,0.025154994726181032,0.005759114027023315,1.1885233402252198,52.79297,-2.639648,61.85547,-2.6817667,0.66015625,0.9992139753510477,0.9999790773500539,4193.923595721094,4978.0,0.00023024082183837892,-0.27592148780822756,1.1946072578430176,1.0,1.0,1.0270161628723145,0.05130644142627716,-1.0401575565338135,0.30171269178390503,0.7799810767173767,1.0,-0.1790779083967209,-5.118664741516113,5.29774284362793,0.0014397057238966227,1.7335712909698486,0.0524323433637619,63.13457489013672,0.00820312462747097,0.4686388075351715,4980.0,0.00033269785,,,,,,,,,,,,,,,,,,,,,,,,,,,,,,,,,,,,,,,,,,,,,
25548800,-2.8341195583343506,63.95104217529297,0.5899632802937577,0.3590842723846436,0.8306750774383544,5.7992935180664065e-05,1.2516975402832031e-05,0.003385108709335327,0.008429555892944337,0.01936335563659668,0.02479460835456848,0.004833513498306274,1.209160280227661,48.69922,-2.4349606,69.27344,-3.1263318,0.54296875,0.9992060799107076,0.9999792766988187,4193.977518397836,4988.0,0.0002126932144165039,-0.35887157917022705,1.1966702938079834,1.0,1.0,1.1861764192581177,-0.031833551824092865,-1.0956941843032837,0.25718194246292114,0.7133396863937378,1.0,-0.18250170350074768,-5.380795955657959,5.563297748565674,0.0014067706651985645,1.6939136981964111,0.05249522626399994,63.210289001464844,0.01015624962747097,0.563188910484314,4990.0,0.00033256266,,,,,,,,,,,,,,,,,,,,,,,,,,,,,,,,,,,,,,,,,,,,,
25600000,-2.830564260482788,64.16246795654297,0.5982367758186398,0.3338792324066162,0.8280033826828003,5.589127540588379e-05,1.2850761413574218e-05,0.003084888458251953,0.008466899394989014,0.025267148017883302,0.02498034596443176,0.004780280590057373,1.1871861934661865,49.695312,-2.4847655,63.66797,-2.7936077,0.60546875,0.9992303545693065,0.9999801382482353,4194.175893812373,4998.0,0.00026874542236328126,-0.33361048698425294,1.1977035999298096,1.0,1.0,1.654313087463379,0.07097186148166656,-1.0983623266220093,0.47687092423439026,0.6832755208015442,1.0,-0.18546666204929352,-5.915818214416504,6.101284980773926,0.001879943534731865,2.2636680603027344,0.052589427679777145,63.3237190246582,0.01093750074505806,0.5166940689086914,5000.0,0.0003324275,,,,,,,,,,,,,,,,,,,,,,,,,,,,,,,,,,,,,,,,,,,,,
25651200,-2.882138967514038,65.11369323730469,0.5943152454780362,0.36434106826782225,0.8077267169952392,5.410075187683105e-05,1.0728836059570312e-05,0.0030111682415008543,0.008179643154144288,0.023085379600524904,0.02476595401763916,0.004345362186431885,1.1951863050460816,52.828125,-2.641406,65.65234,-2.9138148,0.59375,0.9992545127569645,0.9999812486586058,4194.319610478219,5008.0,0.0003127574920654297,-0.3640283107757568,1.1974573135375977,1.0,0.0,1.7484338283538818,0.10653125494718552,-1.0668988227844238,0.5370171666145325,0.7605061531066895,1.0,-0.18600758910179138,-6.023515224456787,6.209524154663086,0.001869669882580638,2.2512974739074707,0.052673157304525375,63.424537658691406,0.010546875186264515,0.5040148496627808,5010.0,0.00033229231,,,,,,,,,,,,,,,,,,,,,,,,,,,,,,,,,,,,,,,,,,,,,
25702400,-2.9345972537994385,65.92317199707031,0.5692695214105793,0.3328205108642578,0.8587790727615356,6.238102912902832e-05,1.1420249938964843e-05,0.0035274755954742432,0.008484987020492553,0.020160675048828125,0.025620248317718506,0.005208252668380737,1.2117944717407227,48.36328,-2.4181638,65.76953,-2.9131973,0.578125,0.999170706226755,0.9999811908564582,4194.377569040515,5018.0,0.00021767616271972656,-0.33260283470153806,1.1952447891235352,1.0,1.0,1.3399269580841064,0.08475425839424133,-1.0494053363800049,0.41334056854248047,0.7739163041114807,1.0,-0.18745580315589905,-6.324186325073242,6.511641502380371,0.0015275469049811363,1.8393421173095703,0.05276032164692879,63.52949523925781,0.011132813058793545,0.5226085186004639,5020.0,0.00033215716,,,,,,,,,,,,,,,,,,,,,,,,,,,,,,,,,,,,,,,,,,,,,
25753600,-2.7224719524383545,62.1037483215332,0.6075,0.347781777381897,0.8109071016311645,5.339622497558594e-05,1.1873245239257812e-05,0.0029376959800720215,0.008013497591018676,0.02709207534790039,0.024772669076919555,0.004735832214355469,1.1858172178268434,54.289062,-2.7144527,63.097656,-2.7894986,0.58984375,0.9992042493116161,0.9999794317199351,4194.589584094818,5028.0,0.000343632698059082,-0.3474381446838379,1.1961376667022705,1.0,1.0,1.481166124343872,0.09126866608858109,-1.0523722171783447,0.4549837112426758,0.7626434564590454,1.0,-0.19085878133773804,-7.1744537353515625,7.365312576293945,0.0016912211431190372,2.0364246368408203,0.052898719906806946,63.69614028930664,0.0107421875,0.5063355565071106,5030.0,0.00033202197,,,,,,,,,,,,,,,,,,,,,,,,,,,,,,,,,,,,,,,,,,,,,
25804800,-2.9717936515808105,66.86082458496094,0.5850515463917526,0.3390772819519043,0.8334977626800537,5.4471492767333984e-05,1.080036163330078e-05,0.003116412162780762,0.008527649641036987,0.020031118392944337,0.025221518278121947,0.004724078178405762,1.1926396846771241,51.617188,-2.5808592,67.82031,-3.0302014,0.578125,0.9992619444882254,0.9999809487384327,4194.753391859755,5038.0,0.00014717578887939452,-0.3389301061630249,1.196115255355835,1.0,1.0,0.7701504230499268,-0.03628433868288994,-1.1238021850585938,0.14795798063278198,0.6436904668807983,1.0,-0.18405789136886597,-5.299494743347168,5.4835524559021,0.001375752268359065,1.6565638780593872,0.05295167118310928,63.75990295410156,0.008593750186264515,0.5221828818321228,5040.0,0.0003318868,,,,,,,,,,,,,,,,,,,,,,,,,,,,,,,,,,,,,,,,,,,,,
25856000,-2.922466278076172,65.94117736816406,0.5895424836601307,0.3804476737976074,0.7925074338912964,4.861831665039062e-05,1.0967254638671875e-05,0.0026426994800567627,0.008106764554977417,0.022482943534851075,0.024775693416595457,0.004023183584213257,1.1954696893692016,54.566406,-2.7283196,62.08203,-2.7224696,0.609375,0.9992829760111643,0.9999827089795819,4194.899423595869,5048.0,0.00021390914916992189,-0.3802337646484375,1.2274675369262695,1.0,0.0,0.880077600479126,-0.09118968993425369,-1.126798152923584,0.12062420696020126,0.6511169672012329,1.0,-0.1820158213376999,-5.154923439025879,5.336939811706543,0.001812629634514451,2.18261456489563,0.052971214056015015,63.78343200683594,0.008007812313735485,0.486136794090271,5050.0,0.00033175162,,,,,,,,,,,,,,,,,,,,,,,,,,,,,,,,,,,,,,,,,,,,,
25907200,-2.826986789703369,64.28083038330078,0.6056166056166056,0.3519725799560547,0.8445785284042359,5.859971046447754e-05,1.2111663818359374e-05,0.0032628989219665528,0.008826831579208374,0.01609315872192383,0.025035206079483032,0.005012673139572143,1.2126781702041627,48.91797,-2.445898,60.6875,-2.6275616,0.64453125,0.9992252469505938,0.9999820303039461,4194.949587183987,5058.0,0.00015439987182617188,-0.3518181800842285,1.196467638015747,1.0,1.0,1.0695955753326416,-0.04851748049259186,-1.0588431358337402,0.21240216493606567,0.7623107433319092,1.0,-0.1818968653678894,-5.079261302947998,5.261157989501953,0.002070334507152438,2.4929208755493164,0.05303604528307915,63.86149597167969,0.0107421875,0.5747983455657959,5060.0,0.00033161647,,,,,,,,,,,,,,,,,,,,,,,,,,,,,,,,,,,,,,,,,,,,,
25958400,-2.674988269805908,61.35523223876953,0.6289537712895377,0.2990109920501709,0.8743481636047363,6.924033164978028e-05,1.2373924255371093e-05,0.004029603004455567,0.0085141921043396,0.020359730720520018,0.02509037971496582,0.005976853370666504,1.1937565803527832,51.910156,-2.5955076,66.32422,-2.9445343,0.58984375,0.9991504607499505,0.9999787896012325,4195.095986460688,5068.0,0.00024483203887939455,-0.2987661600112915,1.1978254318237305,1.0,1.0,1.5365538597106934,0.04582484811544418,-1.0561208724975586,0.4236053228378296,0.787000298500061,1.0,-0.18912434577941895,-6.701743125915527,6.890867233276367,0.0016129425494000316,1.9421682357788086,0.05320063978433609,64.05967712402344,0.00839843787252903,0.46539396047592163,5070.0,0.00033148128,,,,,,,,,,,,,,,,,,,,,,,,,,,,,,,,,,,,,,,,,,,,,
26009600,-2.848146438598633,64.5301513671875,0.5942211055276382,0.3496017694473267,0.8450892210006714,5.5682659149169925e-05,1.163482666015625e-05,0.0033027637004852295,0.008541147708892822,0.019428229331970213,0.02542946457862854,0.004893327951431274,1.2141540050506592,51.26172,-2.5630856,70.58594,-3.1906924,0.546875,0.9992409215346859,0.9999809328603007,4195.112699521567,5078.0,0.00020987987518310546,-0.34939188957214357,1.1958377361297607,1.0,1.0,1.1437296867370605,0.05959317833185196,-1.034826636314392,0.3396604657173157,0.8186559081077576,1.0,-0.18629930913448334,-6.443941116333008,6.630240440368652,0.0014992265496402979,1.8052411079406738,0.053296349942684174,64.17493438720703,0.00917968712747097,0.569661021232605,5080.0,0.00033134612,,,,,,,,,,,,,,,,,,,,,,,,,,,,,,,,,,,,,,,,,,,,,
26060800,-2.891253709793091,65.39046478271484,0.595360824742268,0.26759288311004636,0.8901535272598267,6.591796875e-05,1.3279914855957032e-05,0.0037920868396759035,0.009190062284469605,0.023334765434265138,0.02535054087638855,0.006073570251464844,1.1811214447021485,53.046875,-2.6523435,66.40234,-2.9409528,0.57421875,0.9992024265218225,0.9999771496967773,4195.324078477576,5088.0,0.00018672943115234376,-0.26740615367889403,1.2301139831542969,1.0,0.0,1.0119733810424805,-0.023256415501236916,-1.0955733060836792,0.22232770919799805,0.7092443704605103,1.0,-0.1851939558982849,-6.0988287925720215,6.284022808074951,0.0013157050125300884,1.5842602252960205,0.0533435195684433,64.23173522949219,0.007031249813735485,0.5645765066146851,5090.0,0.00033121096,,,,,,,,,,,,,,,,,,,,,,,,,,,,,,,,,,,,,,,,,,,,,
26112000,-2.712339162826538,61.996402740478516,0.6151079136690647,0.29308032989501953,0.8781151533126831,6.279349327087402e-05,1.2922286987304688e-05,0.0036147594451904296,0.009096013307571411,0.022431087493896485,0.02536271810531616,0.005734920501708984,1.1936655998229981,51.07422,-2.5537107,62.195312,-2.7170956,0.609375,0.9992130232021178,0.9999781288541653,4195.498221125663,5098.0,0.0002008676528930664,-0.29287946224212646,1.1975374221801758,1.0,1.0,0.8936754465103149,-0.023759422823786736,-1.0620067119598389,0.19316516816616058,0.7617670297622681,1.0,-0.18249580264091492,-5.365198612213135,5.54793119430542,0.0010464168153703213,1.2600061893463135,0.05339828133583069,64.29767608642578,0.01093750074505806,0.6707428693771362,5100.0,0.00033107577,,,,,,,,,,,,,,,,,,,,,,,,,,,,,,,,,,,,,,,,,,,,,
26163200,-2.784632682800293,63.367523193359375,0.6178266178266179,0.32043216228485105,0.8695932865142822,6.16753101348877e-05,1.1849403381347657e-05,0.0035328042507171632,0.00894978642463684,0.02244391441345215,0.025248134136199953,0.0056532490253448486,1.2125036239624023,48.347656,-2.4173825,64.07031,-2.8340607,0.59375,0.9992176761433665,0.9999815164705551,4195.52215235849,5108.0,0.00025992393493652345,-0.32017223834991454,1.1982331275939941,1.0,1.0,0.9484039545059204,0.06245994195342064,-1.0710868835449219,0.2923939824104309,0.7276894450187683,1.0,-0.1819629967212677,-5.242566108703613,5.424529075622559,0.0012247601989656687,1.4747521877288818,0.05350042134523392,64.42066192626953,0.01289062574505806,0.5860556364059448,5110.0,0.0003309406,,,,,,,,,,,,,,,,,,,,,,,,,,,,,,,,,,,,,,,,,,,,,
26214400,-2.841495990753174,64.27020263671875,0.6022727272727273,0.26777832508087157,0.9109890699386597,6.904244422912597e-05,1.3089179992675781e-05,0.003995784521102905,0.009405187368392944,0.02102782726287842,0.025737642049789428,0.006304962635040283,1.1998332262039184,49.51172,-2.4755855,67.80469,-3.0423963,0.578125,0.9991913299600669,0.999979234829498,4195.6224895401065,5118.0,0.00012400150299072266,-0.2676543235778808,1.1999871730804443,1.0,1.0,1.4403680562973022,0.04546928405761719,-1.0483500957489014,0.3992670774459839,0.8046785593032837,1.0,-0.18240030109882355,-5.8697896003723145,6.052215576171875,0.0020507071167230606,2.4692869186401367,0.05362929031252861,64.57583618164062,0.01132812537252903,0.545184314250946,5120.0,0.00033080543,,,,,,,,,,,,,,,,,,,,,,,,,,,,,,,,,,,,,,,,,,,,,
26265600,-2.7411818504333496,62.54047393798828,0.6102117061021171,0.27028117179870603,0.8920418977737427,6.715774536132813e-05,1.2636184692382812e-05,0.004023638963699341,0.00885822057723999,0.017311739921569824,0.025518299341201783,0.0060987389087677,1.1796746015548707,53.339844,-2.6669917,60.585938,-2.6567388,0.6328125,0.9991919807240683,0.9999769801976546,4195.844132276351,5128.0,0.00015587806701660155,-0.2701252937316894,1.1936688423156738,1.0,1.0,0.7972877025604248,0.01460740715265274,-1.0068475008010864,0.2088036835193634,0.8473008275032043,1.0,-0.18077880144119263,-5.003844261169434,5.184622764587402,0.0013997462810948491,1.685455560684204,0.05370738357305527,64.66986846923828,0.010937499813735485,0.6382845640182495,5130.0,0.00033067027,,,,,,,,,,,,,,,,,,,,,,,,,,,,,,,,,,,,,,,,,,,,,
26316800,-2.8311243057250977,64.35057067871094,0.5977301387137453,0.3130067825317383,0.8641672372817993,5.989193916320801e-05,1.1420249938964843e-05,0.0034110140800476074,0.009106454849243164,0.01825449466705322,0.025211201906204225,0.00538657546043396,1.1954633235931396,54.003906,-2.7001948,65.49219,-2.9101818,0.58203125,0.9992310833467303,0.9999804353156234,4195.980742559489,5138.0,0.00017881393432617188,-0.31282796859741213,1.1968402862548828,1.0,1.0,0.5978814363479614,-0.028857015073299408,-1.00727117061615,0.11522890627384186,0.8299480676651001,1.0,-0.18206727504730225,-5.662967681884766,5.845034599304199,0.001453966018743813,1.7507424354553223,0.05377393960952759,64.75001525878906,0.008984374813735485,0.721394419670105,5140.0,0.00033053508,,,,,,,,,,,,,,,,,,,,,,,,,,,,,,,,,,,,,,,,,,,,,
26368000,-2.839829683303833,64.34969329833984,0.592638036809816,0.3182927131652832,0.8664175748825074,6.0073137283325196e-05,1.1277198791503906e-05,0.003396238088607788,0.009101312160491943,0.025810647010803222,0.02534158229827881,0.005387974977493286,1.2105544328689575,49.140625,-2.4570308,57.21875,-2.4440844,0.6484375,0.9992221283836542,0.9999816442689656,4196.016950718986,5148.0,0.00020530223846435547,-0.3180874109268188,1.1996021270751953,1.0,1.0,1.086745023727417,0.02307124435901642,-1.083086609840393,0.2875768542289734,0.7365704774856567,1.0,-0.18446698784828186,-5.478975772857666,5.663442611694336,0.0021609258837997913,2.6020030975341797,0.05389447882771492,64.89515686035156,0.01210937462747097,0.6731394529342651,5150.0,0.0003303999,,,,,,,,,,,,,,,,,,,,,,,,,,,,,,,,,,,,,,,,,,,,,
26419200,-2.9151062965393066,65.64889526367188,0.5812743823146944,0.2917964935302734,0.8587280511856079,5.8556795120239255e-05,1.3589859008789062e-05,0.0033217453956604004,0.009209892749786376,0.026363086700439454,0.024929741621017455,0.005384155511856079,1.1769235849380493,51.9375,-2.5968745,66.75,-2.9641507,0.578125,0.9992474803683137,0.9999809982032768,4196.2650381997255,5158.0,0.00013778209686279296,-0.29165871143341066,1.2019689083099365,1.0,1.0,1.2302744388580322,0.027732934802770615,-1.0661823749542236,0.3287677764892578,0.7752541303634644,1.0,-0.18522396683692932,-6.586133003234863,6.771357536315918,0.0038633658550679684,4.6519365310668945,0.053922735154628754,64.92916870117188,0.008984374813735485,0.6530921459197998,5160.0,0.00033026474,,,,,,,,,,,,,,,,,,,,,,,,,,,,,,,,,,,,,,,,,,,,,
26470400,-2.6560261249542236,60.96527099609375,0.6227544910179641,0.32074875831604005,0.8796063661575317,6.478548049926758e-05,1.2493133544921875e-05,0.0036957311630249024,0.009194760322570801,0.019266605377197266,0.02525364637374878,0.005737167596817016,1.2196588039398193,53.085938,-2.6542964,55.34375,-2.3420057,0.6640625,0.9992217570828793,0.9999798460393793,4196.244088521746,5168.0,0.0002239704132080078,-0.32052478790283206,1.198751449584961,1.0,1.0,0.7293293476104736,0.004531910642981529,-1.0756868124008179,0.18000558018684387,0.7474943399429321,1.0,-0.1827128827571869,-5.287381172180176,5.470094203948975,0.0015760461101308465,1.8977408409118652,0.054101407527923584,65.14431762695312,0.0107421875,0.7243728041648865,5170.0,0.00033012958,,,,,,,,,,,,,,,,,,,,,,,,,,,,,,,,,,,,,,,,,,,,,
26521600,-2.8418869972229004,64.2911376953125,0.589873417721519,0.2781240701675415,0.8834273815155029,6.395459175109863e-05,1.3136863708496094e-05,0.0036288034915924073,0.009806982278823852,0.020366835594177245,0.02498945116996765,0.0056470918655395505,1.1819535493850708,54.6875,-2.7343748,63.08203,-2.7681675,0.609375,0.9992056918579907,0.9999812807837059,4196.454539755461,5178.0,0.0001928567886352539,-0.27793121337890625,1.1986181735992432,1.0,1.0,0.896821141242981,-0.055152881890535355,-1.0720164775848389,0.16216787695884705,0.7345433235168457,1.0,-0.18176664412021637,-5.386651992797852,5.568418502807617,0.0029114391654729843,3.5057075023651123,0.054218992590904236,65.28590393066406,0.0068359375,0.6573518514633179,5180.0,0.0003299944,,,,,,,,,,,,,,,,,,,,,,,,,,,,,,,,,,,,,,,,,,,,,
26572800,-2.782805919647217,63.22496795654297,0.6093943139678616,0.2829242706298828,0.892114782333374,6.540536880493164e-05,1.270771026611328e-05,0.003716006278991699,0.009303054809570312,0.021121001243591307,0.02563653588294983,0.005847902297973633,1.1961965084075927,54.88672,-2.7443357,65.20703,-2.8915598,0.58203125,0.999174221095587,0.9999801483365721,4196.575925618946,5188.0,0.00033180713653564454,-0.28259246349334716,1.1963143348693848,1.0,1.0,0.8193183541297913,-0.028364568948745728,-1.035158395767212,0.17008596658706665,0.786512017250061,1.0,-0.17934757471084595,-5.8177642822265625,5.997111797332764,0.0034941919147968292,4.207408905029297,0.05419744551181793,65.25996398925781,0.0072265625931322575,0.6044898629188538,5190.0,0.00032985923,,,,,,,,,,,,,,,,,,,,,,,,,,,,,,,,,,,,,,,,,,,,,
26624000,-2.9953014850616455,67.26832580566406,0.5719895287958116,0.3033954620361328,0.8668160676956177,5.949020385742188e-05,1.201629638671875e-05,0.003389354944229126,0.009335752725601196,0.015588331222534179,0.025107399225234986,0.005415811538696289,1.1858352661132812,54.132812,-2.7066402,66.44922,-2.9376545,0.59765625,0.9992387139927025,0.9999802764656456,4196.771977619737,5198.0,0.0002578258514404297,-0.3031376361846924,1.2013180255889893,1.0,1.0,0.6704109907150269,-0.029617836698889732,-1.0792094469070435,0.13092994689941406,0.7129910588264465,1.0,-0.1794331818819046,-5.304712772369385,5.4841461181640625,0.002830502111464739,3.408250093460083,0.05425644665956497,65.33100128173828,0.006054687313735485,0.6639817357063293,5200.0,0.00032972405,,,,,,,,,,,,,,,,,,,,,,,,,,,,,,,,,,,,,,,,,,,,,
26675200,-2.76202130317688,62.934146881103516,0.6060975609756097,0.28967301845550536,0.9076776504516602,6.987333297729492e-05,1.2755393981933594e-05,0.004038102626800537,0.00969200611114502,0.022401857376098632,0.025318644046783446,0.006228576898574829,1.2197884798049927,52.546875,-2.6273437,58.664062,-2.5146613,0.66015625,0.9991917944375158,0.9999809818438765,4196.748935541914,5208.0,0.00022482872009277344,-0.2894481897354126,1.1978120803833008,1.0,1.0,0.8276316523551941,0.02893448807299137,-1.0560436248779297,0.22911468148231506,0.7358816266059875,1.0,-0.17979782819747925,-5.056284427642822,5.236474514007568,0.001703773275949061,2.0515389442443848,0.0543568916618824,65.45194244384766,0.009765625,0.632378101348877,5210.0,0.0003295889,,,,,,,,,,,,,,,,,,,,,,,,,,,,,,,,,,,,,,,,,,,,,
26726400,-2.8127315044403076,63.76148986816406,0.6,0.2925664663314819,0.8802480936050415,6.299614906311036e-05,1.2111663818359374e-05,0.0036454808712005613,0.009255094528198242,0.020094919204711913,0.025385186672210694,0.005629521608352661,1.1929461479187011,52.046875,-2.6023436,64.58984,-2.8634973,0.6015625,0.9992246537885234,0.9999794147341099,4196.88843084325,5218.0,0.00025067329406738283,-0.29231579303741456,1.2030572891235352,1.0,0.0,0.9590665698051453,-0.05031586438417435,-1.0512104034423828,0.18310153484344482,0.7783036231994629,1.0,-0.179474338889122,-5.098600387573242,5.2780866622924805,0.001770475530065596,2.1318562030792236,0.054449960589408875,65.56401062011719,0.00800781324505806,0.5606899857521057,5220.0,0.0003294537,,,,,,,,,,,,,,,,,,,,,,,,,,,,,,,,,,,,,,,,,,,,,
26777600,-2.912367582321167,65.7606201171875,0.5842985842985843,0.28012332916259763,0.8960877418518066,6.49881362915039e-05,1.2564659118652344e-05,0.0037413907051086427,0.009358154535293579,0.01490190029144287,0.02574000835418701,0.005864648818969726,1.1911469221115112,52.453125,-2.6226559,61.35547,-2.6660647,0.6171875,0.9992144398121744,0.9999820457525865,4197.041760985917,5228.0,0.0002181529998779297,-0.2799051761627197,1.196899175643921,1.0,1.0,1.4794197082519531,0.09040103852748871,-1.027726411819458,0.45468103885650635,0.8199576139450073,1.0,-0.18162760138511658,-5.830109596252441,6.01173734664917,0.0022962666116654873,2.7649693489074707,0.05461666360497475,65.76473999023438,0.01132812537252903,0.5945131778717041,5230.0,0.00032931854,,,,,,,,,,,,,,,,,,,,,,,,,,,,,,,,,,,,,,,,,,,,,
26828800,-2.745718479156494,62.62666702270508,0.6242424242424243,0.24971048831939696,0.9214835882186889,7.133960723876954e-05,1.3279914855957032e-05,0.0041664445400238035,0.009637690782546997,0.025545167922973632,0.02572221279144287,0.006438264846801758,1.1967759370803832,50.628906,-2.531445,59.66797,-2.5913105,0.6484375,0.999170319615694,0.9999804368522608,4197.125423889313,5238.0,0.00023126602172851562,-0.24947922229766845,1.2024149894714355,1.0,1.0,1.5652968883514404,0.1452702283859253,-1.0468518733978271,0.5304469466209412,0.7854754328727722,1.0,-0.17607539892196655,-5.451805114746094,5.62800931930542,0.0055475798435509205,6.679924011230469,0.05467837303876877,65.83905029296875,0.01093750074505806,0.5586979389190674,5240.0,0.00032918336,,,,,,,,,,,,,,,,,,,,,,,,,,,,,,,,,,,,,,,,,,,,,
26880000,-2.773282766342163,63.12776565551758,0.6056511056511057,0.2768359899520874,0.8847304105758667,6.682634353637696e-05,1.3446807861328125e-05,0.003928838968276977,0.009156365394592286,0.025632381439208984,0.025112168788909914,0.005935968160629273,1.1872417688369752,49.902344,-2.495117,63.8125,-2.8130703,0.578125,0.9991782158177461,0.9999751187477344,4197.29392858889,5248.0,0.00025026798248291017,-0.2765857219696045,1.2001960277557373,1.0,1.0,0.7543650269508362,-0.05239212140440941,-1.027079701423645,0.13080726563930511,0.8188461661338806,1.0,-0.17437142133712769,-4.560844421386719,4.735556602478027,0.001969016157090664,2.3709216117858887,0.05477381870150566,65.95397186279297,0.00859374925494194,0.6800689697265625,5250.0,0.0003290482,,,,,,,,,,,,,,,,,,,,,,,,,,,,,,,,,,,,,,,,,,,,,
26931200,-2.856107711791992,64.591552734375,0.5953905249679897,0.2773612976074219,0.9006742715835572,6.821274757385254e-05,1.3899803161621093e-05,0.003931812047958374,0.00903347373008728,0.03137812614440918,0.025669848918914794,0.0062931227684021,1.2094536066055297,52.847656,-2.6423826,62.558594,-2.7311282,0.6328125,0.9991729892278154,0.9999784932081414,4197.331285602862,5258.0,0.00021350383758544922,-0.27714779376983645,1.1994187831878662,1.0,0.0,0.6729199290275574,-0.06390252709388733,-1.0959054231643677,0.09670880436897278,0.6878119707107544,1.0,-0.176486998796463,-4.070051193237305,4.247751235961914,0.0025954637676477432,3.125236749649048,0.05485214293003082,66.04829406738281,0.009960937313735485,0.6332329511642456,5260.0,0.00032891304,,,,,,,,,,,,,,,,,,,,,,,,,,,,,,,,,,,,,,,,,,,,,
26982400,-2.7376489639282227,62.36943435668945,0.6064981949458483,0.29865803718566897,0.8613229036331177,5.8890581130981444e-05,1.18255615234375e-05,0.0033330905437469484,0.00886927604675293,0.024425530433654787,0.025451172590255738,0.005321105718612671,1.1844412326812743,50.390625,-2.519531,63.64453,-2.7997355,0.6015625,0.9992427996278964,0.9999806357067985,4197.559546220981,5268.0,0.00016167163848876954,-0.2984963655471802,1.194782018661499,1.0,1.0,1.050451636314392,-0.01176643930375576,-1.0005075931549072,0.24602200090885162,0.8533086776733398,1.0,-0.17842870950698853,-6.01046085357666,6.188889503479004,0.0029820529744029045,3.5907344818115234,0.054944343864917755,66.15930938720703,0.0087890625,0.7105123400688171,5270.0,0.00032877785,,,,,,,,,,,,,,,,,,,,,,,,,,,,,,,,,,,,,,,,,,,,,
27033600,-2.8030014038085938,63.217933654785156,0.5965130759651308,0.31586403846740724,0.8637299537658691,6.0623884201049806e-05,1.3422966003417968e-05,0.003516693115234375,0.008640679121017457,0.02178003787994385,0.025378271341323852,0.0055563259124755855,1.2014113664627075,52.09375,-2.604687,66.90625,-3.003352,0.5546875,0.9992149325401228,0.9999800955907765,4197.653132681417,5278.0,0.00022542476654052734,-0.3156386137008667,1.1942355632781982,1.0,1.0,0.7210075855255127,-0.04420303925871849,-1.0258082151412964,0.13023030757904053,0.807646632194519,1.0,-0.1779973804950714,-5.764135837554932,5.942954063415527,0.002375104697421193,2.8598990440368652,0.055040642619132996,66.27526092529297,0.00937500037252903,0.8163047432899475,5280.0,0.00032864267,,,,,,,,,,,,,,,,,,,,,,,,,,,,,,,,,,,,,,,,,,,,,
27084800,-2.8045003414154053,63.69790267944336,0.6054254007398274,0.3264965772628784,0.8599972248077392,5.973577499389649e-05,1.1014938354492188e-05,0.0034954667091369627,0.008825937509536743,0.019118475914001464,0.0250789737701416,0.005506863594055176,1.2056447505950927,50.30078,-2.515039,60.976562,-2.6543362,0.6328125,0.9992352560781824,0.9999822023260927,4197.718509582443,5288.0,0.00013837814331054687,-0.32635819911956787,1.2058475017547607,1.0,1.0,0.9272487759590149,-0.06739398837089539,-1.097505807876587,0.1568431258201599,0.7000751495361328,1.0,-0.17451101541519165,-4.2785797119140625,4.453090667724609,0.002014709636569023,2.4259421825408936,0.055072687566280365,66.3138427734375,0.0087890625,0.5911073088645935,5290.0,0.0003285075,,,,,,,,,,,,,,,,,,,,,,,,,,,,,,,,,,,,,,,,,,,,,
27136000,-2.890510320663452,65.07891082763672,0.5899094437257438,0.22685208320617675,0.9434389114379883,7.5453519821167e-05,1.4162063598632812e-05,0.004414035081863403,0.010459614992141724,0.023619890213012695,0.025404889583587647,0.00677918553352356,1.1939488887786864,53.79297,-2.6896482,64.25781,-2.847201,0.5859375,0.9991781797317894,0.9999800310899953,4197.8459215128205,5298.0,0.00015408992767333983,-0.2266979932785034,1.2632274627685547,1.0,0.0,1.0534433126449585,-0.00885530561208725,-1.0668474435806274,0.24768929183483124,0.7472032308578491,1.0,-0.1764788031578064,-5.515242576599121,5.691721439361572,0.0031716146040707827,3.818988561630249,0.05512217804789543,66.37344360351562,0.00859374925494194,0.6082278490066528,5300.0,0.00032837235,,,,,,,,,,,,,,,,,,,,,,,,,,,,,,,,,,,,,,,,,,,,,
27187200,-2.821688175201416,63.81257629394531,0.5967940813810111,0.28330059051513673,0.8910062551498413,6.497025489807129e-05,1.2540817260742188e-05,0.0037246310710906984,0.009758871793746949,0.0245835542678833,0.025010154247283936,0.005956690311431884,1.1989253520965577,51.63672,-2.5818357,65.859375,-2.940515,0.578125,0.9992144818549081,0.999981307137766,4197.977278912628,5308.0,0.00018277168273925782,-0.28311781883239745,1.198713779449463,1.0,1.0,1.05915105342865,-0.0036731380969285965,-1.0350394248962402,0.25509700179100037,0.7862937450408936,1.0,-0.17524263262748718,-5.3220624923706055,5.4973649978637695,0.0024320657830685377,2.9284870624542236,0.05518081784248352,66.44405364990234,0.00917968712747097,0.6242307424545288,5310.0,0.00032823716,,,,,,,,,,,,,,,,,,,,,,,,,,,,,,,,,,,,,,,,,,,,,
27238400,-2.6022896766662598,60.0772819519043,0.6252927400468384,0.24909515380859376,0.9431602239608765,7.427096366882324e-05,1.3566017150878906e-05,0.004327350854873657,0.010361237525939941,0.021654152870178224,0.025741645097732545,0.0066139352321624755,1.2139462232589722,51.222656,-2.5611327,62.585938,-2.7365565,0.62109375,0.9991608737802746,0.999980949236688,4197.989436756123,5318.0,0.00010905265808105468,-0.2489861011505127,1.1991467475891113,1.0,1.0,1.0221058130264282,0.04560825973749161,-1.0407359600067139,0.2952321767807007,0.8133659362792969,1.0,-0.17682817578315735,-5.634906768798828,5.811735153198242,0.004108426161110401,4.947017669677734,0.05524825304746628,66.52525329589844,0.01132812537252903,0.6961758136749268,5320.0,0.00032810197,,,,,,,,,,,,,,,,,,,,,,,,,,,,,,,,,,,,,,,,,,,,,
27289600,-2.82497239112854,63.926979064941406,0.594059405940594,0.2707237958908081,0.8795685768127441,6.49714469909668e-05,1.2302398681640625e-05,0.003707784414291382,0.008803087472915649,0.025593161582946777,0.025379918813705445,0.0059877800941467284,1.1759219646453858,49.453125,-2.4726558,64.90234,-2.8903778,0.59375,0.9992067338577862,0.9999794816655097,4198.229110843523,5328.0,0.00020830631256103517,-0.27051548957824706,1.1974408626556396,1.0,1.0,0.8338866233825684,-0.05991979315876961,-1.0539215803146362,0.14236828684806824,0.7907047271728516,1.0,-0.17769309878349304,-5.23507022857666,5.412814140319824,0.0027242577634751797,3.2803194522857666,0.05534852668642998,66.64599609375,0.01015624962747097,0.7355127334594727,5330.0,0.00032796682,,,,,,,,,,,,,,,,,,,,,,,,,,,,,,,,,,,,,,,,,,,,,
27340800,-2.681760549545288,61.45388412475586,0.6213592233009708,0.3477122068405151,0.8244873762130738,5.2967071533203124e-05,1.0538101196289063e-05,0.002996505498886108,0.008617264032363892,0.022863554954528808,0.02467686891555786,0.004850491285324097,1.1950955629348754,51.648438,-2.5824218,69.21094,-3.1010988,0.55078125,0.9992656768833122,0.9999816861293437,4198.3610032226015,5338.0,0.0001911163330078125,-0.3475210905075073,1.2610836029052734,1.0,0.0,0.7322534322738647,-0.08417186886072159,-1.064499855041504,0.09213462471961975,0.7324150800704956,1.0,-0.17542880773544312,-5.102879047393799,5.278933525085449,0.0036649671383202076,4.413042068481445,0.05545718967914581,66.77684020996094,0.00820312462747097,0.7930363416671753,5340.0,0.00032783166,,,,,,,,,,,,,,,,,,,,,,,,,,,,,,,,,,,,,,,,,,,,,
27392000,-2.599724292755127,59.924259185791016,0.6331360946745562,0.3505070209503174,0.8385444164276123,5.560874938964844e-05,1.1444091796875e-05,0.0031380701065063478,0.008447306156158447,0.018998003005981444,0.02512783169746399,0.005127257108688355,1.2080835819244384,53.851562,-2.6925778,56.359375,-2.3995676,0.66796875,0.9992571173914312,0.9999812120211962,4198.431458624024,5348.0,0.0002513408660888672,-0.3502556800842285,1.1976847648620605,1.0,1.0,0.4490824341773987,-0.007172225043177605,-1.0711967945098877,0.09854015707969666,0.7598747611045837,1.0,-0.17322058975696564,-4.565783500671387,4.744627475738525,0.0010831581894308329,1.3042470216751099,0.0554661899805069,66.78767395019531,0.00859375111758709,0.8286381959915161,5350.0,0.00032769647,,,,,,,,,,,,,,,,,,,,,,,,,,,,,,,,,,,,,,,,,,,,,
27443200,-2.595886468887329,59.99069595336914,0.6383720930232558,0.3257216691970825,0.8435333967208862,5.544424057006836e-05,1.1444091796875e-05,0.003088730573654175,0.00873774528503418,0.022098803520202638,0.025239977836608887,0.005023638010025025,1.1913887500762939,52.320312,-2.6160154,61.10547,-2.6577663,0.61328125,0.9992618219913283,0.9999803283803678,4198.5799521041135,5358.0,0.00018324851989746094,-0.325538420677185,1.1974120140075684,1.0,1.0,0.828813910484314,-0.025580815970897675,-1.0412302017211914,0.175755113363266,0.7899587154388428,1.0,-0.1732490509748459,-5.20924711227417,5.383238792419434,0.00233646621927619,2.8133740425109863,0.05555424094200134,66.89369201660156,0.00937500037252903,0.7985934019088745,5360.0,0.0003275613,,,,,,,,,,,,,,,,,,,,,,,,,,,,,,,,,,,,,,,,,,,,,
27494400,-2.8306331634521484,64.08364868164062,0.5779467680608364,0.307069993019104,0.8743117570877075,6.53076171875e-05,1.3422966003417968e-05,0.0037461864948272706,0.008799120187759399,0.02981085777282715,0.025037561655044557,0.006032425165176392,1.2112313747406005,54.8125,-2.7406247,61.515625,-2.6802247,0.6171875,0.9991996737066239,0.999979075925965,4198.598715051841,5368.0,0.00016341209411621093,-0.3069065809249878,1.2022552490234375,1.0,1.0,0.8802136182785034,-0.030100561678409576,-1.0361199378967285,0.18436959385871887,0.8320299983024597,1.0,-0.17618106305599213,-5.748751163482666,5.925066947937012,0.0016493293223902583,1.9859821796417236,0.055647410452365875,67.0058822631836,0.00996093824505806,0.7606446743011475,5370.0,0.00032742613,,,,,,,,,,,,,,,,,,,,,,,,,,,,,,,,,,,,,,,,,,,,,
27545600,-2.7205827236175537,62.388431549072266,0.6233766233766234,0.29748921394348143,0.8833029985427856,6.43467903137207e-05,1.1944770812988282e-05,0.0037051737308502197,0.0096034574508667,0.019437336921691896,0.024809253215789796,0.005947085618972778,1.2002661943435669,48.39453,-2.4197261,63.33203,-2.7748952,0.62890625,0.9991886562050579,0.9999794210943278,4198.681401863246,5378.0,0.0001721620559692383,-0.2973170518875122,1.1983790397644043,1.0,1.0,1.010305404663086,0.024573756381869316,-1.0515097379684448,0.2707787752151489,0.7761558294296265,1.0,-0.17606112360954285,-5.4915876388549805,5.6680908203125,0.0018728873692452908,2.255171775817871,0.05573832988739014,67.1153564453125,0.010156250558793545,0.6961129903793335,5380.0,0.00032729097,,,,,,,,,,,,,,,,,,,,,,,,,,,,,,,,,,,,,,,,,,,,,
27596800,-2.6750710010528564,61.3681640625,0.637910085054678,0.2821766138076782,0.8687416315078735,6.331443786621094e-05,1.1873245239257812e-05,0.003571733236312866,0.009197654724121094,0.026521182060241698,0.024953943490982056,0.005615187883377075,1.1774747133255006,51.10547,-2.555273,59.726562,-2.5984912,0.63671875,0.999188531976459,0.9999801161721752,4198.92231259273,5388.0,0.00021922588348388672,-0.28195738792419434,1.1994202136993408,1.0,1.0,0.6377615332603455,0.017727792263031006,-1.0556907653808594,0.17079636454582214,0.7711073160171509,1.0,-0.17204108834266663,-4.4892683029174805,4.664731979370117,0.001324953162111342,1.5953960418701172,0.05577932298183441,67.16471862792969,0.011132813058793545,0.7148045897483826,5390.0,0.00032715578,,,,,,,,,,,,,,,,,,,,,,,,,,,,,,,,,,,,,,,,,,,,,
27648000,-2.9070847034454346,65.53128814697266,0.5938697318007663,0.33060264587402344,0.850753927230835,5.8908462524414065e-05,1.1157989501953124e-05,0.003298094272613525,0.009397249221801757,0.018741965293884277,0.024560030698776245,0.005190087556838989,1.2001335620880127,50.671875,-2.5335932,64.05078,-2.826359,0.62109375,0.9992165502169283,0.9999801141301918,4199.016515168203,5398.0,0.00016627311706542968,-0.33043637275695803,1.198009729385376,1.0,1.0,0.7808859348297119,0.04664056748151779,-1.0308657884597778,0.2358916997909546,0.8092585802078247,1.0,-0.17166395485401154,-4.4398698806762695,4.612452507019043,0.0023778509348630905,2.863206386566162,0.05581197887659073,67.20404052734375,0.01035156287252903,0.6333492994308472,5400.0,0.00032702062,,,,,,,,,,,,,,,,,,,,,,,,,,,,,,,,,,,,,,,,,,,,,
27699200,-2.6789839267730713,61.38975143432617,0.6197854588796186,0.35663905143737795,0.826530647277832,5.4720640182495114e-05,1.201629638671875e-05,0.00319632887840271,0.00838680863380432,0.02450222969055176,0.025003855228424073,0.00465415358543396,1.207707905769348,49.476562,-2.4738278,68.86328,-3.090723,0.56640625,0.9992579731254966,0.9999801598821327,4199.066422622509,5408.0,0.00019872188568115234,-0.3564403295516968,1.2018404006958008,1.0,1.0,1.2479891777038574,0.012190476059913635,-0.9595420360565186,0.32048580050468445,0.91591876745224,1.0,-0.17649108171463013,-6.362636566162109,6.539144515991211,0.00272763567045331,3.2843871116638184,0.05590742453932762,67.3189697265625,0.008593750186264515,0.6559802293777466,5410.0,0.00032688543,,,,,,,,,,,,,,,,,,,,,,,,,,,,,,,,,,,,,,,,,,,,,
27750400,-2.617842197418213,60.317073822021484,0.6292682926829268,0.3310124158859253,0.8310254573822021,5.6557655334472656e-05,1.0776519775390626e-05,0.0032854974269866943,0.008354588747024536,0.018899035453796387,0.02511928677558899,0.004704039096832275,1.180972146987915,56.273438,-2.8136716,61.929688,-2.7053468,0.609375,0.9992466375833601,0.9999792867712602,4199.260528670389,5418.0,0.00024743080139160155,-0.33076498508453367,1.1981606483459473,1.0,1.0,0.7905741930007935,-0.022763479501008987,-1.048985481262207,0.16858842968940735,0.7839933633804321,1.0,-0.17231306433677673,-5.097418785095215,5.2697319984436035,0.0027844004798680544,3.352738380432129,0.05587972700595856,67.28561401367188,0.00820312462747097,0.6183534860610962,5420.0,0.00032675028,,,,,,,,,,,,,,,,,,,,,,,,,,,,,,,,,,,,,,,,,,,,,
27801600,-2.717707872390747,62.284542083740234,0.6147540983606558,0.34969315528869627,0.8198541641235352,5.278825759887695e-05,1.1086463928222656e-05,0.002916940450668335,0.008204632997512817,0.01809272766113281,0.025211477279663087,0.004577035903930664,1.1876737117767333,48.496094,-2.4248044,64.625,-2.8563032,0.58984375,0.999272228693627,0.9999809895266545,4199.427885677199,5428.0,0.00015606880187988282,-0.34953708648681636,1.197145938873291,1.0,1.0,1.4668490886688232,0.12780901789665222,-1.0250579118728638,0.4890061318874359,0.8164757490158081,1.0,-0.1763075888156891,-5.368542671203613,5.546783447265625,0.003016771748661995,3.632540225982666,0.055912576615810394,67.32516479492188,0.012500000186264515,0.5365672707557678,5430.0,0.0003266151,,,,,,,,,,,,,,,,,,,,,,,,,,,,,,,,,,,,,,,,,,,,,
27852800,-2.7722156047821045,63.2873420715332,0.6139240506329114,0.39353322982788086,0.7856093883514405,4.757404327392578e-05,1.0776519775390626e-05,0.0025322723388671877,0.008014042377471924,0.020004677772521972,0.02490593433380127,0.0037531840801239016,1.1991803407669068,53.195312,-2.6597652,62.820312,-2.7431664,0.59765625,0.9993008677227893,0.9999814304033088,4199.528029042281,5438.0,0.0001402616500854492,-0.3933929681777954,1.2008709907531738,1.0,1.0,0.5709269642829895,-0.018870318308472633,-1.025726079940796,0.11786670982837677,0.7896889448165894,1.0,-0.17385098338127136,-4.9611663818359375,5.13663387298584,0.0012981622712686658,1.5631365776062012,0.05597734823822975,67.40316772460938,0.0078125,0.7267323136329651,5440.0,0.00032647993,,,,,,,,,,,,,,,,,,,,,,,,,,,,,,,,,,,,,,,,,,,,,
27904000,-2.748706340789795,62.80097198486328,0.6201456310679612,0.34988179206848147,0.8229853391647339,5.5081844329833985e-05,1.068115234375e-05,0.003059443235397339,0.008372746706008911,0.016851067543029785,0.02498877763748169,0.0046429955959320065,1.1897507667541505,51.054688,-2.5527344,59.671875,-2.5716243,0.63671875,0.9992655534029905,0.9999816038567294,4199.678046733563,5448.0,0.00015685558319091796,-0.34972493648529057,1.2010562419891357,1.0,1.0,1.2039849758148193,0.07725603133440018,-1.0598948001861572,0.3718016743659973,0.7647262215614319,1.0,-0.1743493527173996,-5.198245525360107,5.374618053436279,0.0018188640242442489,2.1901214122772217,0.056051403284072876,67.49234008789062,0.0126953125,0.6276665329933167,5450.0,0.00032634474,,,,,,,,,,,,,,,,,,,,,,,,,,,,,,,,,,,,,,,,,,,,,
27955200,-2.622274875640869,60.27836227416992,0.6280701754385964,0.28549511432647706,0.9009484052658081,6.80685043334961e-05,1.1658668518066406e-05,0.003962907791137695,0.00990439772605896,0.01787097454071045,0.025075159072875976,0.005999804735183716,1.2043469667434692,49.734375,-2.4867182,56.777344,-2.431511,0.65625,0.9991768133783505,0.9999827176531927,4199.746431467848,5458.0,0.00017240047454833985,-0.2853227138519287,1.203547716140747,1.0,1.0,1.1182599067687988,-0.0016222763806581497,-1.0566651821136475,0.2713969945907593,0.7697744369506836,1.0,-0.1762106865644455,-5.71312141418457,5.890892028808594,0.002004778478294611,2.4139835834503174,0.0561065748333931,67.55876159667969,0.01113281212747097,0.6610490083694458,5460.0,0.00032620959,,,,,,,,,,,,,,,,,,,,,,,,,,,,,,,,,,,,,,,,,,,,,
28006400,-2.68495512008667,61.525001525878906,0.625,0.30764896869659425,0.8623808860778809,6.198048591613769e-05,1.02996826171875e-05,0.0035254240036010744,0.008927772045135498,0.01909615993499756,0.025378270149230955,0.005192301273345947,1.1891584634780883,47.85547,-2.3927732,61.589844,-2.7043474,0.625,0.9992278041593463,0.9999813741509825,4199.902891468384,5468.0,0.00016019344329833984,-0.30748877525329593,1.2013030052185059,1.0,0.0,0.8850024938583374,-0.009240085259079933,-1.0820844173431396,0.2048293948173523,0.7124601602554321,1.0,-0.17197012901306152,-4.441366195678711,4.61810302734375,0.001760921091772616,2.1203513145446777,0.056115031242370605,67.5689468383789,0.01132812537252903,0.6562394499778748,5470.0,0.00032607443,,,,,,,,,,,,,,,,,,,,,,,,,,,,,,,,,,,,,,,,,,,,,
28057600,-2.384711742401123,56.3367805480957,0.6793103448275862,0.32431907653808595,0.8471737384796143,5.806088447570801e-05,1.2135505676269531e-05,0.003272814750671387,0.008844760656356811,0.026317620277404787,0.02483559846878052,0.00531495213508606,1.1978450775146485,56.398438,-2.8199215,58.054688,-2.4669876,0.65625,0.9992327423022211,0.9999812106638082,4200.0127291658655,5478.0,0.00015709400177001953,-0.32416198253631595,1.202531099319458,1.0,1.0,1.1395241022109985,-0.0011018961668014526,-1.0639092922210693,0.27701836824417114,0.7466340065002441,1.0,-0.1696878969669342,-4.9591779708862305,5.1309709548950195,0.00429066177457571,5.166450023651123,0.056215301156044006,67.68968200683594,0.01191406324505806,0.6842933893203735,5480.0,0.00032593924,,,,,,,,,,,,,,,,,,,,,,,,,,,,,,,,,,,,,,,,,,,,,
28108800,-2.721255302429199,61.870479583740234,0.6021003500583431,0.33612134456634524,0.8612340688705444,5.8940649032592774e-05,1.2063980102539063e-05,0.0033012831211090086,0.008769439458847046,0.022313880920410156,0.025498777627944946,0.005400539636611939,1.2197030544281007,49.277344,-2.463867,64.90625,-2.8813171,0.578125,0.999240091604258,0.9999822119895334,4199.983884114014,5488.0,0.0001873493194580078,-0.3359339952468872,1.2041058540344238,1.0,1.0,1.2680997848510742,0.09864646196365356,-1.0066709518432617,0.41053423285484314,0.8508011102676392,1.0,-0.17249953746795654,-6.1086015701293945,6.282855987548828,0.003192001488059759,3.843536853790283,0.056329112499952316,67.82672882080078,0.012500000186264515,0.6590840220451355,5490.0,0.00032580405,,,,,,,,,,,,,,,,,,,,,,,,,,,,,,,,,,,,,,,,,,,,,
28160000,-2.6247007846832275,60.355106353759766,0.6294536817102138,0.29554502964019774,0.8631745100021362,5.867600440979004e-05,1.1181831359863281e-05,0.0033041977882385253,0.009167017936706543,0.024459362030029297,0.0251179039478302,0.0054784417152404785,1.1832109928131103,50.765625,-2.538281,60.910156,-2.672428,0.62109375,0.9992472412633873,0.9999823283340721,4200.168846704221,5498.0,0.00020623207092285156,-0.2953387975692749,1.1973083019256592,1.0,1.0,1.106046438217163,0.020410621538758278,-1.0218234062194824,0.29133468866348267,0.818528950214386,1.0,-0.17066121101379395,-5.221436500549316,5.395395755767822,0.002189848804846406,2.6368296146392822,0.05637684464454651,67.88420104980469,0.01132812537252903,0.669642448425293,5500.0,0.0003256689,,,,,,,,,,,,,,,,,,,,,,,,,,,,,,,,,,,,,,,,,,,,,
28211200,-2.4914042949676514,57.94778823852539,0.637911464245176,0.3051206827163696,0.8719170570373536,6.125926971435547e-05,1.1610984802246094e-05,0.003557702302932739,0.00900728702545166,0.01916532516479492,0.025380635261535646,0.005552743673324585,1.1962367057800294,51.34375,-2.567187,60.132812,-2.6151743,0.60546875,0.9991690650247907,0.9999815840154356,4200.2734862322895,5508.0,0.00016226768493652344,-0.30495841503143306,1.1990180015563965,1.0,0.0,0.8342787027359009,0.00488012470304966,-1.029929757118225,0.2079923003911972,0.8303836584091187,1.0,-0.1711389422416687,-5.446785926818848,5.620311737060547,0.0021937587298452854,2.64153790473938,0.05642111599445343,67.93751525878906,0.009960937313735485,0.7113995552062988,5510.0,0.00032553374,,,,,,,,,,,,,,,,,,,,,,,,,,,,,,,,,,,,,,,,,,,,,
28262400,-2.599566698074341,60.018978118896484,0.6476868327402135,0.3166724443435669,0.8586911916732788,5.942106246948242e-05,1.1920928955078125e-05,0.003164973258972168,0.009308369159698486,0.01864945888519287,0.024956519603729247,0.005411640405654907,1.1940496444702149,53.703125,-2.6851559,62.472656,-2.7459745,0.61328125,0.9992165730016608,0.9999793738565769,4200.4228555387135,5518.0,0.00019812583923339844,-0.3164743185043335,1.1965508460998535,1.0,1.0,0.6684771180152893,-0.033019959926605225,-1.0833741426467896,0.12678205966949463,0.7030285596847534,1.0,-0.1688026785850525,-4.537578582763672,4.70856237411499,0.0046953363344073296,5.653724670410156,0.05640861392021179,67.92245483398438,0.008593750186264515,0.6937193870544434,5520.0,0.00032539855,,,,,,,,,,,,,,,,,,,,,,,,,,,,,,,,,,,,,,,,,,,,,
28313600,-2.4428985118865967,57.323333740234375,0.6822222222222222,0.3406152486801147,0.8257217645645142,5.632400512695313e-05,1.1658668518066406e-05,0.003091644048690796,0.00817815899848938,0.023523116111755372,0.024605841636657716,0.0053217530250549315,1.1899002075195313,52.17578,-2.608789,58.359375,-2.502852,0.69140625,0.9992160430887272,0.9999761160688524,4200.577925929521,5528.0,0.00037713050842285155,-0.34023811817169186,1.1981909275054932,1.0,1.0,0.34642481803894043,-0.09710748493671417,-1.0405224561691284,-0.01652902364730835,0.7737729549407959,1.0,-0.16402995586395264,-2.5197081565856934,2.696032762527466,0.003797380719333887,4.572483539581299,0.056415800005197525,67.93110656738281,0.011523437686264515,0.784276008605957,5530.0,0.00032526336,,,,,,,,,,,,,,,,,,,,,,,,,,,,,,,,,,,,,,,,,,,,,
28364800,-2.687509298324585,61.920711517333984,0.6497041420118344,0.3026608943939209,0.8826837062835693,6.312370300292969e-05,1.2135505676269531e-05,0.0036137068271636964,0.009135506153106689,0.01893179416656494,0.025259581804275514,0.00602636456489563,1.2043145895004272,47.789062,-2.3894527,66.05078,-2.919941,0.61328125,0.9991865203474715,0.9999783618408986,4200.640681455031,5538.0,0.00023887157440185546,-0.3024220228195191,1.2002787590026855,1.0,1.0,0.40878909826278687,-0.05308089777827263,-1.0171507596969604,0.044075582176446915,0.8361731767654419,1.0,-0.16385652124881744,-3.4761061668395996,3.6487796306610107,0.00149925344157964,1.8052736520767212,0.05646582692861557,67.99134826660156,0.00996093824505806,0.7696923017501831,5540.0,0.0003251282,,,,,,,,,,,,,,,,,,,,,,,,,,,,,,,,,,,,,,,,,,,,,
28416000,-2.5240306854248047,59.165103912353516,0.6768149882903981,0.2973057985305786,0.881791090965271,6.532788276672363e-05,1.2326240539550782e-05,0.00359157919883728,0.009289966821670532,0.021717047691345213,0.025008628368377684,0.006096417903900146,1.2008501052856446,50.41797,-2.5208983,55.9375,-2.3500752,0.69140625,0.999146410683964,0.9999801458501729,4200.718785261007,5548.0,0.00017902851104736328,-0.29712677001953125,1.239293098449707,1.0,0.0,0.22107619047164917,-0.03377736732363701,-0.8482093811035156,0.02027287147939205,1.0424299240112305,1.0,-0.15998026728630066,-2.701420783996582,2.876147747039795,0.001272930996492505,1.5327553749084473,0.05644369125366211,67.96469116210938,0.01308593712747097,0.8038936853408813,5550.0,0.00032499305,,,,,,,,,,,,,,,,,,,,,,,,,,,,,,,,,,,,,,,,,,,,,
28467200,-2.6421093940734863,61.01063919067383,0.6548463356973995,0.3121448516845703,0.8613197326660156,5.9925317764282226e-05,1.2564659118652344e-05,0.0032962453365325928,0.009144567251205445,0.02025260925292969,0.02499512553215027,0.005533953905105591,1.193752121925354,48.796875,-2.4398432,58.73047,-2.5226905,0.66796875,0.9991601425307963,0.9999812660750008,4200.871303011131,5558.0,0.0003097057342529297,-0.31183514595031736,1.1984584331512451,1.0,1.0,0.2194681167602539,0.00927782617509365,-1.0202655792236328,0.05883093178272247,0.8350165486335754,1.0,-0.16136592626571655,-3.3974061012268066,3.5593514442443848,0.0005711250705644488,0.6877002716064453,0.05645454674959183,67.97776794433594,0.01035156287252903,0.7986818552017212,5560.0,0.00032485786,,,,,,,,,,,,,,,,,,,,,,,,,,,,,,,,,,,,,,,,,,,,,
28518400,-2.7404017448425293,62.799747467041016,0.6347607052896725,0.3204965353012085,0.8733553886413574,6.165742874145508e-05,1.25885009765625e-05,0.0034654486179351808,0.009163459539413452,0.02114551067352295,0.02545078158378601,0.005490930080413819,1.2150325775146484,54.01953,-2.7009764,62.51953,-2.7256083,0.63671875,0.9991872224700378,0.9999814372075281,4200.869800822991,5568.0,0.0001291036605834961,-0.320367431640625,1.2018120288848877,1.0,1.0,0.3665052354335785,-0.06693312525749207,-1.0474703311920166,0.018516013398766518,0.8207305669784546,1.0,-0.162105530500412,-4.128061294555664,4.290166854858398,0.002249740529805422,2.7089462280273438,0.05646786093711853,67.99378967285156,0.00820312462747097,0.7722910642623901,5570.0,0.0003247227,,,,,,,,,,,,,,,,,,,,,,,,,,,,,,,,,,,,,,,,,,,,,
28569600,-2.5941011905670166,60.15596389770508,0.6628440366972477,0.2747307300567627,0.8934609413146972,6.392240524291993e-05,1.1897087097167968e-05,0.003623274564743042,0.009443601369857788,0.016013836860656737,0.025491989850997925,0.006013032197952271,1.1842403650283813,49.11328,-2.455664,58.835938,-2.5326355,0.6640625,0.9991666859686974,0.9999806122896622,4201.042653812542,5578.0,0.0001435518264770508,-0.2745871782302856,1.200406789779663,1.0,1.0,0.6512223482131958,-0.009194041602313519,-1.0917112827301025,0.1461850106716156,0.694654643535614,1.0,-0.1597440093755722,-3.1556057929992676,3.3223819732666016,0.0038099458906799555,4.587613105773926,0.05647776275873184,68.00572204589844,0.014453125186264515,0.6003620028495789,5580.0,0.0003245875,,,,,,,,,,,,,,,,,,,,,,,,,,,,,,,,,,,,,,,,,,,,,
28620800,-2.623063802719116,60.577938079833984,0.6462829736211031,0.28065502643585205,0.8976305484771728,6.712675094604492e-05,1.5950202941894533e-05,0.003980259895324707,0.009554123878479004,0.019507956504821778,0.025109912157058715,0.00612918496131897,1.1978344678878785,51.76172,-2.5880854,66.74219,-2.9620192,0.59765625,0.9990882712091156,0.9999791404674354,4201.146923367344,5588.0,0.0002878665924072266,-0.28036715984344485,1.2349612712860107,1.0,0.0,0.34920912981033325,-0.17348884046077728,-1.030625343322754,-0.09160560369491577,0.8272079229354858,1.0,-0.16198202967643738,-2.3088555335998535,2.4945969581604004,0.007386900018900633,8.89467716217041,0.05654390901327133,68.08537292480469,0.00996093824505806,0.7596054673194885,5590.0,0.00032445235,,,,,,,,,,,,,,,,,,,,,,,,,,,,,,,,,,,,,,,,,,,,,
28672000,-2.6045103073120117,60.046043395996094,0.6328217237308147,0.31552820205688475,0.8633317470550537,6.101012229919434e-05,1.1849403381347657e-05,0.0033295166492462156,0.008837965726852417,0.02265167236328125,0.025398858785629273,0.0055036842823028564,1.2015472412109376,53.09375,-2.6546874,64.35156,-2.8288202,0.60546875,0.9991764049788739,0.9999802168974127,4201.249796229886,5598.0,0.00027997493743896483,-0.3152482271194458,1.2007720470428467,1.0,1.0,0.7897566556930542,-0.0109111862257123,-0.9996848702430725,0.1812853068113327,0.8487337231636047,1.0,-0.16478198766708374,-4.963448524475098,5.128896236419678,0.0021671969443559647,2.6095542907714844,0.05663450062274933,68.19444274902344,0.00917968712747097,0.676609992980957,5600.0,0.00032431717,,,,,,,,,,,,,,,,,,,,,,,,,,,,,,,,,,,,,,,,,,,,,
28723200,-2.5571932792663574,59.37456512451172,0.6578034682080924,0.31016740798950193,0.872470760345459,6.0567855834960936e-05,1.2373924255371093e-05,0.003466207981109619,0.009189825057983398,0.020409536361694337,0.025082447528839112,0.005789756774902344,1.2030835151672363,52.472656,-2.6236324,59.441406,-2.5487556,0.671875,0.9992038055558501,0.9999805196014822,4201.316698960167,5608.0,0.0001953125,-0.30997209548950194,1.1984705924987793,1.0,1.0,0.3056926131248474,0.007274123840034008,-0.980512261390686,0.07956454157829285,0.8850807547569275,1.0,-0.16265042126178741,-3.6529579162597656,3.825573444366455,0.0012630592100322247,1.5208684206008911,0.05670811980962753,68.28309631347656,0.010546875186264515,0.8375996947288513,5610.0,0.000324182,,,,,,,,,,,,,,,,,,,,,,,,,,,,,,,,,,,,,,,,,,,,,
28774400,-2.5155556201934814,58.630409240722656,0.660377358490566,0.2607561111450195,0.9195914983749389,6.816744804382325e-05,1.3494491577148438e-05,0.003963267803192139,0.010131198167800903,0.023280739784240723,0.025392106771469115,0.006388765573501587,1.2036664009094238,46.121094,-2.3060544,62.289062,-2.699551,0.65625,0.9992155396216011,0.9999795980733291,4201.382728185115,5618.0,0.00010023117065429687,-0.26065587997436523,1.1986148357391357,1.0,1.0,0.8564996123313904,-0.02548741176724434,-0.979806125164032,0.18425019085407257,0.9125186204910278,1.0,-0.1630975604057312,-4.906370162963867,5.070574760437012,0.0025528292171657085,3.073899745941162,0.05671263486146927,68.28852844238281,0.01230468787252903,0.6514883041381836,5620.0,0.00032404682,,,,,,,,,,,,,,,,,,,,,,,,,,,,,,,,,,,,,,,,,,,,,
28825600,-2.372805595397949,56.24036407470703,0.6768707482993197,0.34416885375976564,0.8228548049926758,5.336165428161621e-05,1.2326240539550782e-05,0.0030843925476074217,0.008366776704788208,0.026925158500671387,0.024696227312088013,0.004910871982574463,1.1939846992492675,52.35547,-2.6177728,55.945312,-2.3575387,0.6875,0.9992438508445157,0.9999802713086441,4201.497547524073,5628.0,0.00023653507232666016,-0.34393231868743895,1.2014315128326416,1.0,1.0,1.0619066953659058,-0.04068613052368164,-1.0551834106445312,0.21814566850662231,0.7536036372184753,1.0,-0.16334465146064758,-4.724432945251465,4.893169403076172,0.0023948373273015022,2.883659601211548,0.05681687965989113,68.41405487060547,0.012500000186264515,0.6555162668228149,5630.0,0.00032391166,,,,,,,,,,,,,,,,,,,,,,,,,,,,,,,,,,,,,,,,,,,,,
28876800,-2.422919273376465,56.72455596923828,0.6548672566371682,0.2525212526321411,0.9075715065002441,7.099032402038574e-05,1.4400482177734375e-05,0.0041330397129058834,0.009163804054260254,0.028376388549804687,0.02559320330619812,0.006380418539047241,1.1885116815567016,52.046875,-2.6023436,58.617188,-2.5318801,0.6328125,0.9991820063033169,0.9999763288886676,4201.63498614933,5638.0,0.0002609729766845703,-0.2522602796554565,1.1978387832641602,1.0,1.0,0.8946859836578369,-0.019327402114868164,-1.0336192846298218,0.1983434110879898,0.7932680249214172,1.0,-0.16330194473266602,-5.161781311035156,5.326756477355957,0.002557938452810049,3.080051898956299,0.056859761476516724,68.4656982421875,0.009960937313735485,0.676781177520752,5640.0,0.00032377648,,,,,,,,,,,,,,,,,,,,,,,,,,,,,,,,,,,,,,,,,,,,,
28928000,-2.680074691772461,61.438323974609375,0.6203592814371257,0.31612982749938967,0.8487461090087891,5.793452262878418e-05,1.2516975402832031e-05,0.00324901819229126,0.00888823628425598,0.02538936138153076,0.02487410545349121,0.005336332321166992,1.1903016090393066,51.652344,-2.5826168,66.14453,-2.932243,0.5703125,0.9992535181895038,0.9999800099621695,4201.770161101525,5648.0,0.0002183198928833008,-0.3159115076065064,1.200425386428833,1.0,1.0,0.5681275725364685,0.02417222410440445,-0.9806447625160217,0.16180205345153809,0.8970223665237427,1.0,-0.1640642285346985,-6.789619445800781,6.956592559814453,0.003704005852341652,4.460048675537109,0.056959860026836395,68.58621978759766,0.007617187220603228,0.7965224981307983,5650.0,0.00032364132,,,,,,,,,,,,,,,,,,,,,,,,,,,,,,,,,,,,,,,,,,,,,
28979200,-2.3573830127716064,55.790138244628906,0.6726128016789087,0.2726544618606567,0.9088947534561157,6.835818290710449e-05,1.2969970703125e-05,0.0041001844406127926,0.00957175374031067,0.018881559371948242,0.0255526328086853,0.006115601062774658,1.200467872619629,43.964844,-2.1982417,56.320312,-2.405062,0.6484375,0.9992032644620826,0.9999799012028932,4201.843629514502,5658.0,0.00022895336151123046,-0.2724255084991455,1.1991245746612549,1.0,1.0,0.9056901931762695,0.011840407736599445,-1.0244032144546509,0.23269803822040558,0.8240007758140564,1.0,-0.1625518500804901,-4.768214225769043,4.94329833984375,0.003985303454101086,4.798764228820801,0.05700923129916191,68.64566802978516,0.01699218899011612,0.7322171926498413,5660.0,0.00032350613,,,,,,,,,,,,,,,,,,,,,,,,,,,,,,,,,,,,,,,,,,,,,
29030400,-2.274306058883667,54.164642333984375,0.6806629834254143,0.2595994472503662,0.9135384082794189,6.683588027954101e-05,1.392364501953125e-05,0.0038773107528686525,0.009569687843322754,0.02081923484802246,0.02582944393157959,0.0062981462478637696,1.193998098373413,52.484375,-2.6242185,54.445312,-2.2763104,0.69921875,0.9992228951134415,0.9999773162531642,4201.953082229423,5668.0,0.00016875267028808593,-0.2594306945800781,1.202930212020874,1.0,1.0,0.3953101336956024,-0.06908804178237915,-0.9806419610977173,0.02446591854095459,0.8147022724151611,1.0,-0.16046614944934845,-5.0896148681640625,5.25923490524292,0.005198502913117409,6.259594917297363,0.057026419788599014,68.66636657714844,0.011523437686264515,0.8264904022216797,5670.0,0.00032337097,,,,,,,,,,,,,,,,,,,,,,,,,,,,,,,,,,,,,,,,,,,,,
29081600,-2.5928759574890137,60.10421371459961,0.6510538641686182,0.2741973638534546,0.9085292100906373,6.814956665039062e-05,1.3256072998046875e-05,0.0038868522644042967,0.009863686561584473,0.02222123146057129,0.025560745000839234,0.006006917953491211,1.2049852371215821,51.98047,-2.599023,54.33203,-2.26141,0.69921875,0.9991170529881311,0.9999799369791628,4201.998633733259,5678.0,0.0002032756805419922,-0.2739940881729126,1.2048063278198242,1.0,1.0,0.8114545345306396,-0.007444126531481743,-1.0630567073822021,0.1884748637676239,0.7254227995872498,1.0,-0.15942373871803284,-4.330437660217285,4.491600036621094,0.002955301199108362,3.5585227012634277,0.05704374611377716,68.68722534179688,0.011132813058793545,0.6355422735214233,5680.0,0.0003232358,,,,,,,,,,,,,,,,,,,,,,,,,,,,,,,,,,,,,,,,,,,,,
29132800,-2.6190710067749023,60.579071044921875,0.6511627906976745,0.24472334384918212,0.9304624080657959,7.258296012878418e-05,1.3422966003417968e-05,0.004253131151199341,0.010029289722442627,0.02360982894897461,0.025625466108322142,0.006504908800125122,1.1988333702087401,48.472656,-2.4236321,60.45703,-2.5882716,0.67578125,0.9991887547364706,0.999979674924481,4202.079560888602,5688.0,0.00016057491302490234,-0.24456276893615722,1.2002217769622803,1.0,1.0,0.5857858061790466,-0.05602455511689186,-1.112860918045044,0.08247578144073486,0.6750820875167847,1.0,-0.1561446189880371,-3.508288860321045,3.6688826084136963,0.001974046928808093,2.376979351043701,0.05705039203166962,68.69523620605469,0.009765625,0.6615228652954102,5690.0,0.00032310063,,,,,,,,,,,,,,,,,,,,,,,,,,,,,,,,,,,,,,,,,,,,,
29184000,-2.569181203842163,59.82963943481445,0.661610268378063,0.2822934627532959,0.8793736219406127,6.269574165344238e-05,1.2540817260742188e-05,0.0035905730724334717,0.009443823099136352,0.030477476119995118,0.024991528987884523,0.005845352411270142,1.192181372642517,48.183594,-2.4091792,64.33203,-2.8199606,0.62109375,0.9992106248405287,0.999979641511007,4202.204429139019,5698.0,0.00012745857238769532,-0.2821660041809082,1.1998085975646973,1.0,1.0,0.43920862674713135,0.007426672615110874,-0.9637150764465332,0.11280389875173569,0.8877933025360107,1.0,-0.1573113203048706,-5.088461875915527,5.246386528015137,0.003092537634074688,3.7237706184387207,0.05709458887577057,68.74844360351562,0.011523437686264515,0.7590742707252502,5700.0,0.00032296544,,,,,,,,,,,,,,,,,,,,,,,,,,,,,,,,,,,,,,,,,,,,,
29235200,-2.41755747795105,56.50444412231445,0.6677777777777778,0.22272653579711915,0.9599385976791381,7.576704025268555e-05,1.3232231140136719e-05,0.00442163348197937,0.011058824062347412,0.01982254981994629,0.025540357828140257,0.006860923767089844,1.2025245428085327,49.535156,-2.4767575,56.089844,-2.3812597,0.6640625,0.999178620294201,0.9999803519343283,4202.268512572134,5708.0,0.0001119375228881836,-0.22261459827423097,1.2012782096862793,1.0,1.0,0.7371812462806702,-0.03956867754459381,-1.0343493223190308,0.1385839581489563,0.7859712243080139,1.0,-0.1586444228887558,-4.447026252746582,4.608160018920898,0.0031258026137948036,3.7638256549835205,0.05716662108898163,68.83518981933594,0.01152343675494194,0.722563624382019,5710.0,0.00032283028,,,,,,,,,,,,,,,,,,,,,,,,,,,,,,,,,,,,,,,,,,,,,
29286400,-2.5302388668060303,58.726341247558594,0.6567844925883695,0.29604151248931887,0.8666345119476319,6.0265064239501956e-05,1.1992454528808593e-05,0.0034357178211212158,0.008940398693084717,0.02827606201171875,0.025325382947921752,0.0055366003513336185,1.1909868240356445,48.351562,-2.4175777,62.539062,-2.7636085,0.60546875,0.9992301086739366,0.9999809022803718,4202.395897373322,5718.0,0.00022695064544677734,-0.2958145618438721,1.1949799060821533,1.0,0.0,0.30539071559906006,-0.12764836847782135,-0.9766730070114136,-0.05546244978904724,0.9151179790496826,1.0,-0.15531490743160248,-2.4557087421417236,2.6254119873046875,0.002346961759030819,2.826011896133423,0.05721727013587952,68.89617156982422,0.010546875186264515,0.8027534484863281,5720.0,0.00032269512,,,,,,,,,,,,,,,,,,,,,,,,,,,,,,,,,,,,,,,,,,,,,
29337600,-2.4977550506591797,58.37684631347656,0.6685584562996595,0.2730045557022095,0.9066064119338989,7.185816764831543e-05,1.2969970703125e-05,0.004074568748474121,0.009416652917861939,0.01946868896484375,0.025297605991363527,0.006428992748260498,1.199122142791748,47.453125,-2.3726559,57.972656,-2.4739447,0.65625,0.9991034252008023,0.9999753851429813,4202.484603634346,5728.0,0.00023622512817382811,-0.27276833057403566,1.1979570388793945,1.0,1.0,0.4524305462837219,-0.013502503745257854,-0.9366965293884277,0.09603788703680038,0.9213619232177734,1.0,-0.15694373846054077,-3.941446542739868,4.105066299438477,0.002276215236634016,2.7408249378204346,0.05731401592493057,69.01266479492188,0.013085938058793545,0.7746453285217285,5730.0,0.00032255994,,,,,,,,,,,,,,,,,,,,,,,,,,,,,,,,,,,,,,,,,,,,,
29388800,-2.550485134124756,59.28725814819336,0.6598557692307693,0.28966803550720216,0.8882392406463623,6.472587585449219e-05,1.3279914855957032e-05,0.0036347639560699464,0.009835978746414184,0.02041332721710205,0.02487767696380615,0.005960158109664917,1.198362135887146,54.76953,-2.7384765,59.757812,-2.5568566,0.66796875,0.9991295502666536,0.9999764239867254,4202.576574247032,5738.0,0.0004281520843505859,-0.28923988342285156,1.2014927864074707,1.0,1.0,0.16587933897972107,-0.039553284645080566,-0.8950985074043274,7.910793647170067e-05,1.0914628505706787,1.0,-0.15514034032821655,-1.841902256011963,2.023970365524292,0.0013029747642576694,1.5689313411712646,0.05733765661716461,69.0411376953125,0.013476562686264515,0.8551362752914429,5740.0,0.00032242475,,,,,,,,,,,,,,,,,,,,,,,,,,,,,,,,,,,,,,,,,,,,,
29440000,-2.629094123840332,60.61716842651367,0.6496519721577726,0.33399243354797364,0.8360320091247558,5.7820081710815426e-05,1.2159347534179688e-05,0.00319474458694458,0.008386836051940919,0.021358275413513185,0.025039182901382448,0.0050893092155456544,1.1914190769195556,50.660156,-2.5330074,56.609375,-2.4061642,0.6953125,0.9991936285131315,0.9999796885191385,4202.706282376552,5748.0,0.00031151771545410154,-0.3336809158325195,1.1995372772216797,1.0,1.0,0.451386034488678,-0.02094423770904541,-0.9409422874450684,0.08845898509025574,0.9220094084739685,1.0,-0.15617644786834717,-4.852083206176758,5.008611679077148,0.002828235737979412,3.4055211544036865,0.05742284283041954,69.14370727539062,0.009374999441206455,0.7556707262992859,5750.0,0.0003222896,,,,,,,,,,,,,,,,,,,,,,,,,,,,,,,,,,,,,,,,,,,,,
29491200,-2.567517042160034,59.553192138671875,0.6524822695035462,0.33233957290649413,0.8497304439544677,5.997419357299805e-05,1.080036163330078e-05,0.0034512221813201905,0.008580647706985474,0.016147732734680176,0.025113166570663453,0.005247533321380615,1.1982560873031616,53.85547,-2.692773,62.273438,-2.720762,0.640625,0.9992002587634137,0.9999770188141099,4202.788459863963,5758.0,0.0003120660781860352,-0.3320275068283081,1.1984198093414307,1.0,0.0,0.26998791098594666,-0.03368959575891495,-1.0314632654190063,0.027567945420742035,0.7720450162887573,1.0,-0.15403513610363007,-4.415158271789551,4.569706916809082,0.002563783200457692,3.0870895385742188,0.057446449995040894,69.17213439941406,0.00644531287252903,0.7847081422805786,5760.0,0.00032215443,,,,,,,,,,,,,,,,,,,,,,,,,,,,,,,,,,,,,,,,,,,,,
29542400,-2.3721911907196045,56.2760124206543,0.6944140197152245,0.2908143997192383,0.8984592676162719,6.545186042785644e-05,1.2230873107910156e-05,0.003829653263092041,0.009708012342453004,0.02342860698699951,0.02532305717468262,0.00596138596534729,1.212739109992981,53.152344,-2.657617,55.96875,-2.343676,0.72265625,0.99921192254147,0.9999797113846164,4202.818494375175,5768.0,0.00011830329895019531,-0.2906960964202881,1.2032363414764404,1.0,1.0,0.33848702907562256,-0.05925571173429489,-1.0210273265838623,0.019936630502343178,0.8371347188949585,1.0,-0.1507701724767685,-3.3306610584259033,3.48529052734375,0.0033320169895887375,4.012131690979004,0.057421498000621796,69.14208984375,0.01171875,0.7377936840057373,5770.0,0.00032201924,,,,,,,,,,,,,,,,,,,,,,,,,,,,,,,,,,,,,,,,,,,,,
29593600,-2.4098360538482666,56.69825744628906,0.6623093681917211,0.24687907695770264,0.9173306703567505,7.227301597595215e-05,1.3852119445800782e-05,0.004227529764175415,0.00958127498626709,0.023252367973327637,0.025465559959411622,0.006481479406356811,1.1875032901763916,49.835938,-2.4917965,58.42578,-2.5135655,0.65234375,0.9991624310209601,0.9999769914160314,4202.959771082422,5778.0,0.00021109580993652343,-0.2466679811477661,1.1995007991790771,1.0,1.0,0.6931077837944031,-0.023545747622847557,-1.0141136646270752,0.14440175890922546,0.8396952748298645,1.0,-0.15232893824577332,-4.776281833648682,4.9341559410095215,0.006850202567875385,8.248432159423828,0.057522885501384735,69.26416015625,0.01191406324505806,0.7309187650680542,5780.0,0.0003218841,,,,,,,,,,,,,,,,,,,,,,,,,,,,,,,,,,,,,,,,,,,,,
29644800,-2.3744945526123047,56.034366607666016,0.664079822616408,0.34613635540008547,0.8209517002105713,5.279541015625e-05,1.2135505676269531e-05,0.0030503261089324953,0.008621525764465333,0.023238182067871094,0.02484865188598633,0.004444828033447265,1.190362024307251,52.402344,-2.6201167,57.75,-2.4846005,0.6328125,0.999282349801253,0.9999801311512263,4203.097554881826,5788.0,0.00012555122375488282,-0.34601080417633057,1.1972026824951172,1.0,1.0,0.8211371898651123,-0.07823587954044342,-0.9993302226066589,0.12203730642795563,0.8701468706130981,1.0,-0.15295857191085815,-6.016629219055176,6.170311450958252,0.008674666285514832,10.445296287536621,0.05754803866147995,69.2944564819336,0.006054687779396772,0.6425710320472717,5790.0,0.0003217489,,,,,,,,,,,,,,,,,,,,,,,,,,,,,,,,,,,,,,,,,,,,,
29696000,-2.5981078147888184,59.852569580078125,0.6331428571428571,0.33029885292053224,0.8446056127548218,5.950212478637695e-05,1.125335693359375e-05,0.0035121548175811768,0.008861594200134278,0.022157692909240724,0.024917800426483155,0.004847264289855957,1.1970927238464355,47.828125,-2.391406,55.402344,-2.3370123,0.68359375,0.9992430839099947,0.9999838676616084,4203.200004161447,5798.0,0.00015709400177001953,-0.33014175891876224,1.2418217658996582,1.0,0.0,0.6385049819946289,-0.023888006806373596,-1.0180974006652832,0.1301162987947464,0.8096189498901367,1.0,-0.15378238260746002,-3.5333452224731445,3.699521780014038,0.0051447367295622826,6.194854259490967,0.05760561674833298,69.36378479003906,0.01718749850988388,0.7141890525817871,5800.0,0.00032161374,,,,,,,,,,,,,,,,,,,,,,,,,,,,,,,,,,,,,,,,,,,,,
29747200,-2.5165281295776367,58.29732894897461,0.6434378629500581,0.3037379741668701,0.877458119392395,6.386876106262207e-05,1.3208389282226562e-05,0.003660176992416382,0.009231054782867431,0.02022128105163574,0.0253824782371521,0.0055004703998565675,1.2014564752578736,51.757812,-2.5878901,60.203125,-2.6263993,0.6171875,0.9992055051860758,0.9999784492753391,4203.296325764423,5808.0,0.0002536296844482422,-0.30348434448242184,1.2018022537231445,1.0,1.0,0.6854426264762878,-0.024111837148666382,-1.0668621063232422,0.14042595028877258,0.7435546517372131,1.0,-0.15255527198314667,-4.253108978271484,4.413965225219727,0.005280608776956797,6.358460426330566,0.05765900760889053,69.42807006835938,0.01035156287252903,0.7085803151130676,5810.0,0.00032147855,,,,,,,,,,,,,,,,,,,,,,,,,,,,,,,,,,,,,,,,,,,,,
29798400,-2.5508265495300293,59.21903610229492,0.6444954128440367,0.3495156288146973,0.8416399002075196,5.8579444885253904e-05,1.1873245239257812e-05,0.003305056095123291,0.008318885564804077,0.015422916412353516,0.02544002890586853,0.004928076267242431,1.206613302230835,50.04297,-2.5021482,60.253906,-2.5974827,0.6640625,0.999254580671742,0.9999809520158754,4203.311856111088,5818.0,0.0001787900924682617,-0.34933683872222904,1.1984851360321045,1.0,1.0,0.5752046704292297,0.005352971144020557,-0.9879434704780579,0.14437934756278992,0.8571891784667969,1.0,-0.1530025750398636,-4.228961944580078,4.392490863800049,0.00399404764175415,4.809292793273926,0.05767623707652092,69.44882202148438,0.01406249962747097,0.751084566116333,5820.0,0.0003213434,,,,,,,,,,,,,,,,,,,,,,,,,,,,,,,,,,,,,,,,,,,,,
29849600,-2.449077606201172,57.39748001098633,0.6689576174112256,0.3677778959274292,0.7970912218093872,4.8617124557495115e-05,1.0347366333007812e-05,0.0026253604888916014,0.008114466667175293,0.020871686935424804,0.025010957717895507,0.004027190208435058,1.185772466659546,54.308594,-2.7154293,63.214844,-2.7895536,0.60546875,0.9992982262820329,0.9999820246956553,4203.472104774465,5828.0,0.00016832351684570312,-0.3676095724105835,1.1996276378631592,1.0,1.0,0.4158199727535248,0.00474017858505249,-1.0468987226486206,0.10235357284545898,0.782734751701355,1.0,-0.15490096807479858,-3.8671445846557617,4.024276256561279,0.00296074990183115,3.5650832653045654,0.05770919844508171,69.48851013183594,0.00937500037252903,0.7783571481704712,5830.0,0.0003212082,,,,,,,,,,,,,,,,,,,,,,,,,,,,,,,,,,,,,,,,,,,,,
29900800,-2.423461675643921,56.946624755859375,0.6688453159041394,0.26585433483123777,0.9167950868606567,7.062435150146485e-05,1.4209747314453125e-05,0.004067496061325073,0.010038249492645264,0.02215530872344971,0.025277820825576783,0.006346921920776367,1.2048434734344482,50.101562,-2.5050778,52.089844,-2.151913,0.71484375,0.9991570266516108,0.9999796377933479,4203.526940989642,5838.0,0.00022881031036376954,-0.265625524520874,1.2356257438659668,1.0,0.0,0.7984154224395752,0.027368370443582535,-1.040627121925354,0.22080044448375702,0.7783268690109253,1.0,-0.15200623869895935,-4.939847946166992,5.096862316131592,0.007371186278760433,8.87575626373291,0.0577358677983284,69.52062225341797,0.011523437686264515,0.7181689739227295,5840.0,0.00032107305,,,,,,,,,,,,,,,,,,,,,,,,,,,,,,,,,,,,,,,,,,,,,
29952000,-2.492769479751587,58.359954833984375,0.6724537037037037,0.3175655841827393,0.8696754455566407,6.261110305786133e-05,1.0991096496582032e-05,0.0034712886810302733,0.009402743577957152,0.015512657165527344,0.025039191246032714,0.005471916198730469,1.2027904033660888,53.13672,-2.6568356,60.414062,-2.5910249,0.66015625,0.9991716111750055,0.9999786119305466,4203.611165349995,5848.0,0.0003481388092041016,-0.3172174453735352,1.196974515914917,1.0,1.0,0.657882571220398,-0.056534718722105026,-1.049093246459961,0.1018785685300827,0.7948140501976013,1.0,-0.15783952176570892,-5.304640293121338,5.463569164276123,0.0020473329350352287,2.465224266052246,0.05775554105639458,69.5443115234375,0.008007812313735485,0.7047033905982971,5850.0,0.00032093786,,,,,,,,,,,,,,,,,,,,,,,,,,,,,,,,,,,,,,,,,,,,,
30003200,-2.5618367195129395,59.494380950927734,0.6584269662921348,0.31096069812774657,0.8595154762268067,6.154894828796386e-05,1.1372566223144532e-05,0.0033814704418182375,0.00882351040840149,0.017482829093933106,0.02512933611869812,0.005544582605361939,1.187993049621582,46.30078,-2.3150387,60.38672,-2.6118555,0.64453125,0.9991780185523207,0.9999809143606692,4203.756052141788,5858.0,0.0002465963363647461,-0.3107141017913818,1.1987676620483398,1.0,1.0,0.6621167659759521,0.03366498649120331,-1.0380182266235352,0.1928749680519104,0.7565006613731384,1.0,-0.1551104187965393,-4.122531890869141,4.283143043518066,0.004607178270816803,5.547572135925293,0.05787698179483414,69.69054412841797,0.0146484375,0.7059351205825806,5860.0,0.0003208027,,,,,,,,,,,,,,,,,,,,,,,,,,,,,,,,,,,,,,,,,,,,,
30044160,,,,,,,,,,,,,,,,,,,,,,,,,,,,,,,,,,,,,,,,,,,,,-4.408271193609136,91.46875,0.25,0.0,0.0,0.0,0.0,0.0,0.0,0.0,0.0,1.0,0.0,0.0,0.0,-4.400458693609136,91.3125,0.25,0.0,0.0,0.0,0.0,0.0,0.0,0.0,0.0,1.0,0.0,0.0,0.0,-4.400458693609136,91.3125,0.25,0.0,0.0,0.0,0.0,0.0,0.0,0.0,0.0,1.0,0.0,0.0,0.0
30054400,-2.52545428276062,58.84918975830078,0.6635730858468677,0.301652717590332,0.7720546960830689,5.3551197052001956e-05,1.1777877807617187e-05,0.003540390729904175,0.007213172912597657,0.02062821388244629,0.022932480573654174,0.004833025932312012,1.094369387626648,48.14453,-2.407226,60.148438,-2.588701,0.671875,0.9992199138536116,0.9999799133699812,4201.886032422955,5868.0,0.023744630813598632,-0.2779080867767334,1.2061970233917236,1.0,1.0,0.5837910175323486,-0.016755569726228714,-1.0182229280471802,0.12372210621833801,0.8099178671836853,1.0,-0.15373755991458893,-3.8541746139526367,4.010745048522949,0.0036297759506851435,4.370667457580566,0.057913392782211304,69.734375,0.01015624962747097,0.7297853231430054,5870.0,0.00032066752,,,,,,,,,,,,,,,,,,,,,,,,,,,,,,,,,,,,,,,,,,,,,
30105600,-2.169320821762085,52.37226104736328,0.7007299270072993,0.29719154834747313,0.8821169137954712,6.276249885559082e-05,1.18255615234375e-05,0.00398680329322815,0.009269907474517822,0.022087645530700684,0.025393898487091063,0.005357803106307984,1.201430344581604,51.953125,-2.597656,55.226562,-2.3370087,0.671875,0.9992139175832425,0.9999813461125427,4201.952061638143,5878.0,0.00031201839447021485,-0.29687952995300293,1.2130837440490723,1.0,1.0,0.5653618574142456,-0.07594031095504761,-1.0480996370315552,0.059180956333875656,0.7841550707817078,1.0,-0.1522119790315628,-3.5723578929901123,3.7385315895080566,0.0059669651091098785,7.184911727905273,0.05791959911584854,69.74185943603516,0.01250000111758709,0.750231146812439,5880.0,0.00032053236,,,,,,,,,,,,,,,,,,,,,,,,,,,,,,,,,,,,,,,,,,,,,
30156800,-2.4511311054229736,57.39560317993164,0.6703296703296703,0.34474668502807615,0.8396042585372925,5.5446624755859376e-05,1.1515617370605468e-05,0.0031436944007873537,0.008197298049926758,0.014359760284423827,0.02585210680961609,0.004699010848999024,1.1987449884414674,47.929688,-2.3964841,51.753906,-2.1567755,0.71484375,0.9992221051180367,0.9999810059899947,4202.033921108023,5888.0,0.00028619766235351565,-0.34446048736572266,1.205554485321045,1.0,1.0,0.5433825254440308,-0.03495917469263077,-1.0190175771713257,0.09533464908599854,0.8124922513961792,1.0,-0.15136349201202393,-3.5878143310546875,3.7565548419952393,0.005252515431493521,6.3246331214904785,0.057920195162296295,69.74256896972656,0.013476562686264515,0.7545943856239319,5890.0,0.0003203972,,,,,,,,,,,,,,,,,,,,,,,,,,,,,,,,,,,,,,,,,,,,,
30208000,-2.54129695892334,59.010562896728516,0.6514084507042254,0.3132718801498413,0.8714882135391235,6.274819374084473e-05,1.3589859008789062e-05,0.0035736942291259765,0.009168201684951782,0.021267342567443847,0.025174678564071656,0.005558737516403198,1.2060656309127809,51.535156,-2.5767574,64.03906,-2.8162346,0.609375,0.9991657835849529,0.999979599122359,4202.077693639157,5898.0,0.00015277862548828124,-0.313119101524353,1.203232765197754,1.0,1.0,0.458281934261322,0.04314934462308884,-0.9894561767578125,0.15303462743759155,0.881928026676178,1.0,-0.15810921788215637,-5.253650665283203,5.411952018737793,0.00450674444437027,5.426638126373291,0.05797240510582924,69.80545043945312,0.00917968712747097,0.7715842127799988,5900.0,0.000320262,,,,,,,,,,,,,,,,,,,,,,,,,,,,,,,,,,,,,,,,,,,,,
30259200,-2.3954966068267822,56.746463775634766,0.6996735582154516,0.3515237092971802,0.8315299034118653,5.925893783569336e-05,1.2421607971191407e-05,0.0031565141677856443,0.008452866077423096,0.0255509614944458,0.024754666090011597,0.005119789838790894,1.2086416721343993,47.82422,-2.3912103,54.710938,-2.2862782,0.70703125,0.9991966600693662,0.9999795834253394,4202.106861056672,5908.0,0.00026123523712158204,-0.3512624740600586,1.2065191268920898,1.0,1.0,0.4644879698753357,-0.0014018509536981583,-1.0311250686645508,0.10909176617860794,0.8082257509231567,1.0,-0.15444278717041016,-3.1770453453063965,3.3571133613586426,0.002935051918029785,3.53413987159729,0.05804172903299332,69.888916015625,0.0146484375,0.7939867973327637,5910.0,0.00032012683,,,,,,,,,,,,,,,,,,,,,,,,,,,,,,,,,,,,,,,,,,,,,
30310400,-2.6414902210235596,60.85416793823242,0.6507352941176471,0.36145777702331544,0.8067617893218995,5.109429359436035e-05,1.1706352233886719e-05,0.0027206575870513915,0.007875051498413086,0.024036002159118653,0.02538602113723755,0.004274983406066895,1.1922919273376464,53.851562,-2.6925778,61.996094,-2.6895916,0.64453125,0.9992493064462772,0.9999793234521565,4202.235040272803,5918.0,0.00022439956665039064,-0.36123337745666506,1.2055981159210205,1.0,0.0,0.36027637124061584,-0.13132940232753754,-1.0315241813659668,-0.04754047095775604,0.7705102562904358,1.0,-0.15218763053417206,-3.0462207794189453,3.212782382965088,0.002545566065236926,3.0651540756225586,0.05805037170648575,69.89932250976562,0.008203125558793545,0.7663455009460449,5920.0,0.00031999167,,,,,,,,,,,,,,,,,,,,,,,,,,,,,,,,,,,,,,,,,,,,,
30361600,-2.5106990337371826,58.713966369628906,0.6703910614525139,0.3592914342880249,0.8305293798446656,5.391359329223633e-05,1.1277198791503906e-05,0.00298029899597168,0.008882157802581787,0.026895952224731446,0.024850525856018067,0.004728280305862427,1.216752290725708,48.58203,-2.429101,58.30078,-2.4668489,0.6875,0.9992464459592524,0.9999800722220296,4202.219850399018,5928.0,0.00034193992614746095,-0.35894949436187745,1.214484453201294,1.0,1.0,0.23701012134552002,0.010935580357909203,-0.8311874270439148,0.07004302740097046,1.1224358081817627,1.0,-0.15601451694965363,-3.2295126914978027,3.386270046234131,0.0015929427463561296,1.918086290359497,0.0580492727458477,69.89800262451172,0.013085938058793545,0.7902211546897888,5930.0,0.0003198565,,,,,,,,,,,,,,,,,,,,,,,,,,,,,,,,,,,,,,,,,,,,,
30412800,-2.305664300918579,55.21766662597656,0.7192429022082019,0.27740767002105715,0.9023855209350586,6.543278694152832e-05,1.0943412780761718e-05,0.003882526159286499,0.010030742883682251,0.018389272689819335,0.02522711157798767,0.005878335237503052,1.1982149124145507,43.45703,-2.172851,54.648438,-2.272347,0.71875,0.9992214546768098,0.9999820521714325,4202.298476980153,5938.0,0.0001352548599243164,-0.2772724151611328,1.2078354358673096,1.0,1.0,0.194665789604187,-0.0802408754825592,-1.001926064491272,-0.03652976080775261,0.8510658144950867,1.0,-0.15276077389717102,-1.622259497642517,1.8043291568756104,0.006218423135578632,7.487696647644043,0.05802095681428909,69.86389923095703,0.01582031324505806,0.7930445075035095,5940.0,0.00031972132,,,,,,,,,,,,,,,,,,,,,,,,,,,,,,,,,,,,,,,,,,,,,
30464000,-2.2586896419525146,54.06950759887695,0.7040358744394619,0.29283163547515867,0.8955207109451294,6.568670272827148e-05,1.1229515075683594e-05,0.0038827884197235106,0.009343206882476807,0.02019667625427246,0.025530624389648437,0.005917987823486328,1.2085814476013184,55.058594,-2.7529292,55.33203,-2.310103,0.69140625,0.9992017754864565,0.999982462570707,4202.329318684663,5948.0,0.0002390146255493164,-0.29259262084960935,1.2112083435058594,1.0,1.0,0.3158630132675171,-0.08623437583446503,-1.0452187061309814,-0.013620752841234207,0.7769907116889954,1.0,-0.1523611843585968,-3.5323376655578613,3.689650058746338,0.004332736600190401,5.217113018035889,0.0580238439142704,69.86738586425781,0.009570312686264515,0.7820090055465698,5950.0,0.00031958614,,,,,,,,,,,,,,,,,,,,,,,,,,,,,,,,,,,,,,,,,,,,,
30515200,-2.474614381790161,57.7260856628418,0.6554347826086957,0.29291818141937254,0.8938420534133911,6.602168083190918e-05,1.2636184692382812e-05,0.0038242971897125243,0.00892937660217285,0.022285032272338866,0.025740084648132325,0.006097670793533325,1.2090835094451904,47.60547,-2.380273,62.421875,-2.7469392,0.61328125,0.9992246559410739,0.99997882184713,4202.3568432828215,5958.0,0.0002577781677246094,-0.29266040325164794,1.2097246646881104,1.0,0.0,0.6090673208236694,-0.03281945735216141,-1.0524522066116333,0.11290152370929718,0.7645488977432251,1.0,-0.1566576063632965,-4.896671295166016,5.057378768920898,0.004203603602945805,5.061622142791748,0.05809411406517029,69.95199584960938,0.01035156287252903,0.7287425398826599,5960.0,0.00031945098,,,,,,,,,,,,,,,,,,,,,,,,,,,,,,,,,,,,,,,,,,,,,
30566400,-2.2674596309661865,54.07543182373047,0.6993534482758621,0.2829766273498535,0.9015894412994385,6.40702247619629e-05,1.1420249938964843e-05,0.003710172176361084,0.010114254951477051,0.022091484069824217,0.0252065908908844,0.005949931144714355,1.2066901683807374,51.58203,-2.579101,55.027344,-2.3201358,0.69140625,0.9992357346882098,0.999982435083804,4202.421782565262,5968.0,0.00013513565063476561,-0.28284149169921874,1.2049899101257324,1.0,1.0,0.35276323556900024,-0.09548090398311615,-0.9255155920982361,-0.009993912652134895,0.963444709777832,1.0,-0.16017845273017883,-2.982553482055664,3.1440975666046143,0.009186431765556335,11.061519622802734,0.05822791904211044,70.11311340332031,0.0087890625,0.7256714105606079,5970.0,0.00031931582,,,,,,,,,,,,,,,,,,,,,,,,,,,,,,,,,,,,,,,,,,,,,
30617600,-2.425708055496216,56.91796112060547,0.6529933481152993,0.2949297189712524,0.9070291996002198,6.658554077148437e-05,1.304149627685547e-05,0.0038168835639953613,0.009810495376586913,0.020866131782531737,0.025454148054122924,0.0061668121814727785,1.2228614330291747,51.035156,-2.5517573,58.554688,-2.510108,0.63671875,0.9991943972018182,0.9999809126543174,4202.361885210849,5978.0,0.00017485618591308593,-0.29475486278533936,1.2095661163330078,1.0,1.0,0.857534646987915,-0.06598253548145294,-1.0107526779174805,0.14310677349567413,0.8273003101348877,1.0,-0.16330499947071075,-4.287450313568115,4.454887390136719,0.016332997009158134,19.666807174682617,0.05828358232975006,70.18013000488281,0.01191406324505806,0.6524964570999146,5980.0,0.00031918063,,,,,,,,,,,,,,,,,,,,,,,,,,,,,,,,,,,,,,,,,,,,,
30668800,-2.468458890914917,57.74434280395508,0.6504524886877828,0.31065165996551514,0.8849726676940918,6.358623504638672e-05,1.1539459228515625e-05,0.003664717674255371,0.008984589576721191,0.01583547592163086,0.025707464218139648,0.005793825387954712,1.2114944458007812,51.63672,-2.5818357,56.246094,-2.3739767,0.67578125,0.9992214382693413,0.9999809303621696,4202.367563934176,5988.0,0.0001693248748779297,-0.3104823350906372,1.2073287963867188,1.0,1.0,0.7892796993255615,0.013170230202376842,-1.019119143486023,0.20473013818264008,0.8119007349014282,1.0,-0.16715380549430847,-4.2994279861450195,4.477138519287109,0.005695223808288574,6.857704162597656,0.058362483978271484,70.27513885498047,0.013476562686264515,0.7608658075332642,5990.0,0.00031904547,,,,,,,,,,,,,,,,,,,,,,,,,,,,,,,,,,,,,,,,,,,,,
30720000,-2.3851895332336426,56.0592041015625,0.6641550053821313,0.25253403186798096,0.9107802867889404,6.825208663940429e-05,1.3136863708496094e-05,0.00396561861038208,0.00929620623588562,0.02607436180114746,0.02585884690284729,0.00631373405456543,1.1894261837005615,48.203125,-2.4101558,52.867188,-2.1989317,0.703125,0.9992016417207409,0.9999795141732054,4202.506174667847,5998.0,0.00017478466033935547,-0.2523592472076416,1.2441720962524414,1.0,0.0,0.6070876717567444,-0.06405376642942429,-0.971409797668457,0.08382859826087952,0.944430947303772,1.0,-0.16593989729881287,-3.7948269844055176,4.00320291519165,0.0026255175471305847,3.1614251136779785,0.058389537036418915,70.30772399902344,0.01425781287252903,0.7883270978927612,6000.0,0.0003189103,,,,,,,,,,,,,,,,,,,,,,,,,,,,,,,,,,,,,,,,,,,,,
30771200,-2.389533758163452,56.55915069580078,0.6886160714285714,0.33610265254974364,0.8454176664352417,5.577683448791504e-05,1.220703125e-05,0.003143203258514404,0.008927924633026123,0.027631711959838868,0.025022900104522704,0.005084984302520752,1.2091891765594482,50.246094,-2.5123043,56.402344,-2.3676589,0.6796875,0.9991461217307563,0.999979375780186,4202.555424870671,6008.0,0.0002259969711303711,-0.3358766555786133,1.207275152206421,1.0,1.0,0.2773815095424652,-0.005354934372007847,-0.9709898233413696,0.06003950908780098,0.8986194133758545,1.0,-0.16488420963287354,-2.9805071353912354,3.1490070819854736,0.0036308802664279938,4.371997356414795,0.058391645550727844,70.31025695800781,0.013671875931322575,0.7705214023590088,6010.0,0.00031877513,,,,,,,,,,,,,,,,,,,,,,,,,,,,,,,,,,,,,,,,,,,,,
30822400,-2.438166618347168,57.3310661315918,0.6802721088435374,0.3237351179122925,0.8587759733200073,5.774855613708496e-05,1.175403594970703e-05,0.003212376832962036,0.00885009765625,0.018274641036987303,0.025354090929031372,0.0054329800605773925,1.20081946849823,52.722656,-2.6361322,55.76953,-2.3346288,0.70703125,0.9992662898818493,0.9999816940068263,4202.608894791614,6018.0,0.00010657310485839844,-0.3236285448074341,1.2124786376953125,1.0,1.0,0.47897958755493164,-0.05374670773744583,-0.9905387759208679,0.060786955058574677,0.8267588019371033,1.0,-0.16826596856117249,-4.239844799041748,4.409889221191406,0.0036075273528695107,4.343877792358398,0.05847199261188507,70.40699768066406,0.011132813058793545,0.7375918626785278,6020.0,0.00031863994,,,,,,,,,,,,,,,,,,,,,,,,,,,,,,,,,,,,,,,,,,,,,
30873600,-2.2422542572021484,53.703704833984375,0.6888888888888889,0.30472521781921386,0.8878609418869019,6.46209716796875e-05,1.239776611328125e-05,0.0037195706367492676,0.009299049377441406,0.019367909431457518,0.02535147428512573,0.005923421382904053,1.2119898557662965,54.48047,-2.7240233,59.0,-2.5128412,0.66796875,0.9992136056718351,0.9999807020970526,4202.599647016069,6028.0,0.00016715526580810547,-0.30455806255340573,1.2047276496887207,1.0,1.0,0.6570137739181519,0.004443164449185133,-1.0303068161010742,0.16301760077476501,0.8281594514846802,1.0,-0.17002436518669128,-5.074812889099121,5.267939567565918,0.003559152130037546,4.285628318786621,0.05862763524055481,70.59442138671875,0.01035156287252903,0.8239150047302246,6030.0,0.00031850478,,,,,,,,,,,,,,,,,,,,,,,,,,,,,,,,,,,,,,,,,,,,,
30924800,-2.369391441345215,55.85005187988281,0.6821541710665259,0.29271252155303956,0.893993878364563,6.362557411193848e-05,1.2230873107910156e-05,0.0035843777656555174,0.00965900182723999,0.025434327125549317,0.025516715049743652,0.005842052698135376,1.212175154685974,47.878906,-2.393945,58.597656,-2.5046377,0.6796875,0.9992411356685411,0.9999816884798962,4202.605929415239,6038.0,0.0001018524169921875,-0.2926106691360474,1.2483470439910889,1.0,0.0,0.701174259185791,0.020014498382806778,-0.9929028153419495,0.19023063778877258,0.8489697575569153,1.0,-0.16983753442764282,-3.57619047164917,3.749990224838257,0.003931552171707153,4.734041213989258,0.05863288789987564,70.60073852539062,0.01679687574505806,0.6984002590179443,6040.0,0.0003183696,,,,,,,,,,,,,,,,,,,,,,,,,,,,,,,,,,,,,,,,,,,,,
30976000,-2.3551383018493652,55.61732482910156,0.6842105263157895,0.27112469673156736,0.9076483964920044,6.829261779785156e-05,1.2111663818359374e-05,0.003989700078964233,0.00934906005859375,0.025324416160583497,0.025671006441116334,0.006268178224563599,1.2041345357894897,49.742188,-2.4871092,55.039062,-2.320374,0.69140625,0.9992027220297134,0.999979309005119,4202.68230890071,6048.0,0.00015799999237060548,-0.27096669673919677,1.2073616981506348,1.0,1.0,0.6939765214920044,0.05863955616950989,-1.0253502130508423,0.2267087996006012,0.8333522081375122,1.0,-0.17303259670734406,-4.683155059814453,4.861762046813965,0.0027814346831291914,3.3491671085357666,0.05876331403851509,70.7577896118164,0.01425781287252903,0.7923936247825623,6050.0,0.00031823444,,,,,,,,,,,,,,,,,,,,,,,,,,,,,,,,,,,,,,,,,,,,,
31027200,-2.3572123050689697,55.88163757324219,0.6935840707964602,0.31945109367370605,0.8755568742752076,6.310701370239258e-05,1.2612342834472656e-05,0.003583338260650635,0.00913404107093811,0.022629380226135254,0.025302269458770753,0.00566157341003418,1.2176728248596191,52.410156,-2.6205075,56.476562,-2.4050384,0.68359375,0.9992344415160455,0.9999812229186125,4202.66033541597,6058.0,0.00011749267578125,-0.3193336009979248,1.2129619121551514,1.0,1.0,0.48965978622436523,0.04940187931060791,-0.9730826020240784,0.16718019545078278,0.8775575757026672,1.0,-0.16388487815856934,-3.950324535369873,4.120100975036621,0.013027717359364033,15.686868667602539,0.05871693417429924,70.70193481445312,0.01328125037252903,0.8011497259140015,6060.0,0.00031809925,,,,,,,,,,,,,,,,,,,,,,,,,,,,,,,,,,,,,,,,,,,,,
31078400,-2.4988019466400146,58.40044403076172,0.6763070077864294,0.22661180496215821,0.9425173044204712,7.595181465148926e-05,1.4758110046386718e-05,0.004624930620193482,0.009986072778701782,0.028322172164916993,0.025698692798614503,0.00670074462890625,1.1974916458129883,47.32422,-2.3662105,57.703125,-2.454505,0.67578125,0.9991624009496499,0.9999786168400547,4202.744386464545,6068.0,0.00010356903076171874,-0.2265082359313965,1.206869125366211,1.0,1.0,0.1941755712032318,-0.0014174620155245066,-0.797113835811615,0.04738963395357132,1.137320876121521,1.0,-0.16899803280830383,-3.4876484870910645,3.657437324523926,0.003332332940772176,4.012511730194092,0.05874953046441078,70.74119567871094,0.01289062574505806,0.8425629138946533,6070.0,0.0003179641,,,,,,,,,,,,,,,,,,,,,,,,,,,,,,,,,,,,,,,,,,,,,
31129600,-2.3357479572296143,55.372955322265625,0.697928026172301,0.2930206537246704,0.8892486572265625,6.588101387023926e-05,1.2826919555664062e-05,0.003950258493423462,0.008989859819412232,0.02811431884765625,0.025484933853149414,0.005936203002929688,1.2104212284088134,48.976562,-2.448828,55.316406,-2.337422,0.69140625,0.9992061460367413,0.9999795346530718,4202.750655584814,6078.0,0.0001363515853881836,-0.29288430213928224,1.2054104804992676,1.0,1.0,0.3392367959022522,-0.07467184960842133,-1.0126272439956665,0.004737646784633398,0.835101842880249,1.0,-0.16703280806541443,-3.310697078704834,3.4997944831848145,0.003532402217388153,4.253418445587158,0.05878499522805214,70.78389739990234,0.01425781287252903,0.851537823677063,6080.0,0.0003178289,,,,,,,,,,,,,,,,,,,,,,,,,,,,,,,,,,,,,,,,,,,,,
31180800,-2.2878823280334473,54.2352294921875,0.682062298603652,0.2851717472076416,0.896120262145996,6.516933441162109e-05,1.2159347534179688e-05,0.003782826662063599,0.009436103105545044,0.0184098482131958,0.025503014326095582,0.005984184741973877,1.199738121032715,51.73828,-2.5869136,57.554688,-2.4767644,0.640625,0.9992252170009648,0.9999799088501694,4202.832189294372,6088.0,0.00017004013061523439,-0.2850017070770264,1.2071127891540527,1.0,1.0,0.6532057523727417,0.02723333239555359,-0.9556069374084473,0.18684610724449158,0.9419870376586914,1.0,-0.17184405028820038,-5.545115947723389,5.718120574951172,0.011238493025302887,13.532438278198242,0.05887264758348465,70.88943481445312,0.01191406324505806,0.7873518466949463,6090.0,0.00031769375,,,,,,,,,,,,,,,,,,,,,,,,,,,,,,,,,,,,,,,,,,,,,
31232000,-2.218151569366455,52.99182891845703,0.6976506639427987,0.2783053398132324,0.9075399398803711,6.571054458618164e-05,1.3136863708496094e-05,0.0037439680099487305,0.009824801683425904,0.021025896072387695,0.025695691108703612,0.006012101173400879,1.2069081783294677,49.085938,-2.4542966,55.441406,-2.35401,0.6953125,0.9992347560161854,0.999980225753544,4202.865982038648,6098.0,0.00013549327850341796,-0.278169846534729,1.211169958114624,1.0,1.0,0.3053719997406006,-0.009340036660432816,-0.8305367231369019,0.06718849390745163,1.1692731380462646,1.0,-0.16886582970619202,-4.260679244995117,4.443361282348633,0.002842057030647993,3.422163486480713,0.058880120515823364,70.8984375,0.01113281212747097,0.8814665675163269,6100.0,0.0003175586,,,,,,,,,,,,,,,,,,,,,,,,,,,,,,,,,,,,,,,,,,,,,
31283200,-2.3758795261383057,56.10869598388672,0.6815217391304348,0.2829317092895508,0.9068286418914795,6.578564643859864e-05,1.1467933654785157e-05,0.0037617754936218263,0.010064623355865478,0.01941261291503906,0.025407320261001586,0.006007131338119507,1.2092052936553954,47.445312,-2.3722653,58.972656,-2.5533385,0.65234375,0.999232578286138,0.9999827476560177,4202.888527988029,6108.0,0.0001399517059326172,-0.2827917575836182,1.2073602676391602,1.0,1.0,0.36805471777915955,-0.06860433518886566,-1.059194803237915,0.01664550229907036,0.7454229593276978,1.0,-0.1677977740764618,-2.9994921684265137,3.212153911590576,0.00293370196595788,3.5325143337249756,0.05889732390642166,70.91914367675781,0.015039063058793545,0.8331907987594604,6110.0,0.0003174234,,,,,,,,,,,,,,,,,,,,,,,,,,,,,,,,,,,,,,,,,,,,,
31334400,-2.2287254333496094,53.501564025878906,0.6955161626694474,0.30660429000854494,0.8891632080078125,6.450176239013672e-05,1.175403594970703e-05,0.003808279037475586,0.009040892124176025,0.01912994384765625,0.025763686895370484,0.005746229887008667,1.2149346828460694,47.023438,-2.3511715,53.85547,-2.2415,0.69140625,0.9992223993602438,0.9999790219618669,4202.881968435845,6118.0,0.0001343965530395508,-0.3064698934555054,1.2147696018218994,1.0,1.0,0.5837427377700806,0.058218903839588165,-0.9633808135986328,0.20115940272808075,0.9957647323608398,1.0,-0.16942083835601807,-3.9454808235168457,4.146678924560547,0.0054927607998251915,6.61391544342041,0.05901481956243515,71.06062316894531,0.013671875,0.8491584062576294,6120.0,0.0003172882,,,,,,,,,,,,,,,,,,,,,,,,,,,,,,,,,,,,,,,,,,,,,
31385600,-2.1705210208892822,52.63692855834961,0.725103734439834,0.29200503826141355,0.8933992147445678,6.429910659790039e-05,1.2159347534179688e-05,0.003702751398086548,0.009709161520004273,0.02384786605834961,0.025339921712875368,0.005819699764251709,1.2092875957489013,48.8125,-2.4406245,53.351562,-2.2172723,0.7109375,0.9992360137584774,0.9999807181210507,4202.897311500614,6128.0,0.0001430511474609375,-0.2918619871139526,1.212773323059082,1.0,1.0,0.7140687704086304,0.03288678079843521,-0.9828833341598511,0.20613525807857513,0.8301386833190918,1.0,-0.16700387001037598,-4.789327144622803,4.957990646362305,0.008146122097969055,9.808866500854492,0.05898096039891243,71.01985168457031,0.01171875,0.6996768116950989,6130.0,0.00031715306,,,,,,,,,,,,,,,,,,,,,,,,,,,,,,,,,,,,,,,,,,,,,
31436800,-2.277886152267456,54.279998779296875,0.6908108108108109,0.2558205842971802,0.9056202888488769,6.797313690185547e-05,1.1563301086425781e-05,0.003962124586105347,0.00968165397644043,0.02305314540863037,0.025343114137649538,0.006189765930175781,1.1845257043838502,52.683594,-2.6341796,59.76953,-2.5891519,0.6328125,0.9991965136908064,0.9999830121642767,4203.055832152137,6138.0,0.00021686553955078126,-0.2556037187576294,1.2083497047424316,1.0,1.0,0.2627674341201782,-0.04234493523836136,-0.9870766401290894,0.018008148297667503,0.8167642951011658,1.0,-0.16726821660995483,-4.276642322540283,4.445151329040527,0.0012676416663452983,1.5263863801956177,0.05895282328128815,70.98597717285156,0.0087890625,0.8357391357421875,6140.0,0.0003170179,,,,,,,,,,,,,,,,,,,,,,,,,,,,,,,,,,,,,,,,,,,,,
31488000,-2.2150938510894775,53.121978759765625,0.711882229232387,0.2944584608078003,0.8950930833816528,6.654739379882813e-05,1.3279914855957032e-05,0.0038028419017791747,0.00926317811012268,0.024634552001953126,0.02552108883857727,0.00606526255607605,1.214227557182312,55.34375,-2.767187,51.164062,-2.1297781,0.72265625,0.9992015273183962,0.9999767909434413,4203.051112922961,6148.0,0.00030009746551513673,-0.2941583633422852,1.2103216648101807,1.0,1.0,0.4750635325908661,-0.007986456155776978,-1.0221060514450073,0.10494618117809296,0.8080283403396606,1.0,-0.16717979311943054,-4.336521148681641,4.5044708251953125,0.006153274327516556,7.409249782562256,0.05904322862625122,71.09483337402344,0.011523437686264515,0.7828913927078247,6150.0,0.0003168827,,,,,,,,,,,,,,,,,,,,,,,,,,,,,,,,,,,,,,,,,,,,,
31539200,-2.494704484939575,57.88950729370117,0.6395089285714286,0.2818666696548462,0.9067239761352539,6.623625755310059e-05,1.270771026611328e-05,0.0038021731376647948,0.009961962699890137,0.02562582492828369,0.025367631912231445,0.006102920770645142,1.2142525672912599,52.73047,-2.636523,56.421875,-2.3877742,0.6796875,0.9992219456040321,0.9999807380579298,4203.05135382455,6158.0,0.0003128528594970703,-0.28155381679534913,1.2091810703277588,1.0,1.0,0.1628170907497406,-0.06915980577468872,-0.9845845103263855,-0.03310169279575348,0.8769921660423279,1.0,-0.1696731150150299,-2.4181957244873047,2.6176047325134277,0.005951453931629658,7.166234016418457,0.05917835608124733,71.2575454711914,0.00937500037252903,0.9120035171508789,6160.0,0.00031674752,,,,,,,,,,,,,,,,,,,,,,,,,,,,,,,,,,,,,,,,,,,,,
31590400,-2.2941980361938477,54.61122512817383,0.6902286902286903,0.2370396614074707,0.9367413282394409,7.287025451660156e-05,1.2874603271484375e-05,0.0042171871662139895,0.010660145282745361,0.024206137657165526,0.025453861951828003,0.0063952386379241945,1.1980226516723633,47.51172,-2.3755856,49.44922,-2.0220435,0.71484375,0.999193734329735,0.9999810940427687,4203.136277975142,6168.0,0.0001665353775024414,-0.23687312602996827,1.2069051265716553,1.0,0.0,0.1306878626346588,-0.019094720482826233,-0.8698037266731262,0.012255800887942314,1.0650708675384521,1.0,-0.1703532338142395,-2.275217294692993,2.465620517730713,0.0017776374006643891,2.1404800415039062,0.059225890785455704,71.31478118896484,0.012890624813735485,0.9004950523376465,6170.0,0.00031661236,,,,,,,,,,,,,,,,,,,,,,,,,,,,,,,,,,,,,,,,,,,,,
31641600,-2.3020668029785156,54.88440704345703,0.6892039258451472,0.33532669544219973,0.8408715486526489,5.664348602294922e-05,1.1110305786132813e-05,0.0032197380065917968,0.008645601272583008,0.02268638610839844,0.02535641670227051,0.004734567403793335,1.198917770385742,50.914062,-2.545703,53.714844,-2.2404609,0.6796875,0.9992719325223954,0.9999816251979468,4203.19962748325,6178.0,0.00028207302093505857,-0.33504462242126465,1.2066471576690674,1.0,1.0,0.6556764841079712,-0.007796218618750572,-1.0035101175308228,0.15076005458831787,0.8286188244819641,1.0,-0.16941529512405396,-4.199588775634766,4.377767562866211,0.004754180554300547,5.724579811096191,0.05920007824897766,71.28369903564453,0.0146484375,0.811604380607605,6180.0,0.0003164772,,,,,,,,,,,,,,,,,,,,,,,,,,,,,,,,,,,,,,,,,,,,,
31692800,-2.0816993713378906,50.20970916748047,0.7,0.3440617322921753,0.8528584957122802,5.858898162841797e-05,1.1301040649414062e-05,0.0033497393131256105,0.008472143411636353,0.017129969596862794,0.02572345733642578,0.005007127523422241,1.214081335067749,48.898438,-2.4449215,52.152344,-2.1829498,0.6875,0.9992526727578883,0.9999836613699525,4203.199189511953,6188.0,0.00020220279693603516,-0.34385952949523924,1.2118873596191406,1.0,1.0,0.40682345628738403,-0.03749705106019974,-1.0100879669189453,0.05930342897772789,0.8656794428825378,1.0,-0.16809183359146118,-2.9684953689575195,3.1861798763275146,0.003731860313564539,4.493588924407959,0.05925621837377548,71.35130310058594,0.01523437537252903,0.8484107851982117,6190.0,0.00031634202,,,,,,,,,,,,,,,,,,,,,,,,,,,,,,,,,,,,,,,,,,,,,
31744000,-2.289353132247925,54.5193977355957,0.7004310344827587,0.3366882085800171,0.8419751405715943,5.439162254333496e-05,1.1658668518066406e-05,0.0030298280715942384,0.008922649621963501,0.020339560508728028,0.02508009076118469,0.004980332851409912,1.199036192893982,51.265625,-2.563281,59.40625,-2.5531654,0.6640625,0.9992526121409553,0.9999819650438805,4203.273937266531,6198.0,0.0001489400863647461,-0.33653926849365234,1.2064459323883057,1.0,1.0,0.6181985139846802,0.017919857054948807,-0.9837944507598877,0.16813597083091736,0.9053722620010376,1.0,-0.17084018886089325,-6.679466247558594,6.851312637329102,0.0069315023720264435,8.346324920654297,0.059255197644233704,71.35006713867188,0.01132812537252903,0.8267041444778442,6200.0,0.00031620686,,,,,,,,,,,,,,,,,,,,,,,,,,,,,,,,,,,,,,,,,,,,,
31795200,-2.151944160461426,51.91386032104492,0.7217821782178218,0.4038171052932739,0.7845402479171752,4.8488378524780273e-05,9.918212890625e-06,0.0025910687446594237,0.007636117935180664,0.0135284423828125,0.024958723783493043,0.00396518349647522,1.2019173860549928,46.44922,-2.3224607,51.89453,-2.1434171,0.71484375,0.9993007354919404,0.9999819686035898,4203.3340696239175,6208.0,0.00030775070190429686,-0.4035093545913696,1.206434726715088,1.0,0.0,0.25163334608078003,-0.012477201409637928,-0.7285720109939575,0.052472881972789764,1.1571996212005615,1.0,-0.1649494767189026,-2.876896619796753,3.0472373962402344,0.008988472633063793,10.823155403137207,0.059243522584438324,71.33601379394531,0.0146484375,0.8692325949668884,6210.0,0.00031607167,,,,,,,,,,,,,,,,,,,,,,,,,,,,,,,,,,,,,,,,,,,,,
31846400,-2.3844640254974365,56.41779327392578,0.6948198198198198,0.38601949214935305,0.7954182386398315,4.867792129516601e-05,1.1277198791503906e-05,0.00260156512260437,0.00850468635559082,0.026160192489624024,0.024588695764541625,0.004000184535980225,1.2076306343078613,50.75,-2.5375,57.76172,-2.4618833,0.671875,0.9993185413493733,0.9999822513360854,4203.389390354869,6218.0,0.0001495361328125,-0.38586995601654056,1.2094635963439941,1.0,1.0,0.11784794926643372,-0.023451926186680794,-0.9300764203071594,0.0029209996573626995,0.9696477055549622,1.0,-0.16401731967926025,-1.8543943166732788,2.0734105110168457,0.007583172060549259,9.131011009216309,0.05928311496973038,71.38368225097656,0.009570312686264515,0.9152684211730957,6220.0,0.00031593652,,,,,,,,,,,,,,,,,,,,,,,,,,,,,,,,,,,,,,,,,,,,,
31897600,-2.3168671131134033,55.27560806274414,0.7085533262935586,0.30430078506469727,0.8876160383224487,6.324648857116699e-05,1.3875961303710938e-05,0.0035972344875335694,0.009976868629455566,0.02300264835357666,0.024991705417633056,0.005717145204544067,1.214958119392395,46.273438,-2.3136716,55.38672,-2.3406334,0.703125,0.9992203455798206,0.9999796110746755,4203.375214764048,6228.0,0.00011484622955322265,-0.30418593883514405,1.2076737880706787,1.0,1.0,0.2143571972846985,-0.052437249571084976,-0.9108886122703552,-0.0024860058911144733,0.8883074522018433,1.0,-0.16373352706432343,-2.439201593399048,2.6099157333374023,0.001855364185757935,2.234071731567383,0.059222511947155,71.31071472167969,0.014843749813735485,0.8373210430145264,6230.0,0.00031580133,,,,,,,,,,,,,,,,,,,,,,,,,,,,,,,,,,,,,,,,,,,,,
31948800,-2.193185806274414,52.869659423828125,0.7104700854700855,0.3454908847808838,0.8447127342224121,5.757570266723633e-05,1.0991096496582032e-05,0.003407597541809082,0.008433108329772948,0.021947813034057618,0.02548168897628784,0.004824323654174805,1.2121837615966797,52.96875,-2.6484375,56.253906,-2.383083,0.6875,0.9992579132493475,0.9999823966765554,4203.380802117781,6238.0,0.00012621879577636718,-0.34536466598510746,1.2106409072875977,1.0,1.0,0.3326074481010437,-0.038336753845214844,-1.0157856941223145,0.039198145270347595,0.8206639289855957,1.0,-0.16533851623535156,-3.4374489784240723,3.6174445152282715,0.0025250432081520557,3.04044246673584,0.059264589101076126,71.36138153076172,0.011718750931322575,0.8329986929893494,6240.0,0.00031566617,,,,,,,,,,,,,,,,,,,,,,,,,,,,,,,,,,,,,,,,,,,,,
32000000,-2.19559907913208,52.64249801635742,0.6898288016112789,0.3189747095108032,0.8580545425415039,5.7401657104492185e-05,1.1324882507324219e-05,0.0032184934616088868,0.009023877382278443,0.019437575340270997,0.025269132852554322,0.00530124306678772,1.1964996337890625,48.773438,-2.4386714,58.304688,-2.502112,0.66015625,0.9992406378586416,0.9999820463681138,4203.471478628187,6248.0,0.00012259483337402345,-0.3188521146774292,1.2788352966308594,1.0,0.0,0.28641581535339355,0.01352191437035799,-1.0008912086486816,0.07956509292125702,0.8144932985305786,1.0,-0.16619013249874115,-3.1501059532165527,3.3402843475341797,0.006237558554857969,7.510737895965576,0.0592837855219841,71.38449096679688,0.012500000186264515,0.867051362991333,6250.0,0.00031553098,,,,,,,,,,,,,,,,,,,,,,,,,,,,,,,,,,,,,,,,,,,,,
32051200,-1.9613094329833984,48.27009201049805,0.7373831775700934,0.34808661937713625,0.8492795705795289,5.9500932693481445e-05,1.1157989501953124e-05,0.003357853889465332,0.008822852373123169,0.016930127143859865,0.02515002727508545,0.005041599273681641,1.2143304586410522,47.01953,-2.350976,48.171875,-1.9692532,0.734375,0.9992430105223081,0.999981073067169,4203.489437677553,6258.0,0.00025110244750976564,-0.3478355169296265,1.2050316333770752,1.0,1.0,0.7704908847808838,-0.012913176789879799,-1.00852632522583,0.17405027151107788,0.8181742429733276,1.0,-0.16754771769046783,-4.61607551574707,4.785372734069824,0.007737584412097931,9.31694221496582,0.059307701885700226,71.41329956054688,0.01601562649011612,0.7432616949081421,6260.0,0.00031539582,,,,,,,,,,,,,,,,,,,,,,,,,,,,,,,,,,,,,,,,,,,,,
32102400,-2.1381494998931885,51.54610824584961,0.6997950819672131,0.3614469289779663,0.8298929691314697,5.5458545684814456e-05,1.0609626770019531e-05,0.0030885410308837892,0.00838497519493103,0.023797607421875,0.025064985752105712,0.00487039566040039,1.2151690483093263,50.5,-2.5249996,56.023438,-2.386146,0.671875,0.9992699715820114,0.9999827734657377,4203.476296811204,6268.0,0.00021622180938720703,-0.36123070716857913,1.208597183227539,1.0,1.0,0.40042510628700256,0.006135696545243263,-1.0992685556411743,0.09851856529712677,0.6810206174850464,1.0,-0.16771475970745087,-3.2167303562164307,3.40586519241333,0.0044741034507751465,5.387334823608398,0.059329863637685776,71.43997955322266,0.01445312425494194,0.8354278206825256,6270.0,0.00031526064,,,,,,,,,,,,,,,,,,,,,,,,,,,,,,,,,,,,,,,,,,,,,
32153600,-2.159313678741455,52.07069778442383,0.7069672131147541,0.30041069984436036,0.8810419559478759,6.487607955932618e-05,1.3518333435058594e-05,0.0037334609031677247,0.009176957607269286,0.026373791694641113,0.025085806846618652,0.005956555604934692,1.2078649759292603,51.98047,-2.5990233,54.460938,-2.2824774,0.69140625,0.9992181812543294,0.9999792939530112,4203.507096228929,6278.0,0.0002541303634643555,-0.30015656948089603,1.2075793743133545,1.0,1.0,0.2452484667301178,-0.10542240738868713,-0.9142136573791504,-0.04730646684765816,0.9247680902481079,1.0,-0.16772742569446564,-2.297147750854492,2.4981439113616943,0.0027099037542939186,3.263035774230957,0.05934440344572067,71.45748901367188,0.010546875186264515,0.8345673084259033,6280.0,0.00031512548,,,,,,,,,,,,,,,,,,,,,,,,,,,,,,,,,,,,,,,,,,,,,
32204800,-2.251189947128296,53.86850357055664,0.7051961823966065,0.2950706481933594,0.8641954898834229,5.9320926666259766e-05,1.163482666015625e-05,0.0033430027961730956,0.00930910587310791,0.025770092010498048,0.024837384223937987,0.005628859996795655,1.1850712537765502,53.55078,-2.6775389,56.296875,-2.3887138,0.7109375,0.9992570968521355,0.9999802637499345,4203.630217691324,6288.0,0.00035092830657958987,-0.2947197198867798,1.248744249343872,1.0,0.0,0.4730145335197449,-0.04967866092920303,-0.9827829599380493,0.06443822383880615,0.9117802381515503,1.0,-0.1676265001296997,-3.754533290863037,3.9232912063598633,0.012062504887580872,14.524642944335938,0.0594109445810318,71.53761291503906,0.010937499813735485,0.7887870073318481,6290.0,0.0003149903,,,,,,,,,,,,,,,,,,,,,,,,,,,,,,,,,,,,,,,,,,,,,
32256000,-2.1420528888702393,51.91044616699219,0.7104477611940299,0.3423130750656128,0.8478041648864746,5.5298805236816406e-05,1.3208389282226562e-05,0.003072482347488403,0.008635903596878053,0.023364543914794922,0.0255148184299469,0.005080778598785401,1.2135178089141845,49.76172,-2.4880855,50.859375,-2.076412,0.71875,0.9992704337329529,0.9999811979207455,4203.652355287751,6298.0,0.0001477479934692383,-0.3421653270721436,1.2071151733398438,1.0,1.0,0.338422954082489,0.003322671167552471,-0.9366179704666138,0.08530265092849731,1.0129016637802124,1.0,-0.1669657826423645,-3.1713449954986572,3.361921548843384,0.005684043746441603,6.844242095947266,0.05944867432117462,71.58303833007812,0.01425781287252903,0.8594528436660767,6300.0,0.00031485513,,,,,,,,,,,,,,,,,,,,,,,,,,,,,,,,,,,,,,,,,,,,,
32307200,-2.212106704711914,53.51063919067383,0.7276595744680852,0.3633699655532837,0.8314151763916016,5.3319931030273434e-05,1.1420249938964843e-05,0.002931777238845825,0.008754795789718628,0.020439624786376953,0.025114636421203613,0.004685380458831787,1.2152564525604248,53.277344,-2.663867,52.785156,-2.1706805,0.734375,0.9992579163617427,0.9999833240307583,4203.64523559081,6308.0,0.00013170242309570312,-0.36323826313018803,1.203606367111206,1.0,1.0,0.9291559457778931,0.02246847003698349,-1.0090608596801758,0.24935057759284973,0.8247582912445068,1.0,-0.16614148020744324,-4.934342384338379,5.104848861694336,0.015223745256662369,18.331138610839844,0.059452347457408905,71.58747100830078,0.013671875,0.7495610117912292,6310.0,0.00031471997,,,,,,,,,,,,,,,,,,,,,,,,,,,,,,,,,,,,,,,,,,,,,
32358400,-2.048905849456787,50.21921920776367,0.7327327327327328,0.3151134967803955,0.8473308086395264,5.669832229614258e-05,1.1372566223144532e-05,0.0032058465480804444,0.00881521224975586,0.025235581398010253,0.02480378985404968,0.005452512502670288,1.1877140283584595,57.304688,-2.865234,48.23828,-1.9339588,0.7421875,0.9992333347308343,0.9999808295820707,4203.786115039119,6318.0,0.00028219223022460935,-0.3148313045501709,1.199605941772461,1.0,1.0,0.13529671728610992,-0.031737636774778366,-0.8192002773284912,0.0013158151414245367,1.055842399597168,1.0,-0.16595637798309326,-3.0012755393981934,3.1711487770080566,0.002432436216622591,2.9289331436157227,0.05944683030247688,71.58081817626953,0.0074218749068677425,0.8738532066345215,6320.0,0.0003145848,,,,,,,,,,,,,,,,,,,,,,,,,,,,,,,,,,,,,,,,,,,,,
32409600,-2.7178611755371094,62.26837921142578,0.6476079346557759,0.354684853553772,0.8269518136978149,5.2633285522460935e-05,1.1324882507324219e-05,0.003045532703399658,0.00785581350326538,0.016281533241271972,0.025721728801727295,0.004642164707183838,1.1979522466659547,48.851562,-2.4425774,59.496094,-2.552998,0.66796875,0.9992812716944358,0.9999810332251126,4203.871711137624,6328.0,0.00024662017822265627,-0.35443823337554936,1.192894458770752,1.0,1.0,0.15556299686431885,-0.07077999413013458,-1.0170128345489502,-0.03732984513044357,0.8136962652206421,1.0,-0.16635991632938385,-2.2715559005737305,2.450225591659546,0.009370317682623863,11.282939910888672,0.05948776751756668,71.63011169433594,0.010546875186264515,0.8229599595069885,6330.0,0.0003144496,,,,,,,,,,,,,,,,,,,,,,,,,,,,,,,,,,,,,,,,,,,,,
32460800,-2.283720016479492,54.488792419433594,0.7011739594450374,0.29343817234039304,0.8819347381591797,6.668448448181152e-05,1.2111663818359374e-05,0.0037920773029327393,0.008821756839752197,0.02095141410827637,0.025475611686706544,0.0059056556224823,1.196361207962036,49.414062,-2.470703,60.089844,-2.6155312,0.64453125,0.9992074023146804,0.9999792941377539,4203.9511052790795,6338.0,0.0003010988235473633,-0.2931370735168457,1.2013397216796875,1.0,1.0,0.1555909663438797,-0.06107247993350029,-0.9853805899620056,-0.02689564786851406,0.8813896179199219,1.0,-0.1684412658214569,-2.312593936920166,2.4979560375213623,0.0070748659782111645,8.518951416015625,0.0595666840672493,71.72513580322266,0.00839843787252903,0.8926746845245361,6340.0,0.00031431444,,,,,,,,,,,,,,,,,,,,,,,,,,,,,,,,,,,,,,,,,,,,,
32512000,-2.0992486476898193,51.167823791503906,0.733862959285005,0.2872872591018677,0.8830374240875244,6.501078605651856e-05,1.1324882507324219e-05,0.003734583854675293,0.009512122869491577,0.022514891624450684,0.024819778203964235,0.005985113382339477,1.1928737163543701,48.140625,-2.407031,54.26953,-2.2638507,0.71484375,0.999201345109794,0.9999808725284939,4204.053497079624,6348.0,0.00014674663543701172,-0.2871405124664307,1.1958141326904297,1.0,1.0,0.19180189073085785,-0.010724684223532677,-0.8642991781234741,0.035860881209373474,1.0590790510177612,1.0,-0.16505077481269836,-2.25740385055542,2.436328887939453,0.0039891442283988,4.8033881187438965,0.059614188969135284,71.78234100341797,0.01171875,0.8662301301956177,6350.0,0.00031417928,,,,,,,,,,,,,,,,,,,,,,,,,,,,,,,,,,,,,,,,,,,,,
32563200,-2.224756956100464,53.74791717529297,0.725,0.3257890701293945,0.8650317430496216,5.843877792358399e-05,1.2063980102539063e-05,0.003440362215042114,0.009500964879989623,0.02707793712615967,0.02484420657157898,0.005376089811325074,1.2179330110549926,46.585938,-2.3292964,52.472656,-2.1514988,0.734375,0.999271127403705,0.9999817750487812,4204.030050090429,6358.0,0.00013959407806396484,-0.32564947605133054,1.2064108848571777,1.0,1.0,0.3161170184612274,0.04438796266913414,-1.003631591796875,0.11819435656070709,0.8406994938850403,1.0,-0.1645534634590149,-2.1942973136901855,2.382077217102051,0.002142414916306734,2.579714059829712,0.05960752069950104,71.77430725097656,0.01777343824505806,0.7901057004928589,6360.0,0.0003140441,,,,,,,,,,,,,,,,,,,,,,,,,,,,,,,,,,,,,,,,,,,,,
32614400,-2.187553882598877,52.61016845703125,0.7097457627118644,0.25271120071411135,0.9011519908905029,6.664633750915528e-05,1.3399124145507813e-05,0.0038526237010955812,0.009599215984344482,0.024899554252624512,0.02547411322593689,0.006030642986297607,1.1788016319274903,52.585938,-2.629296,52.3125,-2.1748335,0.6796875,0.9992374802544135,0.999978378935509,4204.209453092553,6368.0,0.0001225709915161133,-0.2525886297225952,1.1998693943023682,1.0,1.0,0.20427003502845764,-0.0038471240550279617,-0.8142046928405762,0.04862106591463089,1.212188959121704,1.0,-0.16607938706874847,-2.8609280586242676,3.0524368286132812,0.0014361742651090026,1.7293190956115723,0.059667669236660004,71.84673309326172,0.01132812537252903,0.8750158548355103,6370.0,0.0003139089,,,,,,,,,,,,,,,,,,,,,,,,,,,,,,,,,,,,,,,,,,,,,
32665600,-2.2940170764923096,54.99174499511719,0.7141382868937048,0.3003865718841553,0.8925311803817749,6.457328796386718e-05,1.201629638671875e-05,0.0037060177326202395,0.009836399555206298,0.022061085700988768,0.025211970806121826,0.005773204565048218,1.2150129079818726,44.433594,-2.2216794,59.945312,-2.559804,0.68359375,0.9992293138237796,0.9999818489841367,4204.202142933608,6378.0,0.00012421607971191406,-0.3002623558044434,1.207226037979126,1.0,1.0,0.1449836641550064,0.002808328252285719,-0.8210300207138062,0.03867676109075546,1.0669269561767578,1.0,-0.16812819242477417,-2.045197010040283,2.229973793029785,0.0020338469184935093,2.4489853382110596,0.05967777222394943,71.85890197753906,0.017578125,0.895693302154541,6380.0,0.00031377375,,,,,,,,,,,,,,,,,,,,,,,,,,,,,,,,,,,,,,,,,,,,,
32716800,-1.9990285634994507,49.34479522705078,0.7612966601178782,0.2446847677230835,0.9100617885589599,6.599903106689453e-05,1.304149627685547e-05,0.0038531696796417236,0.010331614017486572,0.02564096450805664,0.02519499897956848,0.006021964550018311,1.180424976348877,48.210938,-2.4105465,49.17578,-1.995919,0.75390625,0.9992232797682457,0.9999793175652929,4204.373041389976,6388.0,0.00011746883392333984,-0.24456729888916018,1.1969385147094727,1.0,1.0,0.1418410986661911,-0.036252692341804504,-0.9691587686538696,-0.005485245957970619,0.8561591506004333,1.0,-0.16333161294460297,-2.9484753608703613,3.1275148391723633,0.0050118472427129745,6.0348405838012695,0.05964943394064903,71.82477569580078,0.010546875186264515,0.9074077010154724,6390.0,0.0003136386,,,,,,,,,,,,,,,,,,,,,,,,,,,,,,,,,,,,,,,,,,,,,
32768000,-2.3204352855682373,55.32234191894531,0.6925531914893617,0.30048696994781493,0.8885738134384156,6.351470947265624e-05,1.277923583984375e-05,0.003825836181640625,0.009604239463806152,0.026557040214538575,0.025115612745285034,0.0057857131958007815,1.2156545162200927,45.07422,-2.2537107,57.359375,-2.4508345,0.68359375,0.9992398070840095,0.9999803287997002,4204.3545974269455,6398.0,0.00015988349914550782,-0.3003270864486694,1.2021102905273438,1.0,1.0,0.4846642017364502,-0.05339552462100983,-1.0147182941436768,0.06208217889070511,0.8023269176483154,1.0,-0.166865736246109,-2.634298801422119,2.8174099922180176,0.0048607587814331055,5.852912425994873,0.05968046933412552,71.86215209960938,0.014062500558793545,0.732647180557251,6400.0,0.0003135034,,,,,,,,,,,,,,,,,,,,,,,,,,,,,,,,,,,,,,,,,,,,,
32819200,-2.0224831104278564,49.70709991455078,0.727810650887574,0.24464714527130127,0.9255327701568603,7.168650627136231e-05,1.2469291687011718e-05,0.0041456460952758786,0.009704456329345704,0.024269413948059083,0.025771369934082033,0.0065463721752166745,1.1944862127304077,48.1875,-2.4093747,50.027344,-2.0221276,0.734375,0.9991981382216196,0.9999795610344935,4204.445546520719,6408.0,0.00020925998687744142,-0.24443788528442384,1.199965476989746,1.0,1.0,0.15467119216918945,0.008110417053103447,-0.9339360594749451,0.04313023388385773,0.8867287635803223,1.0,-0.1690724939107895,-2.3057754039764404,2.4872679710388184,0.0009556108852848411,1.1506654024124146,0.05972658842802048,71.91767883300781,0.01640624925494194,0.8818367719650269,6410.0,0.00031336825,,,,,,,,,,,,,,,,,,,,,,,,,,,,,,,,,,,,,,,,,,,,,
32870400,-2.153287649154663,52.228511810302734,0.7148846960167715,0.22771711349487306,0.9460407495498657,7.791876792907715e-05,1.3756752014160157e-05,0.004564579725265503,0.010149641036987305,0.023005151748657228,0.025607835054397583,0.006861910820007324,1.196802568435669,53.554688,-2.677734,54.335938,-2.268416,0.7109375,0.9991511555305499,0.9999784451580076,4204.520236785283,6418.0,0.0001574993133544922,-0.22755961418151857,1.19920015335083,1.0,0.0,0.21988007426261902,-0.023200873285531998,-0.8571779727935791,0.032187849283218384,1.188202142715454,1.0,-0.1671392023563385,-2.572204828262329,2.741849660873413,0.0024795648641884327,2.9856812953948975,0.05975578725337982,71.95284271240234,0.01191406324505806,0.8410999774932861,6420.0,0.00031323306,,,,,,,,,,,,,,,,,,,,,,,,,,,,,,,,,,,,,,,,,,,,,
32921600,-2.1766140460968018,52.619239807128906,0.7294589178356713,0.26995196342468264,0.8826830148696899,6.204724311828613e-05,1.1944770812988282e-05,0.0035539138317108154,0.009412282705307006,0.023226451873779298,0.025334919691085814,0.0057375490665435794,1.1758973121643066,48.421875,-2.4210935,44.753906,-1.7497799,0.79296875,0.9992423507611295,0.9999796434390196,4204.69820295558,6428.0,0.00015203952789306642,-0.2697999238967896,1.2014477252960205,1.0,1.0,0.1527802050113678,-0.04593764245510101,-0.9438501000404358,-0.011602156795561314,0.9196726679801941,1.0,-0.16282965242862701,-1.5603938102722168,1.809039831161499,0.004452413879334927,5.361218452453613,0.05976554751396179,71.96458435058594,0.013671875,0.8980059027671814,6430.0,0.0003130979,,,,,,,,,,,,,,,,,,,,,,,,,,,,,,,,,,,,,,,,,,,,,
32972800,-2.4636802673339844,58.02741241455078,0.6948748510131109,0.2937278747558594,0.8859094381332397,6.413698196411133e-05,1.3375282287597657e-05,0.003703789710998535,0.00977312445640564,0.021895742416381835,0.024769762754440306,0.005950193405151367,1.2015713214874268,58.246094,-2.9123044,59.76953,-2.5453353,0.671875,0.9992219385815632,0.9999792847089365,4204.7539315042395,6438.0,0.00037376880645751954,-0.29335410594940187,1.1990859508514404,1.0,1.0,0.1480545997619629,-0.020811254158616066,-0.9400816559791565,0.012182680889964104,0.8954896926879883,1.0,-0.16512829065322876,-2.5644218921661377,2.732266664505005,0.0015415896195918322,1.8562510013580322,0.05977407097816467,71.974853515625,0.01054687425494194,0.8441035747528076,6440.0,0.00031296271,,,,,,,,,,,,,,,,,,,,,,,,,,,,,,,,,,,,,,,,,,,,,
33024000,-2.326903820037842,55.379066467285156,0.7042682926829268,0.27304830551147463,0.9045144557952881,6.852149963378906e-05,1.2326240539550782e-05,0.003997964859008789,0.009476622343063354,0.021886992454528808,0.025472615957260133,0.006174712181091308,1.1994856357574464,45.382812,-2.26914,51.210938,-2.0928545,0.734375,0.9992197814091096,0.9999803617859914,4204.828218123924,6448.0,0.00012412071228027344,-0.27292418479919434,1.200289011001587,1.0,1.0,0.10811658948659897,-0.02950621396303177,-0.7542620897293091,-0.0004810318350791931,1.210494041442871,1.0,-0.16446278989315033,-1.37093186378479,1.5859041213989258,0.0012073921971023083,1.4538390636444092,0.05984016880393028,72.054443359375,0.01542968675494194,0.8745214343070984,6450.0,0.00031282756,,,,,,,,,,,,,,,,,,,,,,,,,,,,,,,,,,,,,,,,,,,,,
33075200,-2.124742031097412,51.899898529052734,0.7347781217750258,0.31228981018066404,0.8628704071044921,5.963802337646484e-05,1.0633468627929688e-05,0.0034108352661132812,0.00880804181098938,0.02292146682739258,0.025320636034011842,0.0055118024349212645,1.1981137990951538,48.933594,-2.446679,52.632812,-2.175868,0.72265625,0.9992451523300779,0.9999820705562416,4204.904897288519,6458.0,0.00011339187622070313,-0.3121764183044433,1.2006382942199707,1.0,0.0,0.2801738381385803,0.01624939776957035,-0.9984499216079712,0.08082859218120575,0.8201788663864136,1.0,-0.16571033000946045,-3.359973430633545,3.526968479156494,0.0048079234547913074,5.789292812347412,0.05983152985572815,72.04403686523438,0.015039063058793545,0.8213603496551514,6460.0,0.00031269237,,,,,,,,,,,,,,,,,,,,,,,,,,,,,,,,,,,,,,,,,,,,,
33126400,-2.0252857208251953,50.27183532714844,0.7517173699705594,0.28420200347900393,0.8875036478042603,6.46817684173584e-05,1.208782196044922e-05,0.0037297105789184572,0.00946326732635498,0.022591996192932128,0.02522625207901001,0.0058566415309906006,1.1943329572677612,48.828125,-2.441406,52.546875,-2.153532,0.73828125,0.9992196289760097,0.9999805565362128,4205.026882527623,6468.0,0.00013890266418457032,-0.28406310081481934,1.1993250846862793,1.0,1.0,0.17850105464458466,-0.031485214829444885,-1.0152825117111206,0.007586778607219458,0.8401221036911011,1.0,-0.16491474211215973,-2.037135362625122,2.2122340202331543,0.0024299651850014925,2.925957441329956,0.05983471870422363,72.04788208007812,0.013476562686264515,0.8248096704483032,6470.0,0.0003125572,,,,,,,,,,,,,,,,,,,,,,,,,,,,,,,,,,,,,,,,,,,,,
33177600,-2.2985310554504395,54.84983444213867,0.7007786429365962,0.2985602140426636,0.8787501096725464,6.379365921020508e-05,1.2612342834472656e-05,0.003699321746826172,0.009319300651550294,0.022306323051452637,0.02506303906440735,0.00575798511505127,1.1996535301208495,56.210938,-2.8105464,61.039062,-2.6476364,0.64453125,0.9992246886525061,0.9999797683158153,4205.092106027681,6478.0,0.00027546882629394533,-0.29828474521636966,1.1995718479156494,1.0,1.0,0.08330698311328888,0.0025296814274042845,-0.996833324432373,0.01871711015701294,0.9217742681503296,1.0,-0.16365575790405273,-2.5299925804138184,2.6966731548309326,0.0023673097603023052,2.850513458251953,0.059786491096019745,71.98980712890625,0.005078124813735485,0.8875775337219238,6480.0,0.00031242205,,,,,,,,,,,,,,,,,,,,,,,,,,,,,,,,,,,,,,,,,,,,,
33228800,-2.152289390563965,52.2175178527832,0.7263779527559056,0.26349947452545164,0.9338556051254272,7.290720939636231e-05,1.2874603271484375e-05,0.004227995872497559,0.009995923042297364,0.0207930326461792,0.02573071241378784,0.006627908945083618,1.218184733390808,48.972656,-2.4486322,52.17578,-2.1556425,0.7109375,0.9992004594071349,0.9999805066589429,4205.05992200252,6488.0,0.00010895729064941406,-0.2633905172348022,1.205918550491333,1.0,1.0,0.42365318536758423,-0.11854413896799088,-1.036856770515442,-0.018451979383826256,0.8455191850662231,1.0,-0.16703303158283234,-3.2500877380371094,3.425175189971924,0.004602116532623768,5.541477203369141,0.05991864204406738,72.14894104003906,0.012890624813735485,0.764837384223938,6490.0,0.00031228687,,,,,,,,,,,,,,,,,,,,,,,,,,,,,,,,,,,,,,,,,,,,,
33280000,-2.243675470352173,53.77894592285156,0.6968421052631579,0.25558559894561766,0.9207468032836914,7.062077522277832e-05,1.3017654418945313e-05,0.004102499485015869,0.010381846427917481,0.02000579833984375,0.025050231218338014,0.006395472288131714,1.1963750839233398,49.402344,-2.4701166,57.921875,-2.4810643,0.65234375,0.9992034733234384,0.9999800516576375,4205.138931910002,6498.0,0.0001898050308227539,-0.2553957939147949,1.245887279510498,1.0,0.0,0.20976245403289795,0.004530343692749739,-0.9632589817047119,0.05293787270784378,0.9298394918441772,1.0,-0.16631299257278442,-2.8284597396850586,3.0139360427856445,0.003990332596004009,4.804819107055664,0.05995854735374451,72.19699096679688,0.0146484375,0.8557109832763672,6500.0,0.00031215168,,,,,,,,,,,,,,,,,,,,,,,,,,,,,,,,,,,,,,,,,,,,,
33331200,-2.285532236099243,54.75105667114258,0.7204641350210971,0.26945104598999026,0.9059189796447754,6.602287292480469e-05,1.1277198791503906e-05,0.0038067543506622313,0.010221849679946899,0.017653656005859376,0.025146870613098143,0.006019320487976074,1.1930566310882569,46.652344,-2.3326168,60.898438,-2.6239505,0.69140625,0.9992244123719675,0.9999818346855668,4205.263671828473,6508.0,0.00018246173858642577,-0.2692685842514038,1.1977109909057617,1.0,1.0,0.11667722463607788,-0.04377307742834091,-0.8706551194190979,-0.016617491841316223,1.0207191705703735,1.0,-0.16147539019584656,-0.6692547798156738,0.9639068841934204,0.0031794458627700806,3.828418493270874,0.05990171805024147,72.12855529785156,0.01972656324505806,0.8317995071411133,6510.0,0.00031201652,,,,,,,,,,,,,,,,,,,,,,,,,,,,,,,,,,,,,,,,,,,,,
33382400,-2.0959386825561523,51.31979751586914,0.751269035532995,0.2632702589035034,0.9084995508193969,6.65879249572754e-05,1.0561943054199218e-05,0.0038939392566680908,0.00980765700340271,0.0165386438369751,0.025565226078033448,0.006056389808654785,1.1883412837982177,49.191406,-2.45957,51.648438,-2.0735621,0.76953125,0.9992255919285417,0.9999812610269527,4205.389167574269,6518.0,0.00019707679748535157,-0.26307318210601804,1.2021090984344482,1.0,1.0,0.11832939088344574,-0.026800699532032013,-0.966234564781189,-0.001236441545188427,0.9155922532081604,1.0,-0.16138719022274017,-1.2736891508102417,1.486251711845398,0.0020106611773371696,2.421067476272583,0.05996720492839813,72.20741271972656,0.01621093787252903,0.8761271834373474,6520.0,0.00031188136,,,,,,,,,,,,,,,,,,,,,,,,,,,,,,,,,,,,,,,,,,,,,
33433600,-2.1821529865264893,52.79604721069336,0.7304890738813735,0.25968334674835203,0.9221845865249634,7.091164588928223e-05,1.1968612670898438e-05,0.004133120775222778,0.010226550102233887,0.021769046783447266,0.025081155300140382,0.006558699607849121,1.2036713361740112,51.0,-2.5499997,51.66797,-2.116551,0.75,0.9991586956563892,0.9999814006499076,4205.433651303175,6528.0,0.00013959407806396484,-0.25954375267028806,1.1966283321380615,1.0,1.0,0.10880881547927856,-0.03080235794186592,-0.8652075529098511,-0.004988936707377434,1.0340514183044434,1.0,-0.15936608612537384,-1.182218074798584,1.4116108417510986,0.0010163537226617336,1.2238068580627441,0.05995294451713562,72.19024658203125,0.014648438431322575,0.8576059937477112,6530.0,0.00031174617,,,,,,,,,,,,,,,,,,,,,,,,,,,,,,,,,,,,,,,,,,,,,
33484800,-2.1362574100494385,52.0523681640625,0.7361530715005036,0.28119969367980957,0.9106808662414551,6.79326057434082e-05,1.220703125e-05,0.0038989758491516113,0.009645019769668578,0.020460128784179688,0.02564598560333252,0.00624038577079773,1.2123757123947143,49.09375,-2.454687,51.01953,-2.0850625,0.7265625,0.9992150112140508,0.9999811802085882,4205.433520284075,6538.0,0.00020058155059814452,-0.2809991121292114,1.2474164962768555,1.0,0.0,0.36434119939804077,-0.058629803359508514,-1.00828218460083,0.02699178457260132,0.8226490020751953,1.0,-0.1648978292942047,-3.011308193206787,3.1898281574249268,0.004484877921640873,5.400309085845947,0.06007663905620575,72.33918762207031,0.01386718824505806,0.7841626405715942,6540.0,0.000311611,,,,,,,,,,,,,,,,,,,,,,,,,,,,,,,,,,,,,,,,,,,,,
33536000,-2.0478529930114746,50.30350112915039,0.7422178988326849,0.3398744106292725,0.8394321441650391,5.524396896362305e-05,1.1372566223144532e-05,0.003097801208496094,0.008166165351867675,0.022785496711730958,0.0254796040058136,0.00514013409614563,1.2021262407302857,47.09375,-2.3546872,47.14453,-1.9106114,0.7421875,0.9992218888163303,0.9999810197488026,4205.511897249593,6548.0,0.00012271404266357423,-0.3397516965866089,1.2004477977752686,1.0,1.0,0.22453133761882782,-0.030842088162899017,-0.9238793253898621,0.022289250046014786,0.96766197681427,1.0,-0.1651870310306549,-3.264371871948242,3.434041976928711,0.004034531302750111,4.858039855957031,0.06008382886648178,72.34783935546875,0.0107421875,0.8561137914657593,6550.0,0.00031147583,,,,,,,,,,,,,,,,,,,,,,,,,,,,,,,,,,,,,,,,,,,,,
33587200,-2.037233591079712,50.198001861572266,0.741,0.32471652030944825,0.849227786064148,5.7272911071777343e-05,1.068115234375e-05,0.003175536394119263,0.008920140266418457,0.02326340675354004,0.02482516407966614,0.005450747013092041,1.1972425699234008,51.007812,-2.5503902,49.523438,-2.0130887,0.73828125,0.9992339242927866,0.9999798072299396,4205.584738793738,6558.0,0.0001646280288696289,-0.3245518922805786,1.1947104930877686,1.0,1.0,0.5148183107376099,-0.05856584757566452,-0.9473902583122253,0.06672825664281845,0.9738045930862427,1.0,-0.16831354796886444,-3.5726184844970703,3.7574312686920166,0.008859621360898018,10.66800308227539,0.0601632222533226,72.44344329833984,0.017578125,0.8189250230789185,6560.0,0.00031134067,,,,,,,,,,,,,,,,,,,,,,,,,,,,,,,,,,,,,,,,,,,,,
33638400,-1.9329530000686646,48.04726028442383,0.7476370510396976,0.30378386974334715,0.8508851528167725,5.949020385742188e-05,1.3422966003417968e-05,0.003287588357925415,0.00910391092300415,0.024820733070373534,0.024402923583984375,0.0056555640697479245,1.1795259952545165,52.4375,-2.6218748,44.48828,-1.7147346,0.796875,0.9991824865622769,0.999980656078703,4205.757224237205,6568.0,0.0003280162811279297,-0.3034558534622192,1.2017431259155273,1.0,1.0,0.2629304826259613,-0.027805935591459274,-0.8675395250320435,0.03716186434030533,1.1116175651550293,1.0,-0.17103520035743713,-3.136714458465576,3.3380260467529297,0.003757163416594267,4.524056434631348,0.06018395721912384,72.46839904785156,0.01816406287252903,0.8718430995941162,6570.0,0.00031120548,,,,,,,,,,,,,,,,,,,,,,,,,,,,,,,,,,,,,,,,,,,,,
33689600,-1.9663636684417725,48.90009307861328,0.7437557816836263,0.3083561182022095,0.870614743232727,6.17992877960205e-05,1.33514404296875e-05,0.0034575486183166504,0.009268654584884644,0.02000443935394287,0.024971632957458495,0.005733221769332886,1.199013876914978,45.94922,-2.2974606,51.066406,-2.0923393,0.73046875,0.9991298115695353,0.9999789621403433,4205.825457703986,6578.0,0.0001288890838623047,-0.30822722911834716,1.199979305267334,1.0,1.0,0.16410353779792786,-0.021033909171819687,-0.9482948780059814,0.016400638967752457,0.9312313795089722,1.0,-0.17104652523994446,-2.705442428588867,2.895303249359131,0.001984418136999011,2.389467716217041,0.06017983704805374,72.46343994140625,0.01347656175494194,0.8905469179153442,6580.0,0.00031107033,,,,,,,,,,,,,,,,,,,,,,,,,,,,,,,,,,,,,,,,,,,,,
33740800,-1.9422898292541504,48.60271453857422,0.7625968992248062,0.3332624673843384,0.8447538614273071,5.746960639953613e-05,1.1873245239257812e-05,0.0031231093406677247,0.008732556104660035,0.02004387378692627,0.025269490480422974,0.005019659996032715,1.1980958700180053,50.01953,-2.5009766,44.36328,-1.7111319,0.8125,0.9991617074558843,0.9999801400081665,4205.898852316601,6588.0,0.00024745464324951174,-0.3330150127410889,1.1994807720184326,1.0,1.0,0.353488028049469,-0.07299385219812393,-0.9091150164604187,0.012546010315418243,0.9672151803970337,1.0,-0.17121899127960205,-2.9111928939819336,3.0979504585266113,0.004564855247735977,5.496610641479492,0.06020630896091461,72.49531555175781,0.01816406287252903,0.8226099014282227,6590.0,0.00031093514,,,,,,,,,,,,,,,,,,,,,,,,,,,,,,,,,,,,,,,,,,,,,
33792000,-2.239690065383911,53.64048385620117,0.7109768378650554,0.33512122631073,0.8372790336608886,5.651950836181641e-05,1.0848045349121094e-05,0.0031067192554473876,0.00851557493209839,0.01806633472442627,0.02512663006782532,0.005023075342178345,1.1905014991760254,41.953125,-2.0976558,53.90625,-2.2441926,0.7109375,0.999153625596517,0.999979793024496,4206.007673770537,6598.0,0.0002143383026123047,-0.3349068880081177,1.1977109909057617,1.0,1.0,0.22997164726257324,0.026897255331277847,-0.9479415416717529,0.08059954643249512,0.9317491054534912,1.0,-0.17043447494506836,-2.6837844848632812,2.8565170764923096,0.005918506532907486,7.126562118530273,0.06023870036005974,72.53431701660156,0.01640625111758709,0.8393559455871582,6600.0,0.00031079998,,,,,,,,,,,,,,,,,,,,,,,,,,,,,,,,,,,,,,,,,,,,,
33843200,-1.8599299192428589,46.813270568847656,0.771563981042654,0.33525116443634034,0.8519101619720459,6.0001611709594725e-05,1.2993812561035156e-05,0.003297833204269409,0.008668371438980103,0.024677371978759764,0.025279389619827272,0.00525368332862854,1.2118789434432984,49.03125,-2.4515622,48.92578,-1.986259,0.7265625,0.9991494667676339,0.9999775132295691,4205.997600824148,6608.0,0.0002115011215209961,-0.3350396633148193,1.197732925415039,1.0,1.0,0.14477792382240295,-0.034396179020404816,-0.8827048540115356,0.0002614113036543131,1.053978681564331,1.0,-0.170547753572464,-1.606454849243164,1.7959704399108887,0.0012120825704187155,1.459486722946167,0.06029660627245903,72.60404968261719,0.0107421875,0.8156634569168091,6610.0,0.0003106648,,,,,,,,,,,,,,,,,,,,,,,,,,,,,,,,,,,,,,,,,,,,,
33894400,-1.9790349006652832,49.109004974365234,0.7535545023696683,0.31307990550994874,0.8480892658233643,5.602121353149414e-05,1.1539459228515625e-05,0.0032486200332641603,0.00903204917907715,0.02071681022644043,0.024938777685165406,0.0050939154624938966,1.1819209098815917,46.648438,-2.3324215,46.253906,-1.8044744,0.7890625,0.9991727352520597,0.999980211144067,4206.143858393269,6618.0,0.0002556324005126953,-0.31282427310943606,1.2002038955688477,1.0,1.0,0.6475974917411804,0.013842316344380379,-0.9388867616653442,0.17287948727607727,0.9909673929214478,1.0,-0.17516914010047913,-4.085542678833008,4.283507347106934,0.01017182506620884,12.248046875,0.06033671274781227,72.65234375,0.017578125,0.749347448348999,6620.0,0.00031052963,,,,,,,,,,,,,,,,,,,,,,,,,,,,,,,,,,,,,,,,,,,,,
33945600,-2.1203553676605225,51.603694915771484,0.7248459958932238,0.28278489112854005,0.8869932413101196,6.48045539855957e-05,1.2898445129394532e-05,0.0036323058605194094,0.009114549160003663,0.016491198539733888,0.02578976273536682,0.005709741115570068,1.1863081216812135,50.3125,-2.5156245,49.58203,-2.0314054,0.7265625,0.9991319293481074,0.9999781740871387,4206.277714679434,6628.0,0.0002453327178955078,-0.28253955841064454,1.1946930885314941,1.0,1.0,0.6160381436347961,0.025211134925484657,-0.9503787159919739,0.17500460147857666,0.8705329298973083,1.0,-0.17498639225959778,-5.445483207702637,5.620469570159912,0.013351738452911377,16.077028274536133,0.06036386638879776,72.68504333496094,0.01171875,0.7326099872589111,6630.0,0.00031039445,,,,,,,,,,,,,,,,,,,,,,,,,,,,,,,,,,,,,,,,,,,,,
33996800,-1.9392677545547485,48.36075973510742,0.7649186256781193,0.31056957244873046,0.8641619682312012,6.319642066955566e-05,1.3184547424316406e-05,0.00354205846786499,0.008856476545333862,0.02479255199432373,0.02532962441444397,0.0053807032108306885,1.1995629787445068,41.378906,-2.0689447,46.964844,-1.865167,0.78515625,0.999165912091902,0.9999785742613914,4206.3458710297145,6638.0,0.0001983642578125,-0.31037120819091796,1.1998939514160156,1.0,1.0,0.4386979937553406,-0.07488182187080383,-1.0400876998901367,0.02853461354970932,0.7531000971794128,1.0,-0.17315331101417542,-2.9948275089263916,3.18612003326416,0.0028905277140438557,3.480527877807617,0.060386646538972855,72.71246337890625,0.02089843899011612,0.761826753616333,6640.0,0.0003102593,,,,,,,,,,,,,,,,,,,,,,,,,,,,,,,,,,,,,,,,,,,,,
34048000,-1.9278647899627686,48.210426330566406,0.7596525096525096,0.3579123497009277,0.8176973342895508,5.337834358215332e-05,1.0561943054199218e-05,0.0029118239879608156,0.008138757944107056,0.018086171150207518,0.02490845203399658,0.0048401844501495365,1.1937296628952025,46.277344,-2.3138666,47.664062,-1.8974309,0.76171875,0.999210711510771,0.9999805267371793,4206.440672608404,6648.0,0.00016658306121826173,-0.3577457666397095,1.1985721588134766,1.0,1.0,0.07246463745832443,-0.004424083977937698,-0.8641496896743774,0.011909634806215763,0.9973071813583374,1.0,-0.17105203866958618,-1.142446517944336,1.349698781967163,0.0007829893147572875,0.9428092241287231,0.06041935086250305,72.75184631347656,0.017578125,0.8935762047767639,6650.0,0.0003101241,,,,,,,,,,,,,,,,,,,,,,,,,,,,,,,,,,,,,,,,,,,,,
34099200,-1.9986759424209595,49.39019775390625,0.7529411764705882,0.389385986328125,0.790049934387207,4.836678504943848e-05,1.0538101196289063e-05,0.0025679123401641845,0.00779649019241333,0.019672656059265138,0.02508473992347717,0.003976083993911743,1.199138331413269,49.48828,-2.4744136,51.316406,-2.1106644,0.7265625,0.9992683124676948,0.9999839747116974,4206.509299756535,6658.0,0.00021140575408935548,-0.38917458057403564,1.1965587139129639,1.0,1.0,0.17911919951438904,-0.013376577757298946,-0.9483253955841064,0.027643993496894836,0.9099293351173401,1.0,-0.17019669711589813,-2.8351457118988037,3.0171995162963867,0.002778017893433571,3.345053195953369,0.06046779081225395,72.8101806640625,0.01289062574505806,0.8711222410202026,6660.0,0.00030998894,,,,,,,,,,,,,,,,,,,,,,,,,,,,,,,,,,,,,,,,,,,,,
34150400,-1.8690766096115112,47.03757858276367,0.7607699358386801,0.33149259090423583,0.8478736639022827,5.875110626220703e-05,1.201629638671875e-05,0.0032821595668792725,0.008423285484313965,0.015892934799194337,0.02560598373413086,0.0049897170066833495,1.1952949047088623,49.027344,-2.4513664,45.003906,-1.7648779,0.765625,0.9992030346434165,0.999980173255429,4206.600324835579,6668.0,0.00029070377349853515,-0.3312018871307373,1.207045316696167,1.0,0.0,0.1109415739774704,-0.01280093751847744,-0.9928700923919678,0.009386162273585796,0.8076584339141846,1.0,-0.16849520802497864,-1.4857841730117798,1.6697803735733032,0.0008844754775054753,1.0650101900100708,0.06043199449777603,72.76705932617188,0.01640624925494194,0.8237045407295227,6670.0,0.00030985376,,,,,,,,,,,,,,,,,,,,,,,,,,,,,,,,,,,,,,,,,,,,,
34201600,-1.8759747743606567,47.28584289550781,0.7689497716894977,0.25320703983306886,0.930609154701233,7.150053977966308e-05,1.4090538024902344e-05,0.004092556238174438,0.010041240453720093,0.02051835060119629,0.025593883991241455,0.006690729856491089,1.2043749332427978,46.76953,-2.3384762,43.683594,-1.689219,0.79296875,0.9991285996822603,0.9999781649646227,4206.632945551707,6678.0,0.00030658245086669924,-0.2529004573822022,1.2010693550109863,1.0,1.0,0.1796606183052063,-0.05492459237575531,-1.01667320728302,-0.015869950875639915,0.7880198955535889,1.0,-0.17071841657161713,-2.0777318477630615,2.260258674621582,0.0015403437428176403,1.8547509908676147,0.06050563603639603,72.85574340820312,0.01718750037252903,0.8355979323387146,6680.0,0.0003097186,,,,,,,,,,,,,,,,,,,,,,,,,,,,,,,,,,,,,,,,,,,,,
34252800,-1.7068312168121338,44.13580322265625,0.798941798941799,0.2836763858795166,0.8929450988769532,6.510019302368164e-05,1.1682510375976562e-05,0.0037036633491516115,0.00978373408317566,0.01758432388305664,0.02488267421722412,0.006174312829971313,1.1942411422729493,51.26172,-2.5630856,47.339844,-1.8888615,0.765625,0.999154029260057,0.9999801956889528,4206.713000148861,6688.0,0.00036070346832275393,-0.28331568241119387,1.2021639347076416,1.0,1.0,0.1490010917186737,-0.013386830687522888,-1.0097527503967285,0.018258070573210716,0.8429986834526062,1.0,-0.17439410090446472,-2.8377668857574463,3.0128469467163086,0.001978060230612755,2.38181209564209,0.06055344268679619,72.9133071899414,0.010546875186264515,0.8718947172164917,6690.0,0.00030958344,,,,,,,,,,,,,,,,,,,,,,,,,,,,,,,,,,,,,,,,,,,,,
34304000,-2.0078237056732178,49.820247650146484,0.7691579943235572,0.27350821495056155,0.9165334463119507,7.016420364379883e-05,1.3327598571777343e-05,0.004028810262680054,0.010051784515380859,0.022583937644958495,0.025031135082244874,0.0066046595573425295,1.2126665353775024,45.558594,-2.2779293,57.539062,-2.4350953,0.69140625,0.9991245558038967,0.9999772329237638,4206.694237346413,6698.0,0.0003170490264892578,-0.2731911659240723,1.2045812606811523,1.0,1.0,0.3366513252258301,0.002528983633965254,-1.0055022239685059,0.0812719389796257,0.8261345624923706,1.0,-0.17667098343372345,-3.150757312774658,3.328732967376709,0.0037561210338026285,4.522801399230957,0.06057901307940483,72.944091796875,0.01425781287252903,0.7910062074661255,6700.0,0.00030944825,,,,,,,,,,,,,,,,,,,,,,,,,,,,,,,,,,,,,,,,,,,,,
34355200,-2.168292999267578,52.54621887207031,0.7363445378151261,0.2804640054702759,0.8834930658340454,6.389737129211426e-05,1.1372566223144532e-05,0.003740227222442627,0.009598636627197265,0.019492030143737793,0.025012896060943604,0.005720837116241455,1.1834820985794068,50.152344,-2.5076165,54.339844,-2.2788582,0.70703125,0.9991361812545935,0.999981728016714,4206.839182700849,6708.0,0.0002588033676147461,-0.28020520210266114,1.1983752250671387,1.0,0.0,0.1036866158246994,-0.0025858639273792505,-1.0066509246826172,0.018146229907870293,0.8549396991729736,1.0,-0.17514723539352417,-2.4281158447265625,2.603952407836914,0.001465745153836906,1.7649257183074951,0.06056401878595352,72.92604064941406,0.00839843787252903,0.9001682996749878,6710.0,0.00030931307,,,,,,,,,,,,,,,,,,,,,,,,,,,,,,,,,,,,,,,,,,,,,
34406400,-1.803733229637146,46.22410583496094,0.8098214285714286,0.23452205657958985,0.9586652040481567,7.582664489746094e-05,1.4781951904296875e-05,0.004423532485961914,0.011146770715713501,0.01549844741821289,0.025480844974517823,0.0067643880844116214,1.2087258338928222,47.921875,-2.396093,48.226562,-1.9606664,0.7578125,0.999125924322097,0.9999790325529182,4206.878049562207,6718.0,0.0003066539764404297,-0.23421540260314944,1.198563575744629,1.0,1.0,0.32401442527770996,-0.1154632419347763,-1.015258550643921,-0.04037492722272873,0.7721391916275024,1.0,-0.17243190109729767,-2.333918809890747,2.5111494064331055,0.007241382729262114,8.719457626342773,0.06063254177570343,73.008544921875,0.010546875186264515,0.701791524887085,6720.0,0.0003091779,,,,,,,,,,,,,,,,,,,,,,,,,,,,,,,,,,,,,,,,,,,,,
34457600,-1.8208699226379395,46.447906494140625,0.7818343722172751,0.2906799793243408,0.8960661888122559,6.520628929138184e-05,1.3256072998046875e-05,0.0036923277378082277,0.009598510265350342,0.021689438819885255,0.02523323893547058,0.006175879240036011,1.2084735870361327,44.16797,-2.208398,50.277344,-2.023114,0.76953125,0.9991485679711493,0.9999795411278177,4206.897148879675,6728.0,0.0002790689468383789,-0.29040091037750243,1.1978545188903809,1.0,1.0,0.1938599795103073,-0.047275666147470474,-0.7770605683326721,0.0037002863828092813,1.2007157802581787,1.0,-0.17224663496017456,-1.3401861190795898,1.5519161224365234,0.004595434293150902,5.533431529998779,0.06069273501634598,73.0810317993164,0.01796874962747097,0.7730631828308105,6730.0,0.00030904275,,,,,,,,,,,,,,,,,,,,,,,,,,,,,,,,,,,,,,,,,,,,,
34508800,-1.7697051763534546,45.38277053833008,0.7966252220248667,0.2644656181335449,0.8861377954483032,6.425142288208008e-05,1.208782196044922e-05,0.0036304247379302977,0.009852641820907592,0.027507925033569337,0.024681276082992552,0.006039907932281494,1.1781465768814088,44.554688,-2.2277336,46.867188,-1.8460679,0.78515625,0.9991335935422612,0.9999803501156095,4207.062367829494,6738.0,0.0002626657485961914,-0.26420295238494873,1.2017762660980225,1.0,1.0,0.09272214025259018,-0.0693400651216507,-0.7846356630325317,-0.04553568735718727,1.1225605010986328,1.0,-0.16517871618270874,-0.4687235355377197,0.7735353708267212,0.0018713681492954493,2.253342390060425,0.06062903255224228,73.00432586669922,0.01523437537252903,0.828715443611145,6740.0,0.00030890756,,,,,,,,,,,,,,,,,,,,,,,,,,,,,,,,,,,,,,,,,,,,,
34560000,-2.1930224895477295,53.16597366333008,0.7354771784232366,0.26883203983306886,0.9208910703659058,7.364034652709961e-05,1.5044212341308594e-05,0.004252580404281617,0.009871923923492431,0.02393019199371338,0.024835281372070313,0.0069691061973571776,1.213696575164795,44.351562,-2.2175777,54.023438,-2.2506092,0.72265625,0.9990873779555718,0.9999767415016708,4207.04843788347,6748.0,0.0001604318618774414,-0.26867160797119144,1.2365140914916992,1.0,0.0,0.09274338185787201,-0.018580948933959007,-0.9808403253555298,-0.0003966887015849352,0.8271521329879761,1.0,-0.16789916157722473,-1.2989680767059326,1.5050792694091797,0.0015707206912338734,1.8913283348083496,0.060732290148735046,73.128662109375,0.01640624925494194,0.8691961169242859,6750.0,0.00030877237,,,,,,,,,,,,,,,,,,,,,,,,,,,,,,,,,,,,,,,,,,,,,
34611200,-1.8876475095748901,47.744163513183594,0.7815126050420168,0.2697132587432861,0.8995457887649536,6.758689880371094e-05,1.3804435729980468e-05,0.0038235998153686524,0.00936984658241272,0.019724535942077636,0.025440418720245363,0.00623737096786499,1.189022183418274,44.609375,-2.2304683,49.11328,-1.9523208,0.765625,0.9991447582984061,0.9999791462829102,4207.186831108331,6758.0,0.0002791881561279297,-0.2694340705871582,1.195331335067749,1.0,1.0,0.20916959643363953,-0.02745625749230385,-0.9835126399993896,0.020303849130868912,0.8773685693740845,1.0,-0.17149850726127625,-1.828780174255371,2.032802104949951,0.001953561557456851,2.3523125648498535,0.060863010585308075,73.28606414794922,0.01679687574505806,0.8101131916046143,6760.0,0.00030863722,,,,,,,,,,,,,,,,,,,,,,,,,,,,,,,,,,,,,,,,,,,,,
34662400,-1.7154299020767212,44.13441848754883,0.7919520547945206,0.3315652132034302,0.8451750040054321,5.6409835815429686e-05,1.1992454528808593e-05,0.003108675479888916,0.009263339042663575,0.022457575798034667,0.02442565083503723,0.005370510816574097,1.1992331981658935,43.246094,-2.1623044,42.378906,-1.6197158,0.8203125,0.9991915475462372,0.9999804769376769,4207.2437878952705,6768.0,0.00018460750579833983,-0.33138060569763184,1.1988542079925537,1.0,1.0,0.1075390949845314,-0.04731764644384384,-0.8588013648986816,-0.021932216361165047,1.0288362503051758,1.0,-0.16860763728618622,-1.3624649047851562,1.5721272230148315,0.0013020834885537624,1.5678584575653076,0.06086987629532814,73.29432678222656,0.02265625074505806,0.8725537061691284,6770.0,0.00030850206,,,,,,,,,,,,,,,,,,,,,,,,,,,,,,,,,,,,,,,,,,,,,
34713600,-1.8001078367233276,45.79643630981445,0.7786116322701688,0.2908118963241577,0.8690687656402588,6.1008930206298825e-05,1.208782196044922e-05,0.0034374523162841795,0.009232487678527832,0.022171640396118165,0.024894888401031493,0.005792548656463623,1.182086205482483,52.546875,-2.6273434,47.75,-1.9149468,0.76953125,0.999193336571619,0.9999815450853866,4207.388285985784,6778.0,9.245872497558594e-05,-0.2907194375991821,1.2035431861877441,1.0,1.0,0.09966816008090973,-0.0049203867092728615,-0.9647711515426636,0.01601240411400795,0.9395748376846313,1.0,-0.17227917909622192,-2.251756429672241,2.4398646354675293,0.0019163022516295314,2.307448148727417,0.06090760976076126,73.33976745605469,0.01132812537252903,0.894402265548706,6780.0,0.00030836687,,,,,,,,,,,,,,,,,,,,,,,,,,,,,,,,,,,,,,,,,,,,,
34764800,-1.814391016960144,46.10446548461914,0.7830357142857143,0.2354875087738037,0.9408308982849121,7.645130157470704e-05,1.4257431030273437e-05,0.004455453157424927,0.00996559739112854,0.026004672050476074,0.02527109146118164,0.007229530811309814,1.2023671865463257,50.839844,-2.541992,43.976562,-1.6958866,0.796875,0.999076969268226,0.999975173968121,4207.43327175507,6788.0,0.00022284984588623048,-0.23526465892791748,1.2484760284423828,1.0,0.0,0.21437042951583862,-0.04581940174102783,-0.9270299673080444,0.00473927054554224,0.9681899547576904,1.0,-0.17140527069568634,-2.2674684524536133,2.459306001663208,0.0032839588820934296,3.9542641639709473,0.06095188111066818,73.39306640625,0.014453125186264515,0.7867861390113831,6790.0,0.0003082317,,,,,,,,,,,,,,,,,,,,,,,,,,,,,,,,,,,,,,,,,,,,,
34816000,-1.6650638580322266,43.59440994262695,0.8001693480101609,0.2693629264831543,0.9159049987792969,7.021903991699218e-05,1.3494491577148438e-05,0.003998169898986817,0.010115424394607544,0.023732781410217285,0.02498891353607178,0.006581841707229614,1.209041213989258,49.726562,-2.486328,45.710938,-1.7905325,0.78515625,0.9991116685200688,0.9999776576474816,4207.470650261315,6798.0,0.0001837015151977539,-0.26917922496795654,1.1994774341583252,1.0,1.0,0.12729033827781677,-0.055283479392528534,-0.9813010692596436,-0.028280846774578094,0.8461328148841858,1.0,-0.1670902967453003,-1.6708059310913086,1.8749794960021973,0.0030628531239926815,3.6880271434783936,0.06096778064966202,73.41221618652344,0.009765625,0.8466579914093018,6800.0,0.00030809653,,,,,,,,,,,,,,,,,,,,,,,,,,,,,,,,,,,,,,,,,,,,,
34867200,-1.6631858348846436,43.40376281738281,0.8023952095808383,0.3053463935852051,0.8565763235092163,5.7895183563232425e-05,1.0919570922851562e-05,0.003247603178024292,0.009084174633026123,0.020926666259765626,0.024864572286605834,0.005539346933364869,1.182883381843567,51.527344,-2.576367,42.089844,-1.6144595,0.81640625,0.9991775639856082,0.9999804892698543,4207.609779607762,6808.0,0.0001438140869140625,-0.30520257949829105,1.1979966163635254,1.0,1.0,0.1502017080783844,-0.014741117134690285,-0.9373013973236084,0.019485406577587128,0.9673106670379639,1.0,-0.17002591490745544,-1.9022029638290405,2.1046721935272217,0.001827544067054987,2.200573205947876,0.06101442873477936,73.4683837890625,0.013476562686264515,0.8667968511581421,6810.0,0.00030796137,,,,,,,,,,,,,,,,,,,,,,,,,,,,,,,,,,,,,,,,,,,,,
34918400,-1.9882960319519043,49.0787467956543,0.7485768500948766,0.29323127269744875,0.8751973867416382,6.096601486206055e-05,1.3232231140136719e-05,0.0033979249000549317,0.009416353702545167,0.023516631126403807,0.024954819679260255,0.005894105434417724,1.1919856309890746,49.460938,-2.4730463,47.3125,-1.8973632,0.75390625,0.9991841930407338,0.9999772579536707,4207.704420328856,6818.0,0.0002029895782470703,-0.2930282831192017,1.1963927745819092,1.0,1.0,0.12349677085876465,-0.028662867844104767,-0.9785611629486084,-0.002948524197563529,0.8217052817344666,1.0,-0.1692856252193451,-2.1199183464050293,2.3056156635284424,0.005285338032990694,6.364154815673828,0.06104722619056702,73.50788116455078,0.0087890625,0.8437318801879883,6820.0,0.00030782618,,,,,,,,,,,,,,,,,,,,,,,,,,,,,,,,,,,,,,,,,,,,,
34969600,-1.8100836277008057,46.103233337402344,0.7845601436265709,0.2976387977600098,0.8707756042480469,6.0170888900756836e-05,1.1515617370605468e-05,0.0035059404373168944,0.009072490930557252,0.02269749641418457,0.02513145923614502,0.005733524560928345,1.1911473989486694,48.839844,-2.4419918,50.35547,-2.0120287,0.77734375,0.9991916595186547,0.9999798640293562,4207.799787068942,6828.0,0.0001404285430908203,-0.29749836921691897,1.2047398090362549,1.0,1.0,0.17299363017082214,-0.06889539211988449,-0.9805971384048462,-0.030269723385572433,0.852642297744751,1.0,-0.16921332478523254,-1.8130193948745728,2.0138485431671143,0.0028047547675669193,3.3772473335266113,0.06108144670724869,73.54907989501953,0.011523437686264515,0.8279178142547607,6830.0,0.00030769102,,,,,,,,,,,,,,,,,,,,,,,,,,,,,,,,,,,,,,,,,,,,,
35020800,-1.7189292907714844,44.335838317871094,0.7944862155388471,0.28414909839630126,0.8920897245407104,6.224393844604492e-05,1.1348724365234375e-05,0.0034876430034637453,0.010297387838363647,0.019535326957702638,0.024705377817153932,0.006015125513076782,1.195806622505188,41.535156,-2.0767574,40.054688,-1.4911246,0.8125,0.9991770308406978,0.9999823350316758,4207.882910171323,6838.0,0.00013339519500732422,-0.28401570320129393,1.1971545219421387,1.0,1.0,0.26802676916122437,-0.10136749595403671,-0.9684590697288513,-0.03871753811836243,0.8797311782836914,1.0,-0.1676550954580307,-1.5988471508026123,1.8048295974731445,0.004983977414667606,6.00128173828125,0.061107438057661057,73.58038330078125,0.02167968824505806,0.7102153301239014,6840.0,0.00030755583,,,,,,,,,,,,,,,,,,,,,,,,,,,,,,,,,,,,,,,,,,,,,
35072000,-1.7227083444595337,44.41542434692383,0.7914110429447853,0.2893869638442993,0.9025883913040161,6.689071655273438e-05,1.2731552124023437e-05,0.003823645114898682,0.00958043932914734,0.019667673110961913,0.025333248376846314,0.00628394603729248,1.2116815805435182,43.57422,-2.1787105,46.125,-1.8100686,0.7890625,0.9990859623088292,0.9999786901670115,4207.883214786555,6848.0,0.0001737833023071289,-0.2892131805419922,1.1983554363250732,1.0,1.0,0.16601599752902985,-0.017129287123680115,-0.92668616771698,0.020750368013978004,0.8883670568466187,1.0,-0.16831162571907043,-1.738772988319397,1.9438014030456543,0.0014774678274989128,1.7790412902832031,0.06121078133583069,73.70481872558594,0.01738281175494194,0.8349415063858032,6850.0,0.00030742068,,,,,,,,,,,,,,,,,,,,,,,,,,,,,,,,,,,,,,,,,,,,,
35123200,-1.7161465883255005,44.74020004272461,0.8012762078395624,0.27069284915924074,0.9020283460617066,6.567955017089844e-05,1.3089179992675781e-05,0.003918417692184448,0.009803955554962157,0.01662013530731201,0.02499443292617798,0.006279648542404175,1.1893801927566527,51.85547,-2.5927727,52.066406,-2.1435199,0.70703125,0.9991290065914851,0.999978330689751,4207.992360301556,6858.0,0.0001527547836303711,-0.2705400943756104,1.1939644813537598,1.0,1.0,0.09819493442773819,-0.011025942862033844,-0.6505999565124512,0.01772470586001873,1.2391858100891113,1.0,-0.16935686767101288,-2.0984103679656982,2.282416820526123,0.0018968740478157997,2.2840542793273926,0.061254486441612244,73.7574462890625,0.009960937313735485,0.9095330238342285,6860.0,0.0003072855,,,,,,,,,,,,,,,,,,,,,,,,,,,,,,,,,,,,,,,,,,,,,
35174400,-1.8054496049880981,45.93055725097656,0.7855902777777778,0.2914342641830444,0.8789273977279664,6.07609748840332e-05,1.0967254638671875e-05,0.0034172892570495605,0.009308067560195922,0.01905844211578369,0.02519458532333374,0.005930057764053345,1.1894538879394532,45.16797,-2.258398,45.78125,-1.7869399,0.78125,0.9991897167621862,0.9999808175346254,4208.096945891084,6868.0,0.00013458728790283203,-0.2912996768951416,1.1948049068450928,1.0,1.0,0.15712398290634155,-0.019049741327762604,-0.7763890027999878,0.023043066263198853,1.2768393754959106,1.0,-0.16909433901309967,-1.5600197315216064,1.7875401973724365,0.0019274286460131407,2.320845603942871,0.06126932054758072,73.77529907226562,0.021484375,0.8433892726898193,6870.0,0.00030715033,,,,,,,,,,,,,,,,,,,,,,,,,,,,,,,,,,,,,,,,,,,,,
35225600,-1.834714651107788,46.69767379760742,0.7906976744186046,0.2989417791366577,0.8676320075988769,5.965590476989746e-05,1.2040138244628906e-05,0.0032769179344177245,0.009596964120864868,0.027874565124511717,0.024828768968582153,0.005584065914154053,1.1944826126098633,49.07422,-2.4537106,39.70703,-1.4481399,0.8359375,0.9991879613281525,0.9999813972917331,4208.185615992508,6878.0,0.00021829605102539063,-0.2987234830856323,1.1956508159637451,1.0,1.0,0.09703561663627625,-0.003202747320756316,-0.9182356595993042,0.017663808539509773,0.8988784551620483,1.0,-0.16907131671905518,-1.2694222927093506,1.480583906173706,0.0008505089208483696,1.0241105556488037,0.061264701187610626,73.76974487304688,0.0205078125,0.8659847974777222,6880.0,0.00030701514,,,,,,,,,,,,,,,,,,,,,,,,,,,,,,,,,,,,,,,,,,,,,
35276800,-1.7046798467636108,44.05195999145508,0.7844974446337308,0.3517164945602417,0.8163177251815796,5.0656795501708984e-05,1.1944770812988282e-05,0.0027635931968688966,0.00899713158607483,0.024496817588806154,0.023787894248962403,0.005183877944946289,1.1925655126571655,47.054688,-2.352734,46.01172,-1.8018328,0.75390625,0.9991980454248357,0.9999811074901245,4208.275399888797,6888.0,0.00024039745330810546,-0.35147609710693356,1.196930170059204,1.0,1.0,0.1414051055908203,-0.016324831172823906,-0.8497216105461121,0.018280649557709694,1.0597907304763794,1.0,-0.16884753108024597,-1.6340500116348267,1.8349685668945312,0.0031027740333229303,3.7360966205596924,0.061335645616054535,73.85517120361328,0.017578125,0.8318896889686584,6890.0,0.00030687999,,,,,,,,,,,,,,,,,,,,,,,,,,,,,,,,,,,,,,,,,,,,,
35328000,-1.8902003765106201,47.60090637207031,0.783710407239819,0.3197287321090698,0.8652072429656983,5.885004997253418e-05,1.1968612670898438e-05,0.003492852449417114,0.009633679389953614,0.020598316192626955,0.02441434621810913,0.005622869729995728,1.2055699110031128,41.589844,-2.0794916,46.507812,-1.8294871,0.81640625,0.9991270458923264,0.9999803817905283,4208.307514196355,6898.0,0.00027327537536621095,-0.3194554567337036,1.1973042488098145,1.0,1.0,0.1052413284778595,-0.027019962668418884,-0.9141231775283813,-0.0035110656172037125,0.9531830549240112,1.0,-0.16750919818878174,-0.9416384100914001,1.1635074615478516,0.0010942999506369233,1.3176629543304443,0.06134111434221268,73.86175537109375,0.02324218675494194,0.8110038042068481,6900.0,0.00030674483,,,,,,,,,,,,,,,,,,,,,,,,,,,,,,,,,,,,,,,,,,,,,
35379200,-1.7337883710861206,44.89990997314453,0.8070973612374887,0.31400110721588137,0.8601883172988891,5.725264549255371e-05,1.1587142944335938e-05,0.0032344698905944825,0.008984129428863525,0.016292285919189454,0.025009003877639772,0.0056871771812438965,1.1905164003372193,48.835938,-2.4417965,39.421875,-1.4418135,0.84765625,0.9991308219291418,0.9999805943367867,4208.414424880192,6908.0,0.00035309791564941406,-0.31364800930023196,1.198082447052002,1.0,1.0,0.1423267275094986,-0.054466649889945984,-0.9545795321464539,-0.023042231798171997,0.8928660154342651,1.0,-0.16810089349746704,-1.2712969779968262,1.4778333902359009,0.0006714431801810861,0.8084948062896729,0.06141476705670357,73.950439453125,0.01777343824505806,0.7716327905654907,6910.0,0.00030660964,,,,,,,,,,,,,,,,,,,,,,,,,,,,,,,,,,,,,,,,,,,,,
35430400,-1.9046638011932373,47.54644775390625,0.773224043715847,0.3340690851211548,0.8341903448104858,5.537986755371094e-05,1.2111663818359374e-05,0.0029913818836212157,0.008749678134918212,0.02097187042236328,0.02467263340950012,0.005203860998153687,1.189265990257263,44.90625,-2.2453122,49.58203,-2.030838,0.765625,0.9991229112874556,0.9999810149793016,4208.526147664072,6918.0,0.0003101825714111328,-0.33375890254974366,1.195359468460083,1.0,0.0,0.11551284044981003,-0.015219306573271751,-0.9074647426605225,0.01214890368282795,1.0687514543533325,1.0,-0.16817060112953186,-2.520819664001465,2.695192337036133,0.0021586953662335873,2.5993175506591797,0.06147564947605133,74.02375030517578,0.01289062574505806,0.8635560274124146,6920.0,0.00030647445,,,,,,,,,,,,,,,,,,,,,,,,,,,,,,,,,,,,,,,,,,,,,
35481600,-1.8556139469146729,46.971561431884766,0.7779816513761468,0.2964637279510498,0.8910311937332154,6.45744800567627e-05,1.3279914855957032e-05,0.0036641931533813476,0.009742436408996582,0.023258042335510255,0.025118021965026854,0.0059237802028656,1.2107918500900268,44.910156,-2.2455075,46.890625,-1.8413725,0.8046875,0.9991346323988481,0.9999788517279881,4208.531424320593,6928.0,0.00024554729461669924,-0.2962181806564331,1.202796220779419,1.0,1.0,0.07101604342460632,-0.011112308129668236,-0.8311072587966919,0.006092345342040062,1.0490226745605469,1.0,-0.17057286202907562,-0.9567666053771973,1.1907528638839722,0.0005614078836515546,0.675999641418457,0.06150445714592934,74.05844116210938,0.02226562425494194,0.8935379981994629,6930.0,0.0003063393,,,,,,,,,,,,,,,,,,,,,,,,,,,,,,,,,,,,,,,,,,,,,
35532800,-2.0559566020965576,50.83144760131836,0.7543679342240494,0.3017899751663208,0.8717191934585571,6.148219108581543e-05,1.1992454528808593e-05,0.0034850418567657472,0.009307614564895629,0.017676806449890135,0.0248077392578125,0.005886448621749878,1.1912244081497192,51.710938,-2.5855465,48.527344,-1.9143646,0.765625,0.9991365756105708,0.9999778038292018,4208.6249683505175,6938.0,0.0002664804458618164,-0.301523494720459,1.197035789489746,1.0,1.0,0.05708317086100578,-0.029390761628746986,-0.8570848703384399,-0.017157193273305893,0.9805654883384705,1.0,-0.1670330911874771,-1.0088659524917603,1.2450635433197021,0.0008670898387208581,1.044075846672058,0.06153709441423416,74.09774017333984,0.01503906212747097,0.8921710848808289,6940.0,0.00030620414,,,,,,,,,,,,,,,,,,,,,,,,,,,,,,,,,,,,,,,,,,,,,
35584000,-2.044999361038208,50.321739196777344,0.7594202898550725,0.2710202693939209,0.8963524341583252,6.603240966796875e-05,1.2350082397460937e-05,0.0037481307983398436,0.009521821737289429,0.02118544578552246,0.02516677975654602,0.006271902322769165,1.188594913482666,48.26172,-2.4130855,51.992188,-2.1319013,0.76171875,0.9990415670964475,0.9999794597282698,4208.737383354137,6948.0,0.0002603292465209961,-0.2707599401473999,1.1986720561981201,1.0,1.0,0.11668393760919571,-0.015437864698469639,-0.8002963066101074,0.013590091839432716,1.1055817604064941,1.0,-0.16485819220542908,-1.4695641994476318,1.6728311777114868,0.0009128260426223278,1.0991475582122803,0.06157159060239792,74.13926696777344,0.01523437537252903,0.8373224139213562,6950.0,0.00030606895,,,,,,,,,,,,,,,,,,,,,,,,,,,,,,,,,,,,,,,,,,,,,
35635200,-1.737401008605957,44.562713623046875,0.7938144329896907,0.3220339298248291,0.8443450927734375,5.583882331848145e-05,1.1920928955078125e-05,0.00308862566947937,0.00858913779258728,0.030408525466918947,0.02494417905807495,0.005504367351531983,1.1968226194381715,45.640625,-2.282031,37.652344,-1.3709646,0.8359375,0.999168445604048,0.9999806567459081,4208.807553166754,6958.0,0.00030157566070556643,-0.32173235416412355,1.202951431274414,1.0,0.0,0.09364596009254456,-0.0192827470600605,-0.8102797269821167,0.004129229113459587,1.107890009880066,1.0,-0.17090550065040588,-1.1778392791748047,1.3931976556777954,0.0007912115543149412,0.9527096748352051,0.061669688671827316,74.25740051269531,0.02167968824505806,0.858357310295105,6960.0,0.00030593376,,,,,,,,,,,,,,,,,,,,,,,,,,,,,,,,,,,,,,,,,,,,,
35686400,-1.578776478767395,41.80905532836914,0.817283950617284,0.28634607791900635,0.8930521249771118,6.429195404052735e-05,1.316070556640625e-05,0.0036370110511779784,0.009571393728256225,0.02287583351135254,0.025366504192352295,0.005971692800521851,1.2023124933242797,47.210938,-2.3605464,41.160156,-1.5432292,0.8125,0.9990658434969228,0.9999789603689697,4208.875573664802,6968.0,0.0002560615539550781,-0.28609001636505127,1.2027292251586914,1.0,1.0,0.31589609384536743,-0.04343578219413757,-1.0134248733520508,0.029760023579001427,0.765161395072937,1.0,-0.171827033162117,-2.357189178466797,2.545544147491455,0.0029080230742692947,3.501594305038452,0.06172984093427658,74.32981872558594,0.02070312574505806,0.7661243677139282,6970.0,0.0003057986,,,,,,,,,,,,,,,,,,,,,,,,,,,,,,,,,,,,,,,,,,,,,
35737600,-1.6097594499588013,42.25370788574219,0.8130148270181219,0.2887838125228882,0.8878618955612183,6.77788257598877e-05,1.2946128845214843e-05,0.003869333267211914,0.009061049222946167,0.02037651538848877,0.025037287473678588,0.006315222978591919,1.1970616340637208,46.835938,-2.3417964,39.539062,-1.4278833,0.81640625,0.9990443781834871,0.9999778921472987,4208.938383220682,6978.0,0.0002712726593017578,-0.28851253986358644,1.2003273963928223,1.0,1.0,0.06903871893882751,-0.040082015097141266,-0.9948976039886475,-0.028055865317583084,0.8184703588485718,1.0,-0.16766266524791718,-1.3803670406341553,1.5706958770751953,0.003014438319951296,3.629730224609375,0.061751097440719604,74.35542297363281,0.01230468787252903,0.8911491632461548,6980.0,0.00030566345,,,,,,,,,,,,,,,,,,,,,,,,,,,,,,,,,,,,,,,,,,,,,
35788800,-1.5324652194976807,41.22903060913086,0.839516129032258,0.3149177074432373,0.8597208023071289,6.31427764892578e-05,1.2063980102539063e-05,0.0036683082580566406,0.008670670986175537,0.018332862854003908,0.025053541660308837,0.005494053363800049,1.1930110216140748,47.132812,-2.3566403,39.515625,-1.4492137,0.8515625,0.9991550031026667,0.9999768778082496,4209.018782846786,6988.0,0.00021445751190185547,-0.31470324993133547,1.201453447341919,1.0,1.0,0.1806500256061554,-0.0489555224776268,-1.0277390480041504,-0.009716978296637535,0.7743738889694214,1.0,-0.1683020144701004,-1.7726128101348877,1.9513449668884277,0.003363648196682334,4.0502190589904785,0.06177539378404617,74.38467407226562,0.014453125186264515,0.7780264616012573,6990.0,0.00030552826,,,,,,,,,,,,,,,,,,,,,,,,,,,,,,,,,,,,,,,,,,,,,
35840000,-1.6601529121398926,43.294166564941406,0.8058333333333333,0.33421621322631834,0.8439972162246704,5.8355331420898435e-05,1.1014938354492188e-05,0.00339288592338562,0.008573899269104004,0.018833136558532713,0.025180041790008545,0.004957594871520996,1.1970808506011963,44.191406,-2.20957,42.609375,-1.6189041,0.81640625,0.9991212381965112,0.999980561335261,4209.091304526158,6998.0,0.0002839326858520508,-0.3339322805404663,1.2408995628356934,1.0,0.0,0.2108357548713684,-0.06337182223796844,-0.9567515850067139,-0.014609035104513168,0.8890259265899658,1.0,-0.1665566861629486,-1.2615489959716797,1.4655144214630127,0.001272621564567089,1.5323824882507324,0.0618273988366127,74.44729614257812,0.02421874925494194,0.7269500494003296,7000.0,0.0003053931,,,,,,,,,,,,,,,,,,,,,,,,,,,,,,,,,,,,,,,,,,,,,
35891200,-1.511838674545288,40.7069091796875,0.8300238284352661,0.37854743003845215,0.814509916305542,5.500197410583496e-05,1.239776611328125e-05,0.00297332763671875,0.008072144985198974,0.020697712898254395,0.02499996304512024,0.004590851068496704,1.2137917518615722,43.996094,-2.199804,41.996094,-1.5666592,0.8203125,0.9991600567420529,0.9999799843316012,4209.1016877388865,7008.0,0.00034546852111816406,-0.378201961517334,1.1981358528137207,1.0,1.0,0.07566941529512405,-0.040890391916036606,-0.7544119358062744,-0.02040896564722061,1.1838984489440918,1.0,-0.16579002141952515,-0.9470633268356323,1.1606727838516235,0.004447966814041138,5.355863094329834,0.061890967190265656,74.52384948730469,0.01816406287252903,0.8568986654281616,7010.0,0.0003052579,,,,,,,,,,,,,,,,,,,,,,,,,,,,,,,,,,,,,,,,,,,,,
35942400,-1.9257954359054565,48.36076736450195,0.7866028708133971,0.30514166355133054,0.8666728734970093,6.029367446899414e-05,1.1968612670898438e-05,0.0034329533576965333,0.008825479745864869,0.018631720542907716,0.025280027389526366,0.00569568395614624,1.1904839038848878,46.585938,-2.3292966,49.257812,-1.9889563,0.78515625,0.9990952629914615,0.9999784308877377,4209.19741775419,7018.0,0.00027225017547607424,-0.3048694133758545,1.1995337009429932,1.0,1.0,0.16853493452072144,-0.08992008864879608,-0.9158087968826294,-0.05121256411075592,0.9122111797332764,1.0,-0.16588737070560455,-1.3134888410568237,1.5072388648986816,0.006475045811384916,7.7967000007629395,0.06191504746675491,74.55284118652344,0.01679687574505806,0.7467167377471924,7020.0,0.00030512275,,,,,,,,,,,,,,,,,,,,,,,,,,,,,,,,,,,,,,,,,,,,,
35993600,-1.6270583868026733,42.89045715332031,0.812448132780083,0.28377604484558105,0.8859472751617432,6.954669952392578e-05,1.537799835205078e-05,0.004099444150924682,0.009808793067932128,0.023194003105163574,0.02434463620185852,0.005934648513793946,1.1929578065872193,44.69922,-2.2349603,42.535156,-1.6096492,0.8203125,0.9990903493879678,0.9999789552687943,4209.28111938047,7028.0,0.00019788742065429688,-0.28357815742492676,1.19223952293396,1.0,1.0,0.1794104278087616,-0.021558741107583046,-0.740556001663208,0.026254767552018166,1.2796647548675537,1.0,-0.1679406762123108,-1.7476332187652588,1.9522957801818848,0.0025630644522607327,3.0862245559692383,0.061959490180015564,74.60635375976562,0.02695312350988388,0.8235477209091187,7030.0,0.00030498757,,,,,,,,,,,,,,,,,,,,,,,,,,,,,,,,,,,,,,,,,,,,,
36044800,-1.5448654890060425,41.32072448730469,0.8187549251379038,0.3244351387023926,0.8738202095031739,6.353616714477539e-05,1.2302398681640625e-05,0.003682417869567871,0.009166646003723144,0.018302011489868163,0.025272775888442994,0.005465506315231323,1.2165947198867797,39.871094,-1.9935542,41.242188,-1.5448422,0.81640625,0.9990815449079302,0.999979403336005,4209.252878152306,7038.0,0.0002012491226196289,-0.32423388957977295,1.2692668437957764,1.0,0.0,0.17120575904846191,-0.034900784492492676,-0.8385775089263916,0.00731111504137516,1.065364956855774,1.0,-0.16717222332954407,-1.2026264667510986,1.4166510105133057,0.002048441441729665,2.4665589332580566,0.06201017647981644,74.66738891601562,0.02675781399011612,0.7863191366195679,7040.0,0.0003048524,,,,,,,,,,,,,,,,,,,,,,,,,,,,,,,,,,,,,,,,,,,,,
36096000,-1.679613709449768,44.06597137451172,0.8229166666666666,0.2794315338134766,0.8977343320846558,6.78253173828125e-05,1.3136863708496094e-05,0.003778111934661865,0.009590761661529541,0.014935851097106934,0.025350197553634643,0.006059234142303467,1.19213809967041,41.57422,-2.0787106,42.746094,-1.6284423,0.8046875,0.999095812797396,0.9999805007394119,4209.366769196123,7048.0,0.0002715826034545898,-0.27915995121002196,1.2082417011260986,1.0,1.0,0.1489587128162384,-0.05168629437685013,-0.8171298503875732,-0.014842474833130836,1.0480833053588867,1.0,-0.1667850911617279,-0.9704262018203735,1.221803903579712,0.0025185311678797007,3.0326011180877686,0.0620749406516552,74.745361328125,0.0244140625,0.7826098203659058,7050.0,0.00030471722,,,,,,,,,,,,,,,,,,,,,,,,,,,,,,,,,,,,,,,,,,,,,
36147200,-1.5981743335723877,42.330570220947266,0.8210439105219552,0.3672649383544922,0.7953797340393066,5.1717758178710935e-05,1.0776519775390626e-05,0.0028517663478851317,0.007523527145385742,0.025859975814819337,0.024887410402297975,0.004423987865447998,1.1885343790054321,41.992188,-2.0996091,43.16797,-1.6581316,0.8203125,0.9992311299506089,0.9999840523948037,4209.479290694212,7058.0,0.000177001953125,-0.3670879364013672,1.1970877647399902,1.0,1.0,0.11770062148571014,-0.02191200479865074,-0.828154981136322,0.006681634113192558,1.03769850730896,1.0,-0.16611188650131226,-1.2268635034561157,1.4623208045959473,0.001474780379794538,1.7758049964904785,0.0621228963136673,74.80311584472656,0.02558593824505806,0.8579972982406616,7060.0,0.00030458206,,,,,,,,,,,,,,,,,,,,,,,,,,,,,,,,,,,,,,,,,,,,,
36198400,-1.7247004508972168,44.39835739135742,0.8058340929808568,0.3425152063369751,0.8366055488586426,5.525708198547363e-05,1.1992454528808593e-05,0.003050382137298584,0.008391519784927368,0.020682096481323242,0.025208712816238404,0.0050898087024688725,1.1998383045196532,51.73828,-2.5869136,43.945312,-1.7159847,0.80078125,0.9991729215743159,0.9999804470418262,4209.533019988248,7068.0,0.00032618045806884763,-0.3421890258789062,1.1973011493682861,1.0,1.0,0.06529923528432846,-0.008910366334021091,-0.9243507385253906,0.0037449304945766926,0.8867440223693848,1.0,-0.16279879212379456,-1.4116355180740356,1.5838401317596436,0.001001223223283887,1.2055878639221191,0.0621531642973423,74.83956146240234,0.01132812537252903,0.8743594884872437,7070.0,0.00030444688,,,,,,,,,,,,,,,,,,,,,,,,,,,,,,,,,,,,,,,,,,,,,
36249600,-1.678367257118225,43.88321304321289,0.8094079480940795,0.31241958141326903,0.8683506965637207,6.303191184997559e-05,1.163482666015625e-05,0.0035087549686431884,0.008903571367263795,0.015404868125915527,0.025028756856918334,0.00587489128112793,1.1962106227874756,40.378906,-2.018945,38.191406,-1.3499919,0.859375,0.9991126064034893,0.9999800688461915,4209.594079006359,7078.0,0.0002760887145996094,-0.3121434926986694,1.2004680633544922,1.0,1.0,0.13037234544754028,-0.056314609944820404,-0.9341745376586914,-0.027674317359924316,0.862124502658844,1.0,-0.16091161966323853,-0.8578023314476013,1.0756111145019531,0.001271248096600175,1.530728816986084,0.062199294567108154,74.89509582519531,0.02519531361758709,0.747715950012207,7080.0,0.00030431172,,,,,,,,,,,,,,,,,,,,,,,,,,,,,,,,,,,,,,,,,,,,,
36300800,-1.6862895488739014,43.97890853881836,0.8084358523725835,0.28750431537628174,0.9028357028961181,6.731271743774414e-05,1.354217529296875e-05,0.003829038143157959,0.009576767683029175,0.020285749435424806,0.025430139303207398,0.0061997795104980465,1.2106657028198242,44.878906,-2.2439446,45.11328,-1.7104473,0.8359375,0.9991416425524314,0.9999781996494614,4209.591232935552,7088.0,0.0002331972122192383,-0.2872711181640625,1.2001888751983643,1.0,1.0,0.17750687897205353,-0.012153279036283493,-0.8413217067718506,0.031063193455338478,1.0109411478042603,1.0,-0.1662926971912384,-1.5214855670928955,1.7169148921966553,0.0012342185946181417,1.4861410856246948,0.06229244917631149,75.00727081298828,0.02187499962747097,0.7892075777053833,7090.0,0.00030417653,,,,,,,,,,,,,,,,,,,,,,,,,,,,,,,,,,,,,,,,,,,,,
36352000,-1.5346158742904663,41.00081253051758,0.8193653376729048,0.27175197601318357,0.8863149166107178,6.340980529785156e-05,1.2755393981933594e-05,0.0036066913604736327,0.009594628810882569,0.024994802474975587,0.024933440685272215,0.0060810351371765135,1.183098030090332,48.04297,-2.402148,43.25,-1.6657294,0.8046875,0.9991754616615766,0.999980069616487,4209.7205242804375,7098.0,0.00013709068298339844,-0.2716148853302002,1.2000975608825684,1.0,1.0,0.09841872751712799,-0.02328501269221306,-0.9469018578529358,-0.0024636094458401203,0.8741480112075806,1.0,-0.1659080982208252,-1.2909153699874878,1.47977876663208,0.0009715813212096691,1.1698956489562988,0.06233210489153862,75.05502319335938,0.015039063058793545,0.8346487283706665,7100.0,0.00030404137,,,,,,,,,,,,,,,,,,,,,,,,,,,,,,,,,,,,,,,,,,,,,
36403200,-1.559347152709961,41.61748504638672,0.8313817330210773,0.2996530294418335,0.8955328941345215,6.531953811645508e-05,1.1897087097167968e-05,0.003862355947494507,0.009828425645828247,0.01815485954284668,0.025054864883422852,0.00592887282371521,1.2133742094039917,39.79297,-1.9896482,43.808594,-1.6869748,0.81640625,0.9991780119213962,0.999982256753501,4209.702307851912,7108.0,0.0001501798629760742,-0.2995028495788574,1.2015047073364258,1.0,1.0,0.12555330991744995,-0.06845846772193909,-0.8677375316619873,-0.03892862796783447,0.9910538196563721,1.0,-0.1618407815694809,-0.6144022941589355,0.9233956336975098,0.0014145579189062119,1.7032904624938965,0.06234468147158623,75.07015991210938,0.025390625,0.8023480772972107,7110.0,0.0003039062,,,,,,,,,,,,,,,,,,,,,,,,,,,,,,,,,,,,,,,,,,,,,
36454400,-1.683255672454834,43.82725524902344,0.8107638888888888,0.28861293792724607,0.8768626928329468,6.070375442504883e-05,1.2111663818359374e-05,0.003544858694076538,0.00997730255126953,0.01878185272216797,0.024593993425369262,0.005624390840530395,1.1842937231063844,42.570312,-2.1285152,40.265625,-1.4807692,0.8359375,0.9990446537110333,0.9999796267093759,4209.832385909428,7118.0,0.0003111600875854492,-0.2883017778396606,1.1980881690979004,1.0,1.0,0.10853590071201324,-0.025914430618286133,-0.9519659280776978,-0.0026376545429229736,0.8852949738502502,1.0,-0.16666865348815918,-1.1185144186019897,1.3337101936340332,0.002674412913620472,3.2203006744384766,0.06242603808641434,75.16812896728516,0.01914062537252903,0.8186399936676025,7120.0,0.00030377103,,,,,,,,,,,,,,,,,,,,,,,,,,,,,,,,,,,,,,,,,,,,,
36505600,-1.5869401693344116,42.1716423034668,0.8266998341625207,0.3441368341445923,0.835958194732666,5.410909652709961e-05,1.1014938354492188e-05,0.002949676513671875,0.008502418994903565,0.018110275268554688,0.025194380283355713,0.005064675807952881,1.198237705230713,43.902344,-2.195117,42.398438,-1.6041687,0.82421875,0.9992188834219728,0.9999821520000146,4209.8969548944915,7128.0,0.00017807483673095703,-0.34395875930786135,1.2023003101348877,1.0,1.0,0.1628500521183014,-0.04813624173402786,-0.8503131866455078,-0.00810864195227623,1.062846302986145,1.0,-0.16880732774734497,-1.1972851753234863,1.4260303974151611,0.0017737088492140174,2.135749340057373,0.06251328438520432,75.273193359375,0.0263671875,0.8062045574188232,7130.0,0.00030363584,,,,,,,,,,,,,,,,,,,,,,,,,,,,,,,,,,,,,,,,,,,,,
36556800,-1.4554623365402222,39.48684310913086,0.8289473684210527,0.2974424123764038,0.8833809614181518,6.262779235839844e-05,1.2469291687011718e-05,0.003510699272155762,0.009524321556091309,0.01859471797943115,0.025155640840530395,0.005879720449447632,1.1994541883468628,44.617188,-2.230859,40.242188,-1.4939657,0.83203125,0.999184085645988,0.9999803016393469,4209.952320384066,7138.0,0.0001430511474609375,-0.29729936122894285,1.2123675346374512,1.0,1.0,0.08930797874927521,-0.02361072227358818,-0.8390767574310303,-0.0021277423948049545,1.0422697067260742,1.0,-0.16661423444747925,-1.1445262432098389,1.3669238090515137,0.0008427465218119323,1.014763593673706,0.06255051493644714,75.31800842285156,0.0205078125,0.8671706318855286,7140.0,0.00030350068,,,,,,,,,,,,,,,,,,,,,,,,,,,,,,,,,,,,,,,,,,,,,
36608000,-1.6223934888839722,42.7982177734375,0.8306320907617504,0.3013963222503662,0.8703893184661865,5.9050321578979495e-05,1.1801719665527344e-05,0.0032785677909851073,0.009512025117874145,0.023371362686157228,0.024936280250549316,0.005698230266571045,1.195192074775696,38.316406,-1.9158199,45.597656,-1.7910817,0.80078125,0.9991885889451639,0.9999805306161148,4210.022870088796,7148.0,0.00011382102966308593,-0.30128250122070316,1.2035698890686035,1.0,1.0,0.17909997701644897,0.0001270882785320282,-0.9909223318099976,0.03976025432348251,0.8207322359085083,1.0,-0.17021435499191284,-1.41424560546875,1.5959378480911255,0.0015486459014937282,1.8647477626800537,0.06256844848394394,75.33960723876953,0.02500000037252903,0.7460600733757019,7150.0,0.00030336552,,,,,,,,,,,,,,,,,,,,,,,,,,,,,,,,,,,,,,,,,,,,,
36659200,-1.4980032444000244,40.24917221069336,0.8245033112582781,0.30940020084381104,0.8616424322128295,5.9554576873779295e-05,1.1563301086425781e-05,0.0033270299434661867,0.008868030309677123,0.029501891136169432,0.024960979223251342,0.005831755399703979,1.2005794048309326,48.390625,-2.4195306,38.32422,-1.383353,0.828125,0.9991928865996126,0.9999805782633433,4210.069117459155,7158.0,0.00017614364624023436,-0.3092240571975708,1.2026000022888184,1.0,1.0,0.039793960750103,-0.003608087543398142,-0.49234071373939514,0.01665637642145157,1.531966209411621,1.0,-0.16871975362300873,-1.0876941680908203,1.2656136751174927,0.0021667652763426304,2.609034538269043,0.06260658800601959,75.38552856445312,0.00898437574505806,0.8855602145195007,7160.0,0.00030323034,,,,,,,,,,,,,,,,,,,,,,,,,,,,,,,,,,,,,,,,,,,,,
36710400,-1.6151965856552124,42.88381576538086,0.8215767634854771,0.2586909294128418,0.9158887386322021,6.671905517578124e-05,1.4662742614746094e-05,0.003778998851776123,0.010270905494689942,0.022463083267211914,0.025373135805130006,0.006250132322311402,1.1970807790756226,46.535156,-2.3267574,35.859375,-1.2333809,0.8671875,0.9988089076712895,0.999980481667436,4210.134240991975,7168.0,0.00014698505401611328,-0.25854394435882566,1.19858717918396,1.0,0.0,0.12464024126529694,-0.031947024166584015,-0.9260861873626709,-0.004125441424548626,0.930793821811676,1.0,-0.16872888803482056,-1.4061886072158813,1.5822691917419434,0.0018664976814761758,2.2474777698516846,0.06265747547149658,75.44679260253906,0.01777343824505806,0.7684671878814697,7170.0,0.00030309515,,,,,,,,,,,,,,,,,,,,,,,,,,,,,,,,,,,,,,,,,,,,,
36761600,-1.3655375242233276,38.11518478393555,0.8556469708302169,0.3275642156600952,0.8688356637954712,5.970358848571777e-05,1.3232231140136719e-05,0.00328995943069458,0.009344102144241332,0.022527194023132323,0.025174920558929444,0.00553828239440918,1.2189659833908082,47.472656,-2.3736322,38.929688,-1.3949374,0.86328125,0.9991985809408142,0.9999789348666664,4210.098328477728,7178.0,0.0001682758331298828,-0.3273959398269653,1.2049977779388428,1.0,1.0,0.09097716212272644,-0.029089951887726784,-0.7742422819137573,-0.0038299616426229477,1.2744941711425781,1.0,-0.16555237770080566,-1.0977787971496582,1.3126088380813599,0.0009951948886737227,1.198328971862793,0.06270275264978409,75.50132751464844,0.01796874962747097,0.8427554965019226,7180.0,0.00030296,,,,,,,,,,,,,,,,,,,,,,,,,,,,,,,,,,,,,,,,,,,,,
36812800,-1.4864484071731567,40.35454559326172,0.8393939393939394,0.2683138608932495,0.8884336471557617,6.339311599731445e-05,1.208782196044922e-05,0.0035900723934173583,0.009859848022460937,0.028480935096740722,0.024720126390457155,0.006151653528213501,1.1852649450302124,39.39453,-1.9697261,36.69922,-1.2909281,0.8515625,0.9991763277458264,0.9999794020209555,4210.217518680844,7188.0,0.00015952587127685547,-0.2681543350219726,1.2044451236724854,1.0,1.0,0.13559548556804657,-0.02561461180448532,-0.9039119482040405,0.005338133778423071,0.9313431978225708,1.0,-0.16642150282859802,-1.4078927040100098,1.6064484119415283,0.0011303568026050925,1.361079454421997,0.06276517361402512,75.57649230957031,0.02285156399011612,0.8279126882553101,7190.0,0.00030282483,,,,,,,,,,,,,,,,,,,,,,,,,,,,,,,,,,,,,,,,,,,,,
36864000,-1.3350415229797363,37.466522216796875,0.858806404657933,0.2925856113433838,0.8874164581298828,6.43002986907959e-05,1.239776611328125e-05,0.003602203130722046,0.009007246494293212,0.02098104953765869,0.025682746171951293,0.0059781956672668455,1.2010206937789918,38.304688,-1.9152339,35.183594,-1.2217829,0.85546875,0.9991857003949175,0.9999790369957124,4210.262337080999,7198.0,0.00017580986022949218,-0.2924098014831543,1.2033054828643799,1.0,1.0,0.17113396525382996,-0.04590476304292679,-0.8971704244613647,-0.0056662168353796005,0.9576197862625122,1.0,-0.16298064589500427,-1.0420713424682617,1.2423560619354248,0.0018102372996509075,2.1797337532043457,0.06276702880859375,75.57872009277344,0.029296875,0.7348605394363403,7200.0,0.00030268964,,,,,,,,,,,,,,,,,,,,,,,,,,,,,,,,,,,,,,,,,,,,,
36915200,-1.349765419960022,37.72024154663086,0.846095526914329,0.2712883949279785,0.9137157440185547,6.708383560180664e-05,1.2302398681640625e-05,0.0038491880893707277,0.009823458194732666,0.021244359016418458,0.025419392585754395,0.006489301919937134,1.2062848329544067,43.95703,-2.1978512,40.17578,-1.4874526,0.83203125,0.9991821838295861,0.9999800771823396,4210.285949130632,7208.0,0.0001322031021118164,-0.2711561918258667,1.1974785327911377,1.0,0.0,0.09033999592065811,-0.0318235382437706,-0.5849568843841553,0.0009057769202627242,1.5562524795532227,1.0,-0.16332215070724487,-0.41142746806144714,0.7249112129211426,0.0035223744343966246,4.241343975067139,0.06282298266887665,75.64610290527344,0.02675781399011612,0.7853975296020508,7210.0,0.0003025545,,,,,,,,,,,,,,,,,,,,,,,,,,,,,,,,,,,,,,,,,,,,,
36966400,-1.6094543933868408,42.60033416748047,0.8193172356369692,0.2949134349822998,0.8707475900650025,5.977034568786621e-05,1.2731552124023437e-05,0.003369184732437134,0.009150854349136352,0.01768007278442383,0.025215883255004883,0.005707831382751465,1.1833763360977172,44.101562,-2.2050776,42.085938,-1.5635829,0.8359375,0.9992223822697024,0.9999809809329622,4210.438291922815,7218.0,0.00016417503356933594,-0.29474925994873047,1.2034671306610107,1.0,1.0,0.1552101969718933,-0.035390377044677734,-0.8633798956871033,0.0011548642069101334,0.9549888372421265,1.0,-0.16457833349704742,-1.2800928354263306,1.472900390625,0.002551508601754904,3.072309970855713,0.0628630518913269,75.69434356689453,0.02285156212747097,0.7794315814971924,7220.0,0.0003024193,,,,,,,,,,,,,,,,,,,,,,,,,,,,,,,,,,,,,,,,,,,,,
37017600,-1.523136854171753,40.88594436645508,0.8385542168674699,0.312166166305542,0.8676050424575805,6.001830101013184e-05,1.2278556823730469e-05,0.0033598804473876955,0.009309219121932983,0.029001903533935548,0.02478755235671997,0.005829588174819946,1.2088128566741942,45.26172,-2.2630854,40.5,-1.5075198,0.828125,0.9992163779751208,0.9999772786828326,4210.441311950592,7228.0,0.00021307468414306642,-0.31195309162139895,1.1976659297943115,1.0,1.0,0.1432444006204605,-0.005325491074472666,-0.7894524335861206,0.03133581578731537,1.1476237773895264,1.0,-0.16364258527755737,-1.1638180017471313,1.3555960655212402,0.0015041274018585682,1.8111422061920166,0.06290023773908615,75.7391128540039,0.02402343787252903,0.7819867134094238,7230.0,0.00030228414,,,,,,,,,,,,,,,,,,,,,,,,,,,,,,,,,,,,,,,,,,,,,
37068800,-1.3574234247207642,38.15508270263672,0.8551572787125091,0.3020487785339355,0.8640861511230469,6.117582321166992e-05,1.2230873107910156e-05,0.0034501540660858156,0.008889782428741454,0.017342972755432128,0.024965399503707887,0.0058027696609497074,1.183514666557312,41.51953,-2.075976,36.460938,-1.257847,0.875,0.999189292099861,0.9999792708341664,4210.562710089335,7238.0,0.0003016233444213867,-0.3017471551895141,1.2007079124450684,1.0,1.0,0.11903484165668488,-0.04262731969356537,-0.8942662477493286,-0.015651000663638115,0.9410669803619385,1.0,-0.16384583711624146,-1.087299108505249,1.3029483556747437,0.001374441315419972,1.6549854278564453,0.06298159807920456,75.83708953857422,0.02011718787252903,0.817535400390625,7240.0,0.00030214895,,,,,,,,,,,,,,,,,,,,,,,,,,,,,,,,,,,,,,,,,,,,,
37120000,-1.1790473461151123,34.64480972290039,0.8790983606557377,0.3023742914199829,0.8813979625701904,6.282806396484375e-05,1.1777877807617187e-05,0.0037768197059631346,0.009059212207794189,0.015781664848327638,0.02513187289237976,0.006002973318099975,1.1995895385742188,43.39453,-2.1697264,31.757812,-1.0137837,0.90625,0.9991787605180733,0.999980124986803,4210.615675347857,7248.0,0.0003245830535888672,-0.30204970836639405,1.2514526844024658,1.0,0.0,0.2236223816871643,-0.05303175002336502,-0.8706781268119812,0.0009618871845304966,0.980801522731781,1.0,-0.164503276348114,-1.3505868911743164,1.5485243797302246,0.001474261051043868,1.7751797437667847,0.0630781501531601,75.95333862304688,0.0244140625,0.7298229932785034,7250.0,0.0003020138,,,,,,,,,,,,,,,,,,,,,,,,,,,,,,,,,,,,,,,,,,,,,
37171200,-1.2657667398452759,36.23931121826172,0.8613793103448276,0.30885605812072753,0.8734379291534424,6.137371063232422e-05,1.2516975402832031e-05,0.0034286439418792724,0.009819711446762086,0.018692898750305175,0.024642250537872314,0.005682419538497924,1.2010225534439087,38.132812,-1.9066403,35.078125,-1.1906276,0.87890625,0.9991413864505623,0.9999807243885934,4210.684842949409,7258.0,0.00021126270294189454,-0.3086447954177856,1.2009718418121338,1.0,1.0,0.15591104328632355,-0.07429993152618408,-0.8812655806541443,-0.03762442246079445,0.9752554893493652,1.0,-0.16241997480392456,-0.7893381118774414,1.0439354181289673,0.0015184490475803614,1.8283873796463013,0.06312395632266998,76.00849914550781,0.02734375,0.7751062512397766,7260.0,0.0003018786,,,,,,,,,,,,,,,,,,,,,,,,,,,,,,,,,,,,,,,,,,,,,
37222400,-1.1689972877502441,34.38352584838867,0.8771100607697502,0.22502562999725342,0.9502190828323365,7.613778114318848e-05,1.4448165893554688e-05,0.0044390857219696045,0.010405905246734619,0.021547722816467284,0.025455729961395265,0.0070907330513000485,1.1968342304229735,39.21875,-1.9609373,31.914062,-1.0367754,0.88671875,0.999087318285698,0.9999771508782689,4210.74815186925,7268.0,0.0003365993499755859,-0.22468903064727783,1.1973366737365723,1.0,1.0,0.29705578088760376,-0.051373742520809174,-0.8611732721328735,0.021583210676908493,0.9883079528808594,1.0,-0.16471809148788452,-1.707827091217041,1.940443515777588,0.0016754805110394955,2.0174713134765625,0.06319883465766907,76.09866333007812,0.02871093712747097,0.8109250068664551,7270.0,0.00030174345,,,,,,,,,,,,,,,,,,,,,,,,,,,,,,,,,,,,,,,,,,,,,
37273600,-1.1223335266113281,33.35248947143555,0.8722860791826309,0.3058887243270874,0.8741604328155518,6.12354278564453e-05,1.1968612670898438e-05,0.003596220016479492,0.009078197479248047,0.018726801872253417,0.02530271053314209,0.005634927749633789,1.1988109588623046,35.195312,-1.7597653,38.16797,-1.3854964,0.8515625,0.999205399075182,0.9999807882680993,4210.806392755058,7278.0,0.0002457618713378906,-0.3056429624557495,1.2006597518920898,1.0,1.0,0.06778742372989655,-0.029183048754930496,-0.7499792575836182,-0.009892173111438751,1.169708490371704,1.0,-0.16156712174415588,-0.7899883985519409,1.0256145000457764,0.0017294450663030148,2.0824506282806396,0.0632086843252182,76.11052703857422,0.0263671875,0.8678627610206604,7280.0,0.00030160826,,,,,,,,,,,,,,,,,,,,,,,,,,,,,,,,,,,,,,,,,,,,,
37324800,-1.2602107524871826,36.29230880737305,0.8725274725274725,0.2932456970214844,0.8745491027832031,6.246328353881836e-05,1.1372566223144532e-05,0.003690836429595947,0.009293681383132935,0.022592616081237794,0.024930737018585204,0.0057126939296722416,1.190420436859131,41.683594,-2.0841794,33.33203,-1.0990641,0.875,0.9991528641555489,0.999981814486452,4210.895022282769,7288.0,0.00011663436889648437,-0.2931290626525879,1.2409281730651855,1.0,0.0,0.15219327807426453,-0.03961353003978729,-0.8506059050559998,-0.0029987129382789135,0.9751741886138916,1.0,-0.1611161231994629,-1.1926034688949585,1.398086667060852,0.0016305653844028711,1.963388204574585,0.0632638931274414,76.177001953125,0.0234375,0.803479015827179,7290.0,0.0003014731,,,,,,,,,,,,,,,,,,,,,,,,,,,,,,,,,,,,,,,,,,,,,
37376000,-1.2084221839904785,35.10805130004883,0.8726772195457674,0.32236471176147463,0.8557912111282349,5.785346031188965e-05,1.2373924255371093e-05,0.00323178768157959,0.009359017610549927,0.02346646785736084,0.024709603786468505,0.005397629737854004,1.2016561031341553,42.41797,-2.120898,35.67578,-1.2348983,0.87109375,0.9992131660337236,0.9999822424545809,4210.960427607834,7298.0,0.00013747215270996094,-0.32222723960876465,1.1966941356658936,1.0,1.0,0.0871095284819603,-0.08279857039451599,-0.8597562313079834,-0.06327421963214874,0.9409430027008057,1.0,-0.15868276357650757,-0.6978838443756104,0.908871591091156,0.0015117977745831013,1.8203784227371216,0.06326784193515778,76.1817626953125,0.0244140625,0.7897646427154541,7300.0,0.00030133792,,,,,,,,,,,,,,,,,,,,,,,,,,,,,,,,,,,,,,,,,,,,,
37427200,-1.8089914321899414,46.10108184814453,0.7851985559566786,0.2804291248321533,0.8985789060592652,6.570696830749512e-05,1.3017654418945313e-05,0.0037540531158447264,0.010053533315658569,0.020865702629089357,0.024924122095108033,0.006094555854797363,1.1999104499816895,42.88672,-2.1443353,40.398438,-1.4896598,0.8203125,0.9991770571733267,0.9999802495204846,4211.008603372247,7308.0,0.0002222299575805664,-0.28020689487457273,1.2030274868011475,1.0,1.0,0.12702079117298126,-0.015906410291790962,-0.7745722532272339,0.016484510153532028,1.1526134014129639,1.0,-0.16160696744918823,-1.4869558811187744,1.6562260389328003,0.002250415040180087,2.7097585201263428,0.06331207603216171,76.23502349853516,0.01796875149011612,0.7730594873428345,7310.0,0.00030120276,,,,,,,,,,,,,,,,,,,,,,,,,,,,,,,,,,,,,,,,,,,,,
37478400,-1.362614631652832,38.012176513671875,0.8624641833810889,0.3239703893661499,0.8479101181030273,5.5544376373291015e-05,1.1801719665527344e-05,0.0030761361122131348,0.008466420173645019,0.021744585037231444,0.025350669622421263,0.005413336753845215,1.1936619520187377,35.601562,-1.7800778,33.640625,-1.1394655,0.8671875,0.9992122073804671,0.9999790076305765,4211.078799995112,7318.0,0.0003296375274658203,-0.32364075183868407,1.1968202590942383,1.0,1.0,0.18382622301578522,-0.0596555732190609,-0.8762192130088806,-0.01570546254515648,0.9522846937179565,1.0,-0.16084079444408417,-1.1878972053527832,1.4092340469360352,0.0008951548952609301,1.0778694152832031,0.06337996572256088,76.3167724609375,0.02675781399011612,0.7686690092086792,7320.0,0.0003010676,,,,,,,,,,,,,,,,,,,,,,,,,,,,,,,,,,,,,,,,,,,,,
37529600,-1.1615417003631592,34.42698287963867,0.8796940194714882,0.2896979093551636,0.8923645496368409,6.146907806396484e-05,1.2302398681640625e-05,0.0036374211311340334,0.009996745586395264,0.017371463775634765,0.025036697387695313,0.005849881172180176,1.1994702577590943,42.21875,-2.1109369,37.19922,-1.2955765,0.87109375,0.9991928606669114,0.9999799639944233,4211.134230808329,7328.0,0.00010852813720703125,-0.2895893812179566,1.1957573890686035,1.0,1.0,0.17493510246276855,-0.11051104217767715,-0.8610168695449829,-0.06846706569194794,0.9793170690536499,1.0,-0.16094595193862915,-0.9810134768486023,1.1726479530334473,0.005677449516952038,6.836302757263184,0.06341934949159622,76.36418914794922,0.01835937425494194,0.7118351459503174,7330.0,0.0003009324,,,,,,,,,,,,,,,,,,,,,,,,,,,,,,,,,,,,,,,,,,,,,
37580800,-1.3797399997711182,38.28934097290039,0.8498912255257433,0.2818794250488281,0.8894962787628173,6.388306617736816e-05,1.2135505676269531e-05,0.003571242094039917,0.01008359432220459,0.020470499992370605,0.02489899754524231,0.005820003747940064,1.1918811321258544,35.964844,-1.798242,38.742188,-1.434272,0.828125,0.9991659737444161,0.9999808766029198,4211.2169160294225,7338.0,0.00015611648559570311,-0.2817233085632324,1.1957488059997559,1.0,1.0,0.1268547773361206,-0.05439126491546631,-0.8411831855773926,-0.023834895342588425,1.004599928855896,1.0,-0.16097265481948853,-0.9439445734024048,1.1750109195709229,0.0008026609430089593,0.9664961695671082,0.06348562985658646,76.44400024414062,0.03007812425494194,0.8103010058403015,7340.0,0.00030079723,,,,,,,,,,,,,,,,,,,,,,,,,,,,,,,,,,,,,,,,,,,,,
37632000,-1.1636238098144531,34.41200256347656,0.882670262980445,0.307716965675354,0.8746496677398682,6.142377853393555e-05,1.2493133544921875e-05,0.0034046578407287598,0.009179757833480835,0.017132163047790527,0.025192230939865112,0.0058595073223114014,1.1995345592498778,36.617188,-1.830859,31.75,-1.0296023,0.91015625,0.9992018364984105,0.9999806010980336,4211.258506492094,7348.0,0.00021882057189941405,-0.3074981451034546,1.2074856758117676,1.0,1.0,0.16978314518928528,-0.04907217249274254,-0.9000169038772583,-0.009506186470389366,0.9191467761993408,1.0,-0.15963536500930786,-1.030387043952942,1.2157374620437622,0.002109099179506302,2.539597988128662,0.06355703622102737,76.52998352050781,0.02695312350988388,0.703231692314148,7350.0,0.00030066207,,,,,,,,,,,,,,,,,,,,,,,,,,,,,,,,,,,,,,,,,,,,,
37683200,-1.044198989868164,32.350486755371094,0.9094462540716612,0.3051931619644165,0.8713239192962646,6.215333938598633e-05,1.1515617370605468e-05,0.0035274970531463624,0.008830822706222534,0.020281887054443358,0.025199851989746093,0.005911176204681397,1.1968332052230835,42.640625,-2.132031,35.410156,-1.1969807,0.88671875,0.9992036332100493,0.99998101549114,4211.324423623346,7358.0,0.00012564659118652344,-0.30506751537322996,1.1961467266082764,1.0,1.0,0.11712820827960968,-0.04036322236061096,-0.9277255535125732,-0.014919755049049854,0.8734554052352905,1.0,-0.1602705717086792,-1.1249439716339111,1.325732946395874,0.001254127360880375,1.5101134777069092,0.06361448764801025,76.59915161132812,0.01894531399011612,0.8140183687210083,7360.0,0.0003005269,,,,,,,,,,,,,,,,,,,,,,,,,,,,,,,,,,,,,,,,,,,,,
37734400,-1.0160424709320068,31.572948455810547,0.8948027551659361,0.31076478958129883,0.8780115604400635,6.188154220581055e-05,1.2230873107910156e-05,0.003468126058578491,0.00949487805366516,0.02038397789001465,0.024885413646698,0.005955581665039063,1.2091932773590088,45.679688,-2.2839842,32.640625,-1.0826876,0.8828125,0.9992096446702988,0.9999828657875364,4211.331961379026,7368.0,0.00010082721710205078,-0.3106639623641968,1.1915805339813232,1.0,1.0,0.11224610358476639,-0.08567202836275101,-0.8005260825157166,-0.05700816214084625,1.11238431930542,1.0,-0.16002053022384644,-0.6600805521011353,0.9138597249984741,0.005152854137122631,6.204628944396973,0.06367814540863037,76.6758041381836,0.02285156399011612,0.7727382183074951,7370.0,0.00030039172,,,,,,,,,,,,,,,,,,,,,,,,,,,,,,,,,,,,,,,,,,,,,
37785600,-1.1507104635238647,33.990997314453125,0.8784565916398713,0.3169020891189575,0.8473512172698975,6.093025207519531e-05,1.2350082397460937e-05,0.0033190464973449707,0.008901407718658447,0.02141306400299072,0.024798793792724608,0.005251047611236573,1.1857037782669066,39.210938,-1.9605466,31.789062,-1.0172641,0.91015625,0.9991423865166054,0.9999788667345733,4211.441497501002,7378.0,0.00022013187408447265,-0.316681957244873,1.196605920791626,1.0,1.0,0.11695900559425354,-0.018399229273200035,-0.8178383708000183,0.010583709925413132,1.023654818534851,1.0,-0.1572088897228241,-0.9010647535324097,1.1139819622039795,0.0007390454411506653,0.8898956775665283,0.06370802223682404,76.7117919921875,0.02871093712747097,0.8012837171554565,7380.0,0.00030025654,,,,,,,,,,,,,,,,,,,,,,,,,,,,,,,,,,,,,,,,,,,,,
37836800,-1.1529176235198975,34.23081970214844,0.8825883922615076,0.31014931201934814,0.8608885288238526,6.334781646728515e-05,1.175403594970703e-05,0.003513650894165039,0.00924476146697998,0.013681745529174805,0.0250279176235199,0.005160828828811645,1.1847537994384765,38.773438,-1.9386714,35.015625,-1.1805031,0.8671875,0.9992119813399042,0.9999810432934151,4211.553136324475,7388.0,0.00016055107116699218,-0.3099887609481812,1.2006914615631104,1.0,1.0,0.10929082334041595,-0.02921776846051216,-0.7933928966522217,-0.0003181551583111286,1.1356983184814453,1.0,-0.15764740109443665,-0.5225722193717957,0.8192240595817566,0.0007649532053619623,0.9210915565490723,0.06377578526735306,76.79338073730469,0.03046874888241291,0.7853673696517944,7390.0,0.00030012138,,,,,,,,,,,,,,,,,,,,,,,,,,,,,,,,,,,,,,,,,,,,,
37888000,-1.1309596300125122,34.02501678466797,0.8904665314401623,0.339939546585083,0.815071988105774,5.594968795776367e-05,1.1682510375976562e-05,0.003029149770736694,0.008263381719589234,0.02577242851257324,0.024454408884048463,0.004918093681335449,1.1808184385299683,42.19922,-2.1099606,35.503906,-1.2338309,0.85546875,0.9991996863566152,0.9999806974421991,4211.6857551695975,7398.0,0.00014035701751708985,-0.33979918956756594,1.1953632831573486,1.0,1.0,0.12151598930358887,0.01628180779516697,-0.817620038986206,0.046542488038539886,1.0384254455566406,1.0,-0.16036561131477356,-1.3089637756347656,1.4862020015716553,0.0014540792908519506,1.7508786916732788,0.06382349133491516,76.85082244873047,0.02382812649011612,0.8221979141235352,7400.0,0.00029998622,,,,,,,,,,,,,,,,,,,,,,,,,,,,,,,,,,,,,,,,,,,,,
37939200,-1.007351279258728,31.622209548950195,0.9089306698002351,0.3766089916229248,0.808207893371582,5.376219749450684e-05,1.1467933654785157e-05,0.003083888292312622,0.009115350246429444,0.025370144844055177,0.024012166261672973,0.0041162109375,1.210222101211548,31.960938,-1.5980465,31.515625,-1.0210967,0.91015625,0.9992819487805666,0.9999804966052864,4211.68755566286,7408.0,0.00028927326202392577,-0.3763197183609009,1.2022626399993896,1.0,1.0,0.1685163676738739,-0.009405365213751793,-0.768848180770874,0.034674376249313354,1.1450555324554443,1.0,-0.15828965604305267,-0.9191508293151855,1.1651842594146729,0.0010993931209668517,1.3237956762313843,0.0638900101184845,76.930908203125,0.03339843824505806,0.7709211111068726,7410.0,0.00029985103,,,,,,,,,,,,,,,,,,,,,,,,,,,,,,,,,,,,,,,,,,,,,
37990400,-0.9863280653953552,31.12686538696289,0.9092039800995025,0.2812453031539917,0.8843657970428467,6.5690279006958e-05,1.1873245239257812e-05,0.0036723196506500246,0.008895305395126342,0.02102649211883545,0.025634832382202148,0.005913186073303223,1.186671757698059,36.445312,-1.8222654,30.0625,-0.9408893,0.89453125,0.9991642356143303,0.9999812145717623,4211.788615649609,7418.0,0.00017559528350830078,-0.2810697078704834,1.2032160758972168,1.0,0.0,0.108157679438591,-0.02801358327269554,-0.8556818962097168,-0.0023201366420835257,0.9816973805427551,1.0,-0.15848025679588318,-0.7646803855895996,0.9868647456169128,0.0008337813196703792,1.0039684772491455,0.06391384452581406,76.95960998535156,0.0302734375,0.7644422054290771,7420.0,0.00029971587,,,,,,,,,,,,,,,,,,,,,,,,,,,,,,,,,,,,,,,,,,,,,
38041600,-1.014162302017212,31.565797805786133,0.898283534647171,0.3006032705307007,0.8863867998123169,6.461262702941894e-05,1.1849403381347657e-05,0.00358096718788147,0.010080064535140992,0.016714715957641603,0.024904712438583373,0.005651520490646362,1.2037399053573608,42.48828,-2.1244137,29.4375,-0.891182,0.92578125,0.9991547096292012,0.9999806688693988,4211.814507990234,7428.0,0.00018346309661865234,-0.30041980743408203,1.1936967372894287,1.0,1.0,0.13038738071918488,-0.009760710410773754,-0.8295240998268127,0.021852264180779457,1.0491396188735962,1.0,-0.1580086499452591,-1.1933226585388184,1.3754844665527344,0.001467378344386816,1.7668923139572144,0.06396061927080154,77.01594543457031,0.02382812649011612,0.7699736952781677,7430.0,0.0002995807,,,,,,,,,,,,,,,,,,,,,,,,,,,,,,,,,,,,,,,,,,,,,
38092800,-1.0756957530975342,32.86927032470703,0.8940520446096655,0.3012592554092407,0.8568488836288453,5.792975425720215e-05,1.125335693359375e-05,0.0032817220687866213,0.0092400324344635,0.017750859260559082,0.0248163640499115,0.005412362813949585,1.1758924961090087,35.257812,-1.7628903,28.207031,-0.8051083,0.93359375,0.9992056228181165,0.9999810829191412,4211.95899144003,7438.0,0.00012896060943603515,-0.3011302947998047,1.1945385932922363,1.0,1.0,0.16805805265903473,-0.02575954608619213,-0.7567204236984253,0.018210235983133316,1.1566847562789917,1.0,-0.15809962153434753,-0.8629762530326843,1.1024415493011475,0.0016420468455180526,1.9772131443023682,0.06404829025268555,77.12150573730469,0.03652343899011612,0.7501351833343506,7440.0,0.00029944553,,,,,,,,,,,,,,,,,,,,,,,,,,,,,,,,,,,,,,,,,,,,,
38144000,-0.9515374898910522,30.756010055541992,0.9086538461538461,0.359783935546875,0.8109854698181153,5.460739135742187e-05,1.2254714965820312e-05,0.0030967164039611816,0.007744559049606323,0.028858208656311037,0.025071988105773924,0.004549560546875,1.1996670246124268,35.34375,-1.7671872,33.3125,-1.1073927,0.890625,0.9992147333209546,0.9999773638221252,4212.010519477196,7448.0,0.00042467117309570314,-0.3593592643737793,1.1967458724975586,1.0,1.0,0.0999445840716362,-0.03664416819810867,-0.8602285385131836,-0.013483828864991665,0.9577207565307617,1.0,-0.15763573348522186,-0.8568293452262878,1.0718555450439453,0.0006610996788367629,0.7960400581359863,0.06408067047595978,77.16049194335938,0.03261718899011612,0.8102843761444092,7450.0,0.00029931034,,,,,,,,,,,,,,,,,,,,,,,,,,,,,,,,,,,,,,,,,,,,,
38195200,-0.9978722333908081,31.313337326049805,0.9004467134652202,0.2991748332977295,0.8651924133300781,6.32476806640625e-05,1.2350082397460937e-05,0.0035651910305023195,0.009105066061019898,0.02256121635437012,0.024996726512908934,0.005492640733718872,1.1869653940200806,43.671875,-2.1835933,32.652344,-1.0755901,0.88671875,0.9991505092480325,0.9999792909248836,4212.1196549676915,7458.0,0.00020356178283691405,-0.29897127151489256,1.1944918632507324,1.0,0.0,0.08219294250011444,-0.02406250685453415,-0.8529040813446045,-0.004946653265506029,1.023848295211792,1.0,-0.15680810809135437,-1.1133286952972412,1.297804832458496,0.0008669126546010375,1.0438625812530518,0.06415137648582458,77.24563598632812,0.01953125,0.8475733399391174,7460.0,0.00029917518,,,,,,,,,,,,,,,,,,,,,,,,,,,,,,,,,,,,,,,,,,,,,
38246400,-0.9085459113121033,29.668743133544922,0.912797281993205,0.31466989517211913,0.8861562728881835,6.49869441986084e-05,1.2254714965820312e-05,0.00359506368637085,0.009425930976867676,0.016170620918273926,0.025282472372055054,0.005899726152420044,1.2170347690582275,39.003906,-1.9501948,29.539062,-0.9176877,0.8984375,0.999105496091163,0.9999788622598638,4212.107531433525,7468.0,0.0002935647964477539,-0.31437633037567136,1.1983766555786133,1.0,1.0,0.10267951339483261,-0.04201545566320419,-0.8423988819122314,-0.01737198792397976,1.0367636680603027,1.0,-0.15283426642417908,-0.9328071475028992,1.1482092142105103,0.0009010208304971457,1.0849326848983765,0.06420090049505234,77.30526733398438,0.02714843861758709,0.843532919883728,7470.0,0.00029904,,,,,,,,,,,,,,,,,,,,,,,,,,,,,,,,,,,,,,,,,,,,,
38297600,-0.945566713809967,30.310144424438477,0.9095652173913044,0.2533327579498291,0.9043242454528808,7.010340690612794e-05,1.220703125e-05,0.003988611698150635,0.009190003871917724,0.02178182601928711,0.0253751540184021,0.006553219556808472,1.1794761419296265,34.765625,-1.738281,25.550781,-0.6855993,0.9375,0.9991348297769149,0.9999787147230139,4212.243828184056,7478.0,0.0003176212310791016,-0.25301513671875003,1.1960327625274658,1.0,1.0,0.19000615179538727,-0.08807849884033203,-0.8653650283813477,-0.04268332198262215,0.9573062658309937,1.0,-0.1533859372138977,-0.8981701135635376,1.0935420989990234,0.0009885248728096485,1.1902976036071777,0.06423618644475937,77.3477554321289,0.03398437425494194,0.6798084378242493,7480.0,0.00029890484,,,,,,,,,,,,,,,,,,,,,,,,,,,,,,,,,,,,,,,,,,,,,
38348800,-0.9452475309371948,30.475921630859375,0.908692933083177,0.3123462677001953,0.8611758708953857,6.07764720916748e-05,1.2493133544921875e-05,0.0033875107765197754,0.009005285501480102,0.0229968786239624,0.024683713912963867,0.005887014865875244,1.1965539455413818,44.410156,-2.2205074,29.941406,-0.9420053,0.89453125,0.999198955358497,0.9999812501656302,4212.309786460382,7488.0,0.00024542808532714846,-0.3121008396148682,1.198326587677002,1.0,1.0,0.13076113164424896,-0.07636414468288422,-0.8393068313598633,-0.04427654296159744,1.0639314651489258,1.0,-0.15259528160095215,-0.6059932708740234,0.8683027625083923,0.004767695441842079,5.740853309631348,0.06433285027742386,77.46414947509766,0.02363281324505806,0.7390711307525635,7490.0,0.00029876965,,,,,,,,,,,,,,,,,,,,,,,,,,,,,,,,,,,,,,,,,,,,,
38400000,-1.4400745630264282,39.59043502807617,0.8535127055306427,0.2540720224380493,0.9355954647064209,7.376670837402343e-05,1.4424324035644531e-05,0.004282079935073853,0.010153276920318604,0.022307586669921876,0.025298514366149903,0.006930649280548096,1.212015151977539,37.48828,-1.8744137,32.109375,-1.0384493,0.88671875,0.9991131631902559,0.9999788337306926,4212.302978220221,7498.0,0.0002138376235961914,-0.25385818481445316,1.3597681522369385,1.0,0.0,0.1361861228942871,-0.061190128326416016,-0.7501252889633179,-0.026298888027668,1.0846248865127563,1.0,-0.15268373489379883,-0.7156853675842285,0.9479024410247803,0.001542661222629249,1.8575413227081299,0.06432274729013443,77.45198059082031,0.03398437425494194,0.7633929252624512,7500.0,0.0002986345,,,,,,,,,,,,,,,,,,,,,,,,,,,,,,,,,,,,,,,,,,,,,
38451200,-0.9912638068199158,31.0573673248291,0.9009661835748792,0.31928677558898927,0.8511723279953003,6.0086250305175784e-05,1.080036163330078e-05,0.0033596289157867432,0.008885736465454102,0.017310333251953126,0.024568841457366944,0.005650662183761597,1.1878023862838745,36.585938,-1.8292965,29.625,-0.93811524,0.88671875,0.9992090643461182,0.9999813528864276,4212.425486191789,7508.0,0.00019326210021972657,-0.3190935134887695,1.1968994140625,1.0,1.0,0.16401517391204834,-0.018270615488290787,-0.8461260795593262,0.02116069197654724,1.0053207874298096,1.0,-0.155138298869133,-1.2003724575042725,1.386979103088379,0.0015551315154880285,1.872557282447815,0.06446373462677002,77.62175750732422,0.03574218973517418,0.7812130451202393,7510.0,0.0002984993,,,,,,,,,,,,,,,,,,,,,,,,,,,,,,,,,,,,,,,,,,,,,
38502400,-0.8756536841392517,28.842937469482422,0.9175141242937853,0.2952603816986084,0.8850389957427979,6.406188011169433e-05,1.201629638671875e-05,0.0035802412033081057,0.009645969867706298,0.02062501907348633,0.02484159231185913,0.006084002256393432,1.2009606122970582,37.164062,-1.8582027,26.925781,-0.7688434,0.93359375,0.9991846174477104,0.9999798498922188,4212.468145048653,7518.0,0.0003880977630615234,-0.2948722839355469,1.1972546577453613,1.0,1.0,0.21480295062065125,-0.024561449885368347,-0.833551287651062,0.028388723731040955,1.0352671146392822,1.0,-0.15304401516914368,-1.2614612579345703,1.4805455207824707,0.0014210205990821123,1.7110722064971924,0.06456287205219269,77.74111938476562,0.02851562574505806,0.7958260178565979,7520.0,0.00029836415,,,,,,,,,,,,,,,,,,,,,,,,,,,,,,,,,,,,,,,,,,,,,
38553600,-0.8306369781494141,28.162765502929688,0.9227000544365814,0.2683772087097168,0.9189745664596558,7.16090202331543e-05,1.220703125e-05,0.0040716886520385746,0.009923658370971679,0.018694567680358886,0.025185130834579468,0.006657387018203735,1.2060848712921142,35.07422,-1.7537107,25.792969,-0.7107693,0.921875,0.999145690677656,0.9999781761534704,4212.481913846175,7528.0,0.00034322738647460935,-0.2680339813232422,1.1906945705413818,1.0,1.0,0.12287458032369614,-0.036409396678209305,-0.745647668838501,-0.0036285314708948135,1.1555500030517578,1.0,-0.15058764815330505,-0.387643963098526,0.7205507755279541,0.0017425687983632088,2.0982532501220703,0.06459051370620728,77.7744140625,0.04023437574505806,0.7565495371818542,7530.0,0.000298229,,,,,,,,,,,,,,,,,,,,,,,,,,,,,,,,,,,,,,,,,,,,,
38604800,-0.8816286325454712,29.382474899291992,0.9159265837773831,0.2829626798629761,0.8839320182800293,6.575226783752442e-05,1.1515617370605468e-05,0.0038615453243255617,0.00939515709877014,0.02382974624633789,0.024807326793670655,0.0060301744937896725,1.1907586336135865,41.21875,-2.0609374,30.789062,-0.9649055,0.921875,0.9991708652961975,0.9999809586878209,4212.570909117514,7538.0,0.0002322673797607422,-0.28273041248321534,1.2431831359863281,1.0,0.0,0.17702016234397888,-0.0863894373178482,-0.8205330967903137,-0.04291312396526337,1.0346630811691284,1.0,-0.15233281254768372,-0.8632491230964661,1.0874361991882324,0.0010947916889563203,1.3182549476623535,0.06466521322727203,77.86436462402344,0.02968749962747097,0.7389050722122192,7540.0,0.0002980938,,,,,,,,,,,,,,,,,,,,,,,,,,,,,,,,,,,,,,,,,,,,,
38656000,-0.9247663021087646,30.0701847076416,0.91415313225058,0.3014193058013916,0.875177526473999,6.372332572937011e-05,1.1992454528808593e-05,0.003501204252243042,0.009264588356018066,0.017799925804138184,0.025051655769348143,0.005841343402862549,1.1944318294525147,38.714844,-1.9357417,29.921875,-0.8928666,0.92578125,0.9991690550454312,0.9999806779107121,4212.6648515872375,7548.0,0.00034532546997070315,-0.3010739803314209,1.1969783306121826,1.0,1.0,0.11832749843597412,-0.010496237315237522,-0.7356188297271729,0.02162332832813263,1.2254738807678223,1.0,-0.1519458293914795,-0.9160882830619812,1.1129131317138672,0.0011101278942078352,1.336721420288086,0.06467456370592117,77.8756103515625,0.02695312723517418,0.7831113934516907,7550.0,0.0002979586,,,,,,,,,,,,,,,,,,,,,,,,,,,,,,,,,,,,,,,,,,,,,
38707200,-0.9573227167129517,30.540681838989258,0.911136757068667,0.27750253677368164,0.9063640594482422,6.946444511413575e-05,1.1444091796875e-05,0.0039700746536254885,0.00956459641456604,0.015088868141174317,0.025212703943252562,0.0064616954326629636,1.1989911556243897,31.96875,-1.5984372,33.125,-1.1011832,0.8984375,0.9991246766069902,0.9999797770238914,4212.708375394045,7558.0,0.0003235101699829102,-0.27717902660369875,1.1996502876281738,1.0,1.0,0.1136014387011528,-0.038630515336990356,-0.7220489978790283,-0.007770173717290163,1.2024074792861938,1.0,-0.149428591132164,-0.31154167652130127,0.6430292129516602,0.0011153316590934992,1.3429875373840332,0.0647258311510086,77.93734741210938,0.03964843973517418,0.7415497899055481,7560.0,0.00029782346,,,,,,,,,,,,,,,,,,,,,,,,,,,,,,,,,,,,,,,,,,,,,
38758400,-0.9077048301696777,29.575326919555664,0.9175563463819691,0.27668755054473876,0.8988422870635986,6.584882736206055e-05,1.220703125e-05,0.0038376402854919433,0.009888501167297363,0.015085482597351074,0.024921895265579225,0.006192055940628052,1.1906514883041381,37.1875,-1.8593748,31.394531,-1.0187231,0.90625,0.9991951231636095,0.9999798756668639,4212.797353548424,7568.0,0.0001972198486328125,-0.27649033069610596,1.1956043243408203,1.0,1.0,0.1757839322090149,-0.0571335032582283,-0.7844065427780151,-0.012518540024757385,1.114720106124878,1.0,-0.15226277709007263,-1.1022065877914429,1.292511224746704,0.001157898223027587,1.394242525100708,0.06478486210107803,78.0084228515625,0.03242187574505806,0.7636795043945312,7570.0,0.0002976883,,,,,,,,,,,,,,,,,,,,,,,,,,,,,,,,,,,,,,,,,,,,,
38809600,-0.805222749710083,27.929462432861328,0.9338035811177429,0.3093698024749756,0.8697384119033813,6.226301193237304e-05,1.2445449829101563e-05,0.0034264028072357178,0.009109592437744141,0.02086021900177002,0.024851361513137816,0.00600255012512207,1.2000055313110352,36.117188,-1.805859,28.800781,-0.86202955,0.94140625,0.999200893061147,0.9999794563604618,4212.845738458151,7578.0,0.0001348257064819336,-0.30923497676849365,1.1982245445251465,1.0,1.0,0.14875951409339905,-0.022571606561541557,-0.745079755783081,0.016676798462867737,1.1359407901763916,1.0,-0.1494038999080658,-0.6625952124595642,0.9014936685562134,0.0016274480149149895,1.9596346616744995,0.06484095007181168,78.07595825195312,0.03535156324505806,0.7026057243347168,7580.0,0.0002975531,,,,,,,,,,,,,,,,,,,,,,,,,,,,,,,,,,,,,,,,,,,,,
38860800,-0.7589352130889893,26.86842155456543,0.9285714285714286,0.3275908470153809,0.8375261306762696,5.498051643371582e-05,1.0728836059570312e-05,0.0030112922191619872,0.009031723737716674,0.02551701068878174,0.02457909345626831,0.005168595314025879,1.1906684160232544,40.691406,-2.03457,27.773438,-0.82301795,0.921875,0.9992687681235167,0.9999800962161726,4212.930553748568,7588.0,0.00017647743225097657,-0.3274143695831299,1.1955475807189941,1.0,1.0,0.11401964724063873,-0.057251524180173874,-0.8115490078926086,-0.02905530110001564,1.0613911151885986,1.0,-0.1489686220884323,-0.8415464162826538,1.0554077625274658,0.0031149033457040787,3.750702142715454,0.06490044295787811,78.14759826660156,0.02695312537252903,0.7942344546318054,7590.0,0.00029741792,,,,,,,,,,,,,,,,,,,,,,,,,,,,,,,,,,,,,,,,,,,,,
38912000,-0.7947806119918823,27.42311668395996,0.9288702928870293,0.30001239776611327,0.8700044393539429,6.200790405273437e-05,1.1372566223144532e-05,0.003484598398208618,0.009305517673492431,0.02491030693054199,0.0248611056804657,0.005753462314605713,1.1949623107910157,35.875,-1.7937496,29.667969,-0.9285039,0.91015625,0.9992291994073766,0.999980087929151,4212.9938128163085,7598.0,0.00022346973419189452,-0.29978892803192136,1.2033801078796387,1.0,1.0,0.14011329412460327,-0.06087660789489746,-0.8560264110565186,-0.027668043971061707,0.9714336395263672,1.0,-0.15043285489082336,-1.0605425834655762,1.2540490627288818,0.002003813162446022,2.4128217697143555,0.06490084528923035,78.14808654785156,0.02812500111758709,0.8061222434043884,7600.0,0.00029728276,,,,,,,,,,,,,,,,,,,,,,,,,,,,,,,,,,,,,,,,,,,,,
38963200,-0.8981095552444458,29.536239624023438,0.9258210645526613,0.2694552898406982,0.9066812992095947,6.775140762329102e-05,1.087188720703125e-05,0.003902871608734131,0.010022886991500855,0.023674535751342773,0.02489053249359131,0.006414061784744263,1.1998448133468629,32.121094,-1.6060543,25.847656,-0.7141443,0.94140625,0.9992067626338552,0.9999809836590814,4213.034706577895,7608.0,0.00019097328186035156,-0.26926431655883787,1.1984782218933105,1.0,1.0,0.09941473603248596,-0.034566283226013184,-0.7513324022293091,-0.00812162458896637,1.1205735206604004,1.0,-0.1478787362575531,-0.5608351826667786,0.8131356239318848,0.001593890367075801,1.9192272424697876,0.06500539928674698,78.27398681640625,0.03886719048023224,0.8006060719490051,7610.0,0.0002971476,,,,,,,,,,,,,,,,,,,,,,,,,,,,,,,,,,,,,,,,,,,,,
39014400,-0.7161922454833984,26.261892318725586,0.9375959079283888,0.3109031438827515,0.8520461559295655,5.766630172729492e-05,1.1706352233886719e-05,0.0033475351333618164,0.00960464119911194,0.02480008602142334,0.02399999737739563,0.005560986995697022,1.1877821683883667,31.566406,-1.57832,19.71875,-0.36281878,0.9765625,0.9992610543697548,0.9999822558353261,4213.137312002307,7618.0,0.0001247882843017578,-0.31077835559844974,1.2008936405181885,1.0,1.0,0.10194933414459229,-0.02201913669705391,-0.7223954200744629,0.006258583627641201,1.215053677558899,1.0,-0.1464439183473587,-0.49358513951301575,0.7631340026855469,0.0008972324430942535,1.0803709030151367,0.06502903997898102,78.30243682861328,0.04453125223517418,0.8043158054351807,7620.0,0.00029701242,,,,,,,,,,,,,,,,,,,,,,,,,,,,,,,,,,,,,,,,,,,,,
39065600,-0.8424356579780579,28.42938804626465,0.9228130360205832,0.30090343952178955,0.8793992519378662,6.342649459838867e-05,1.220703125e-05,0.003546161651611328,0.009348442554473877,0.021247386932373047,0.02505234956741333,0.005920459032058716,1.201584029197693,37.335938,-1.8667964,28.253906,-0.83586097,0.93359375,0.9991102267451,0.9999819040750495,4213.174003059479,7628.0,0.0001863241195678711,-0.3007171154022217,1.202308177947998,1.0,1.0,0.10717320442199707,-0.025258513167500496,-0.7395563125610352,0.002622723113745451,1.106561303138733,1.0,-0.1456974297761917,-0.6510325074195862,0.8586596250534058,0.0013238006504252553,1.594008207321167,0.06504014879465103,78.3158187866211,0.0322265625,0.760277509689331,7630.0,0.00029687726,,,,,,,,,,,,,,,,,,,,,,,,,,,,,,,,,,,,,,,,,,,,,
39116800,-1.0410553216934204,32.134273529052734,0.9068056407112202,0.26574704647064207,0.9090343713760376,6.834030151367187e-05,1.25885009765625e-05,0.00400115966796875,0.009991015195846558,0.021648311614990236,0.024923068284988404,0.006428861618041992,1.1964663028717042,32.60547,-1.6302731,37.171875,-1.3060653,0.875,0.9991359292524208,0.9999799535440321,4213.229398790215,7638.0,0.0001795053482055664,-0.2655675411224365,1.1981847286224365,1.0,1.0,0.0698225125670433,-0.017342550680041313,-0.7033674716949463,0.003399608191102743,1.2086312770843506,1.0,-0.1474705934524536,-0.4799218773841858,0.7009748220443726,0.0007686035241931677,0.9254869818687439,0.06509611010551453,78.3832015991211,0.03574218600988388,0.8070268034934998,7640.0,0.00029674207,,,,,,,,,,,,,,,,,,,,,,,,,,,,,,,,,,,,,,,,,,,,,
39168000,-1.0541785955429077,32.43669128417969,0.9050387596899225,0.31596922874450684,0.8446897029876709,5.593061447143555e-05,1.1205673217773438e-05,0.003092226982116699,0.00882051944732666,0.028225231170654296,0.02486725091934204,0.005368037223815918,1.1889172554016114,36.464844,-1.8232417,28.632812,-0.8564351,0.9296875,0.9992773686667935,0.9999815909597896,4213.326886367603,7648.0,0.00015854835510253906,-0.3158106803894043,1.2025022506713867,1.0,1.0,0.09921103715896606,-0.043625980615615845,-0.771891176700592,-0.0185660719871521,1.0639567375183105,1.0,-0.14581260085105896,-0.5977252125740051,0.8133217096328735,0.0009514441480860114,1.1456481218338013,0.06517913937568665,78.48316955566406,0.02949218824505806,0.7666472792625427,7650.0,0.00029660692,,,,,,,,,,,,,,,,,,,,,,,,,,,,,,,,,,,,,,,,,,,,,
39219200,-0.7820250391960144,27.42136001586914,0.9298618490967057,0.28934876918792723,0.8887753248214721,6.431102752685547e-05,1.2373924255371093e-05,0.0036253046989440916,0.009608036279678345,0.02707986831665039,0.024847434759140016,0.006258406639099121,1.2052386045455932,34.875,-1.7437497,22.773438,-0.5413288,0.94921875,0.9992062597666679,0.9999815237454193,4213.349350309355,7658.0,0.0001321077346801758,-0.28921666145324704,1.1989164352416992,1.0,1.0,0.110993392765522,-0.06215960159897804,-0.8257492184638977,-0.03518679738044739,1.0291101932525635,1.0,-0.14479079842567444,-0.7431573867797852,0.9805343747138977,0.0011607945198193192,1.3977301120758057,0.06524470448493958,78.5621337890625,0.03437500074505806,0.8138423562049866,7660.0,0.00029647173,,,,,,,,,,,,,,,,,,,,,,,,,,,,,,,,,,,,,,,,,,,,,
39270400,-0.8561546802520752,29.013349533081055,0.922809053975624,0.3069927453994751,0.8580513715744018,5.7463645935058596e-05,1.0991096496582032e-05,0.0031955301761627196,0.00936558961868286,0.025504565238952635,0.02486809730529785,0.00538235068321228,1.1905800580978394,39.601562,-1.9800777,29.671875,-0.90381527,0.9296875,0.9992182950685625,0.9999828782714992,4213.433997830217,7668.0,0.00010857582092285156,-0.30688416957855225,1.204209804534912,1.0,0.0,0.1463543027639389,-0.052076686173677444,-0.8082109689712524,-0.016346070915460587,1.0235145092010498,1.0,-0.14818455278873444,-1.1690938472747803,1.3452558517456055,0.0013012278359383345,1.5668277740478516,0.06531430780887604,78.64594268798828,0.02519531175494194,0.7593961954116821,7670.0,0.00029633657,,,,,,,,,,,,,,,,,,,,,,,,,,,,,,,,,,,,,,,,,,,,,
39321600,-0.8503021597862244,28.660194396972656,0.924487594390507,0.3145700216293335,0.8536163806915283,5.9554576873779295e-05,1.2850761413574218e-05,0.0033021795749664305,0.009211872816085815,0.029294896125793456,0.02434642791748047,0.005727989673614502,1.1975181818008422,32.039062,-1.6019529,25.992188,-0.71473134,0.92578125,0.9992316343430792,0.9999799313337044,4213.477500430423,7678.0,0.00022749900817871095,-0.3143425226211548,1.2093603610992432,1.0,1.0,0.12325756251811981,-0.0591086819767952,-0.6638868451118469,-0.024221858009696007,1.2703958749771118,1.0,-0.14654166996479034,-0.338811993598938,0.6946154832839966,0.0016560342628508806,1.9940557479858398,0.0653996616601944,78.74870300292969,0.04218750074505806,0.7519255876541138,7680.0,0.00029620138,,,,,,,,,,,,,,,,,,,,,,,,,,,,,,,,,,,,,,,,,,,,,
39372800,-0.6501541137695312,24.939794540405273,0.9446891825746452,0.30747482776641843,0.8800967454910278,6.239533424377441e-05,1.373291015625e-05,0.0035297667980194094,0.009472734928131103,0.01460111141204834,0.024730217456817628,0.006173006296157837,1.202211856842041,33.007812,-1.6503903,25.195312,-0.670928,0.953125,0.9991656267025245,0.9999788396177883,4213.509492240318,7688.0,0.00023405551910400392,-0.30724077224731444,1.2043683528900146,1.0,1.0,0.12351369112730026,-0.024933964014053345,-0.7211500406265259,0.008164036087691784,1.1945748329162598,1.0,-0.14720237255096436,-0.7362462878227234,0.9700275659561157,0.0019332933006808162,2.3279075622558594,0.06543726474046707,78.79399108886719,0.03984375298023224,0.7948735356330872,7690.0,0.00029606622,,,,,,,,,,,,,,,,,,,,,,,,,,,,,,,,,,,,,,,,,,,,,
39424000,-0.8089184761047363,28.101110458374023,0.9327777777777778,0.29964759349823,0.8679377317428589,6.154298782348633e-05,1.2063980102539063e-05,0.003594080209732056,0.008700182437896728,0.02699451446533203,0.025142713785171508,0.0058613669872283935,1.1946180820465089,35.421875,-1.7710934,30.105469,-0.8930104,0.94140625,0.9991474001431768,0.9999780864191001,4213.575701533494,7698.0,0.00031921863555908205,-0.29932837486267094,1.1976304054260254,1.0,1.0,0.1227959617972374,-0.021444734185934067,-0.7090181112289429,0.012008359655737877,1.20740807056427,1.0,-0.14639782905578613,-0.618293285369873,0.888405978679657,0.001215339289046824,1.4634082317352295,0.06550216674804688,78.87213897705078,0.033203125,0.7836905121803284,7700.0,0.00029593107,,,,,,,,,,,,,,,,,,,,,,,,,,,,,,,,,,,,,,,,,,,,,
39475200,-0.6657982468605042,25.23099136352539,0.9451395572666025,0.29195194244384765,0.8990215301513672,6.46960735321045e-05,1.068115234375e-05,0.0037825357913970946,0.00980341672897339,0.012427067756652832,0.02517256498336792,0.006090388298034668,1.2034335374832152,30.617188,-1.530859,24.542969,-0.6216712,0.9609375,0.9991663240310413,0.9999814564092583,4213.604754454331,7708.0,0.00014362335205078124,-0.2918083190917969,1.1997449398040771,1.0,0.0,0.09456431120634079,-0.0354725643992424,-0.6789537668228149,-0.007844374515116215,1.2565009593963623,1.0,-0.1430864930152893,-0.3280436396598816,0.6492651700973511,0.0008306680247187614,1.0002198219299316,0.06550135463476181,78.87116241455078,0.03203125298023224,0.7673368453979492,7710.0,0.00029579588,,,,,,,,,,,,,,,,,,,,,,,,,,,,,,,,,,,,,,,,,,,,,
39526400,-0.9752520322799683,31.19841766357422,0.913572732805843,0.2721226930618286,0.9225843906402588,6.829261779785156e-05,1.2159347534179688e-05,0.003903015851974487,0.009949526786804198,0.015324735641479492,0.025663702487945556,0.006503959894180298,1.2100688219070435,30.386719,-1.5193357,27.367188,-0.77312016,0.94140625,0.9991172212813554,0.9999794695842975,4213.625282248015,7718.0,0.0001422882080078125,-0.2719804048538208,1.2013237476348877,1.0,1.0,0.05320025607943535,-0.004828499164432287,-0.689511775970459,0.013305284082889557,1.2814751863479614,1.0,-0.1460767686367035,-0.3840038478374481,0.666582465171814,0.0016656693769618869,2.005657434463501,0.06556227058172226,78.94451904296875,0.04179687798023224,0.8540000915527344,7720.0,0.0002956607,,,,,,,,,,,,,,,,,,,,,,,,,,,,,,,,,,,,,,,,,,,,,
39577600,-0.8042365908622742,27.98214340209961,0.9386160714285714,0.3136122703552246,0.8568063497543335,5.634188652038574e-05,1.1229515075683594e-05,0.0031231904029846193,0.009000924825668334,0.021740436553955078,0.024749519824981688,0.005876249074935913,1.1921912670135497,34.51172,-1.7255855,24.066406,-0.5793028,0.95703125,0.9992042198885313,0.9999824014522322,4213.705122818904,7728.0,0.00017664432525634765,-0.3134356260299683,1.1940953731536865,1.0,1.0,0.14925946295261383,-0.03284226730465889,-0.7538754940032959,0.005373955238610506,1.1209681034088135,1.0,-0.14626196026802063,-0.8082482218742371,0.9904971122741699,0.0016802726313471794,2.0232415199279785,0.06564265489578247,79.04129791259766,0.03964843973517418,0.7203429937362671,7730.0,0.00029552553,,,,,,,,,,,,,,,,,,,,,,,,,,,,,,,,,,,,,,,,,,,,,
39628800,-0.7254247665405273,26.35015296936035,0.936289500509684,0.2793748140335083,0.9025933504104614,6.586313247680664e-05,1.239776611328125e-05,0.003723551034927368,0.00923113226890564,0.02093961238861084,0.025579400062561035,0.006490986347198486,1.2029441833496093,32.5625,-1.6281247,26.179688,-0.74313724,0.93359375,0.9991417026408156,0.9999800416750437,4213.7361188549385,7738.0,0.00020036697387695312,-0.27917444705963135,1.1968107223510742,1.0,1.0,0.07166118919849396,-0.02895357832312584,-0.6687774062156677,-0.007215036079287529,1.253579020500183,1.0,-0.14585727453231812,-0.4371528625488281,0.7199674844741821,0.001245494233444333,1.499718427658081,0.06571613997220993,79.12979125976562,0.0380859375,0.8434375524520874,7740.0,0.00029539037,,,,,,,,,,,,,,,,,,,,,,,,,,,,,,,,,,,,,,,,,,,,,
39680000,-0.8764617443084717,29.37620735168457,0.9263285024154589,0.2512917995452881,0.9398884534835815,7.2556734085083e-05,1.2826919555664062e-05,0.0041554832458496095,0.010377706289291381,0.02184185981750488,0.025371196269989012,0.006975512504577636,1.2130592346191407,42.535156,-2.1267574,31.886719,-0.98789716,0.9296875,0.9991069657206489,0.9999799722449514,4213.722131165376,7748.0,0.00011968612670898438,-0.2511721134185791,1.2418088912963867,1.0,0.0,0.08756841719150543,-0.02316993474960327,-0.6810493469238281,0.0020174523815512657,1.2242944240570068,1.0,-0.14712661504745483,-0.6800138354301453,0.8693690299987793,0.001112573896534741,1.3396668434143066,0.06575222313404083,79.1732406616211,0.02656250074505806,0.7793641090393066,7750.0,0.0002952552,,,,,,,,,,,,,,,,,,,,,,,,,,,,,,,,,,,,,,,,,,,,,
39731200,-0.7954782247543335,27.711828231811523,0.9286086503387181,0.32654407024383547,0.8495802402496337,5.7687759399414064e-05,1.0967254638671875e-05,0.0031580162048339844,0.009166232347488402,0.022917461395263673,0.024419634342193602,0.005642997026443481,1.1990748405456544,34.804688,-1.740234,32.191406,-1.0461766,0.8984375,0.9991891446977937,0.99998156795428,4213.789261119486,7758.0,0.00011909008026123047,-0.32642498016357424,1.2004857063293457,1.0,1.0,0.10972088575363159,-0.05323990061879158,-0.6743412613868713,-0.020790357142686844,1.3029290437698364,1.0,-0.14819084107875824,-0.5725106000900269,0.8305037021636963,0.004084405489265919,4.918094158172607,0.06585173308849335,79.29306030273438,0.0341796875,0.792434811592102,7760.0,0.00029512,,,,,,,,,,,,,,,,,,,,,,,,,,,,,,,,,,,,,,,,,,,,,
39782400,-0.9124093055725098,29.699642181396484,0.9195470798569726,0.2587725162506104,0.897137713432312,6.60252571105957e-05,1.25885009765625e-05,0.003725621700286865,0.009615449905395508,0.02117476463317871,0.02518389582633972,0.006225851774215699,1.177121067047119,40.132812,-2.0066402,28.503906,-0.83184874,0.93359375,0.9991073564812247,0.9999800494352714,4213.913452777422,7768.0,0.00010824203491210938,-0.25866427421569826,1.2000799179077148,1.0,1.0,0.08267663419246674,-0.053635794669389725,-0.778366208076477,-0.0331687293946743,1.0421125888824463,1.0,-0.14606304466724396,-0.5387565493583679,0.7621118426322937,0.0048882970586419106,5.886071681976318,0.06579334288835526,79.22274780273438,0.02460937574505806,0.8015915155410767,7770.0,0.00029498484,,,,,,,,,,,,,,,,,,,,,,,,,,,,,,,,,,,,,,,,,,,,,
39833600,-1.1658865213394165,34.41815948486328,0.8880053015241882,0.3206300973892212,0.8473439455032349,5.9331655502319333e-05,1.3065338134765624e-05,0.0032090163230895996,0.008723647594451904,0.022841811180114746,0.02493495225906372,0.005403815507888794,1.1908530235290526,37.253906,-1.8626951,31.667969,-1.0133324,0.8984375,0.9991400437718648,0.9999797589476863,4213.9907574667295,7778.0,0.00016252994537353517,-0.3204675674438477,1.1977202892303467,1.0,1.0,0.13455310463905334,-0.06496531516313553,-0.7513453960418701,-0.03025895357131958,1.1352578401565552,1.0,-0.14528971910476685,-0.4979498088359833,0.7463573217391968,0.0010915567399933934,1.3143599033355713,0.06589968502521515,79.35079956054688,0.03593749925494194,0.7237834930419922,7780.0,0.00029484968,,,,,,,,,,,,,,,,,,,,,,,,,,,,,,,,,,,,,,,,,,,,,
39884800,-0.7248334884643555,26.303030014038086,0.9299895506792059,0.2944205284118652,0.8824642658233642,6.600022315979004e-05,1.1849403381347657e-05,0.0036711561679840087,0.009511008262634277,0.0211503267288208,0.02486356019973755,0.005973204374313355,1.1980711460113525,40.597656,-2.0298822,27.757812,-0.8058059,0.9296875,0.9991323373688449,0.9999798211950923,4214.03940951017,7788.0,0.00021932125091552734,-0.2942012071609497,1.2429890632629395,1.0,0.0,0.13768351078033447,-0.033545009791851044,-0.8304467797279358,-0.0006177665200084448,1.0030677318572998,1.0,-0.14509466290473938,-1.0549330711364746,1.212386131286621,0.0014498764649033546,1.745818018913269,0.06597234308719635,79.43829345703125,0.02031250111758709,0.719684362411499,7790.0,0.0002947145,,,,,,,,,,,,,,,,,,,,,,,,,,,,,,,,,,,,,,,,,,,,,
39936000,-0.6467162370681763,24.82703971862793,0.9473193473193473,0.3348212242126465,0.8424587249755859,6.040811538696289e-05,1.2135505676269531e-05,0.0032564985752105715,0.00881729245185852,0.022861146926879884,0.02464537858963013,0.00530774712562561,1.20017466545105,32.57422,-1.6287107,20.796875,-0.44543207,0.96484375,0.999154584313468,0.9999821410742301,4214.103150186579,7798.0,0.00013215541839599608,-0.3346890687942505,1.1938960552215576,1.0,1.0,0.09925474226474762,-0.03363427892327309,-0.7898343801498413,-0.008776072412729263,1.0448659658432007,1.0,-0.14283156394958496,-0.5456082820892334,0.8022459149360657,0.0006109183887019753,0.7356159687042236,0.0660494938492775,79.53118133544922,0.04179687798023224,0.7944284677505493,7800.0,0.00029457934,,,,,,,,,,,,,,,,,,,,,,,,,,,,,,,,,,,,,,,,,,,,,
39987200,-0.6375144124031067,24.71449089050293,0.9452975047984645,0.36878042221069335,0.8090455293655395,5.339860916137695e-05,1.2516975402832031e-05,0.0028033888339996337,0.0081048583984375,0.0205075740814209,0.0250392746925354,0.004419904947280884,1.1983689069747925,31.382812,-1.5691403,24.214844,-0.59572285,0.94140625,0.9992225162683528,0.9999809204481168,4214.152013012001,7808.0,0.00014226436614990235,-0.36863815784454346,1.197659969329834,1.0,1.0,0.1620321273803711,-0.04255624860525131,-0.7285315990447998,-0.0006440228316932917,1.135671615600586,1.0,-0.1418813169002533,-0.77153480052948,0.9738510847091675,0.0013792153913527727,1.660733938217163,0.06612753868103027,79.62515258789062,0.03671874850988388,0.7265124917030334,7810.0,0.00029444415,,,,,,,,,,,,,,,,,,,,,,,,,,,,,,,,,,,,,,,,,,,,,
40038400,-0.4943893551826477,22.066120147705078,0.9624027657735523,0.27830541133880615,0.9027692079544067,6.538152694702149e-05,1.1038780212402343e-05,0.003640068769454956,0.009957616329193114,0.013938570022583007,0.025371354818344117,0.006066031455993652,1.1950461626052857,31.925781,-1.5962889,19.46875,-0.35181302,0.97265625,0.9991579797482549,0.9999816454711427,4214.204832914411,7818.0,0.00012378692626953126,-0.27818162441253663,1.1948964595794678,1.0,1.0,0.09238395094871521,-0.038463301956653595,-0.6913446187973022,-0.012536222115159035,1.2084753513336182,1.0,-0.1405983567237854,-0.4875549376010895,0.7660157680511475,0.0007440547342412174,0.8959275484085083,0.06618013232946396,79.68848419189453,0.04140625149011612,0.8121569752693176,7820.0,0.000294309,,,,,,,,,,,,,,,,,,,,,,,,,,,,,,,,,,,,,,,,,,,,,
40058880,,,,,,,,,,,,,,,,,,,,,,,,,,,,,,,,,,,,,,,,,,,,,-1.2743070964454364,35.8125,0.796875,0.0,0.0,0.0,0.0,0.0,0.0,0.0,0.0,1.0,0.0,0.0,0.0,-1.2766508464454365,35.859375,0.796875,0.0,0.0,0.0,0.0,0.0,0.0,0.0,0.0,1.0,0.0,0.0,0.0,-1.3709296435379037,37.53125,0.78125,0.0,0.0,0.0,0.0,0.0,0.0,0.0,0.0,1.0,0.0,0.0,0.0
40089600,-0.6784905195236206,25.573183059692383,0.9426816786079836,0.28097407817840575,0.7632955074310303,5.163073539733887e-05,1.1181831359863281e-05,0.0032026708126068116,0.007393330335617065,0.023186492919921874,0.022888184785842897,0.0045973420143127445,1.0674889087677002,36.73047,-1.8365233,32.29297,-1.0694505,0.9140625,0.9991715741160048,0.9999797202511383,4212.564449938487,7828.0,0.008381867408752441,-0.2725922107696533,1.2077960968017578,1.0,1.0,0.13446426391601562,-0.08924456685781479,-0.721000075340271,-0.05412553250789642,1.1466047763824463,1.0,-0.13952942192554474,-0.467893123626709,0.7090961933135986,0.004554214887320995,5.483798980712891,0.06622645258903503,79.7442626953125,0.03554687649011612,0.7209346890449524,7830.0,0.0002941738,,,,,,,,,,,,,,,,,,,,,,,,,,,,,,,,,,,,,,,,,,,,,
40140800,-0.8797324895858765,29.092710494995117,0.9206997084548105,0.2843159198760986,0.8977025508880615,6.722331047058105e-05,1.2612342834472656e-05,0.0038381004333496093,0.009501466751098633,0.014565873146057128,0.025314509868621826,0.006126465797424316,1.1966217041015625,41.83203,-2.091601,35.51953,-1.2443829,0.87109375,0.9991676222062386,0.9999793185695814,4212.624167573037,7838.0,0.00023725032806396485,-0.2840786695480346,1.1996312141418457,1.0,1.0,0.0501919649541378,-0.028988346457481384,-0.8514939546585083,-0.018209706991910934,1.0204691886901855,1.0,-0.1417735069990158,-0.6906518936157227,0.8670306205749512,0.0015500254230573773,1.8664088249206543,0.06621643900871277,79.73220825195312,0.013671875,0.8275792598724365,7840.0,0.00029403865,,,,,,,,,,,,,,,,,,,,,,,,,,,,,,,,,,,,,,,,,,,,,
40192000,-0.7429032325744629,27.0,0.9461499748364368,0.350104832649231,0.8449838638305665,5.9648752212524415e-05,1.208782196044922e-05,0.0033705532550811768,0.008025082349777222,0.01829218864440918,0.02555586338043213,0.005204778909683227,1.2134141683578492,32.265625,-1.6132809,22.585938,-0.49384174,0.9609375,0.9992126111333953,0.9999825324178382,4212.603185272931,7848.0,0.00021202564239501952,-0.34989280700683595,1.2042627334594727,1.0,1.0,0.07319461554288864,-0.03168797120451927,-0.7621370553970337,-0.012322746217250824,1.122626543045044,1.0,-0.13731682300567627,-0.391038715839386,0.6678012609481812,0.0008115561213344336,0.9772069454193115,0.06628161668777466,79.81068420410156,0.04453125223517418,0.8152792453765869,7850.0,0.00029390346,,,,,,,,,,,,,,,,,,,,,,,,,,,,,,,,,,,,,,,,,,,,,
40243200,-0.9027284383773804,29.738067626953125,0.9200477326968973,0.3037009954452515,0.8557093143463135,6.141066551208496e-05,1.3208389282226562e-05,0.0035914838314056396,0.008575717210769654,0.02482559680938721,0.025266808271408082,0.005256034135818481,1.184273076057434,37.57422,-1.8787106,33.058594,-1.0867007,0.90234375,0.9992050664441414,0.9999797672786082,4212.701912461558,7858.0,0.00018291473388671876,-0.30351808071136477,1.1919255256652832,1.0,1.0,0.07443505525588989,-0.06334885954856873,-0.8562653064727783,-0.04675867408514023,0.9900658130645752,1.0,-0.14017273485660553,-0.7374687194824219,0.9097583293914795,0.0024064749013632536,2.897672653198242,0.06633979082107544,79.8807373046875,0.02558593824505806,0.8124189376831055,7860.0,0.0002937683,,,,,,,,,,,,,,,,,,,,,,,,,,,,,,,,,,,,,,,,,,,,,
40294400,-0.6997157335281372,25.87639808654785,0.9416058394160584,0.310731840133667,0.8624383449554444,5.9661865234375e-05,1.1229515075683594e-05,0.0033645927906036377,0.009190424680709838,0.017735981941223146,0.02479366898536682,0.005679625272750855,1.1909392833709718,29.855469,-1.4927732,22.859375,-0.5409721,0.94921875,0.999212844528418,0.9999816222154503,4212.782303204121,7868.0,0.00020575523376464844,-0.31052608489990235,1.1954376697540283,1.0,0.0,0.11213970184326172,-0.048167161643505096,-0.6695359945297241,-0.01661420240998268,1.241442084312439,1.0,-0.13710390031337738,-0.33806899189949036,0.6635411977767944,0.0006432217778638005,0.7745130062103271,0.06638771295547485,79.93844604492188,0.046875,0.7637968063354492,7870.0,0.00029363311,,,,,,,,,,,,,,,,,,,,,,,,,,,,,,,,,,,,,,,,,,,,,
40345600,-0.5114538073539734,22.341266632080078,0.9568926807364168,0.2645661115646362,0.9211405992507935,6.934523582458497e-05,1.3232231140136719e-05,0.00396841049194336,0.010494623184204101,0.01820228099822998,0.025084401369094848,0.006403918266296387,1.2039456605911254,35.503906,-1.7751949,22.410156,-0.51952523,0.96484375,0.999211164610355,0.9999805335513945,4212.810631848492,7878.0,0.0001378297805786133,-0.2644282817840576,1.1961486339569092,1.0,1.0,0.10663285851478577,-0.04988877475261688,-0.7415603995323181,-0.022110745310783386,1.1276551485061646,1.0,-0.13661089539527893,-0.5553039312362671,0.774504542350769,0.0025406761560589075,3.0592665672302246,0.06645742058753967,80.02236938476562,0.03847656399011612,0.7643163800239563,7880.0,0.00029349796,,,,,,,,,,,,,,,,,,,,,,,,,,,,,,,,,,,,,,,,,,,,,
40396800,-0.5295594930648804,22.76180076599121,0.9592897358163707,0.29633092880249023,0.8689314365386963,6.167292594909668e-05,1.876354217529297e-05,0.0034574878215789793,0.008914450407028198,0.021128582954406738,0.02494393229484558,0.006034766435623169,1.1864331007003783,30.203125,-1.5101559,20.265625,-0.3786589,0.98046875,0.9992114005669707,0.999980286404184,4212.906418739288,7888.0,0.00018093585968017578,-0.2961499929428101,1.1985094547271729,1.0,1.0,0.1065501719713211,-0.04683833569288254,-0.7033286690711975,-0.01753821037709713,1.1877970695495605,1.0,-0.13593095541000366,-0.5780547261238098,0.797285795211792,0.0017032308969646692,2.0508859157562256,0.06650443375110626,80.0789794921875,0.0400390625,0.7931119203567505,7890.0,0.00029336277,,,,,,,,,,,,,,,,,,,,,,,,,,,,,,,,,,,,,,,,,,,,,
40448000,-0.609808623790741,24.32238006591797,0.9566666666666667,0.29196996688842775,0.8866390228271485,6.394505500793457e-05,1.2660026550292969e-05,0.003796858787536621,0.009332371950149536,0.020600104331970216,0.025110228061676024,0.005992550849914551,1.1992470026016235,30.683594,-1.5341794,31.210938,-0.97916335,0.92578125,0.9991880249764334,0.9999789463492741,4212.954929896125,7898.0,0.00016760826110839844,-0.29180235862731935,1.199052333831787,1.0,1.0,0.09294355660676956,-0.040923818945884705,-0.6741143465042114,-0.013623949140310287,1.2570092678070068,1.0,-0.13583610951900482,-0.48049575090408325,0.7045935392379761,0.0007821881445124745,0.9418444633483887,0.06656520813703537,80.15216064453125,0.03925781324505806,0.775033175945282,7900.0,0.0002932276,,,,,,,,,,,,,,,,,,,,,,,,,,,,,,,,,,,,,,,,,,,,,
40499200,-0.6766056418418884,25.475154876708984,0.9446169772256728,0.27123892307281494,0.9058385848999023,6.982922554016113e-05,1.2445449829101563e-05,0.00394039511680603,0.00956255078315735,0.020115256309509277,0.025086709260940553,0.006595225334167481,1.197231125831604,38.42578,-1.9212887,27.605469,-0.7667469,0.93359375,0.9991782305367869,0.9999783533028926,4212.994510132445,7908.0,0.00017244815826416015,-0.27106647491455077,1.2043936252593994,1.0,0.0,0.16415256261825562,-0.04642739146947861,-0.6774882674217224,-0.002023315755650401,1.2375762462615967,1.0,-0.13685424625873566,-0.8895896673202515,1.0677539110183716,0.0025619808584451675,3.0849194526672363,0.06663380563259125,80.23475646972656,0.0341796875,0.7182543277740479,7910.0,0.00029309245,,,,,,,,,,,,,,,,,,,,,,,,,,,,,,,,,,,,,,,,,,,,,
40550400,-0.6713215708732605,25.148725509643555,0.9423984891406988,0.2959864616394043,0.8889667749404907,6.436347961425781e-05,1.1873245239257812e-05,0.003584975004196167,0.009103052616119385,0.01840851306915283,0.02561601161956787,0.0060444498062133785,1.2033996105194091,30.359375,-1.5179687,23.46875,-0.57728195,0.95703125,0.9992016299750719,0.9999784048250515,4213.042056339544,7918.0,0.00016267299652099608,-0.2958237886428833,1.201902151107788,1.0,1.0,0.118619903922081,-0.06818574666976929,-0.751219630241394,-0.03824303671717644,1.071300745010376,1.0,-0.13433198630809784,-0.4938969314098358,0.7157837152481079,0.0015087757492437959,1.816739559173584,0.06666141748428345,80.26802062988281,0.03867187350988388,0.7269476056098938,7920.0,0.00029295727,,,,,,,,,,,,,,,,,,,,,,,,,,,,,,,,,,,,,,,,,,,,,
40601600,-0.5298896431922913,22.61040687561035,0.9571491036292086,0.28180713653564454,0.8887288331985473,6.361722946166992e-05,1.1849403381347657e-05,0.003548901081085205,0.00971305251121521,0.022765374183654784,0.024783239364624024,0.006278631687164307,1.193336510658264,28.367188,-1.418359,23.832031,-0.5856254,0.953125,0.9988973062525585,0.999980460384118,4213.108100125666,7928.0,0.00012559890747070311,-0.28168153762817383,1.1974973678588867,1.0,1.0,0.12697920203208923,-0.056774646043777466,-0.6594197154045105,-0.021627020090818405,1.2181642055511475,1.0,-0.13164687156677246,-0.26857951283454895,0.5947216749191284,0.0008760407799854875,1.0548536777496338,0.06672906875610352,80.34947204589844,0.05078125,0.7144060730934143,7930.0,0.00029282208,,,,,,,,,,,,,,,,,,,,,,,,,,,,,,,,,,,,,,,,,,,,,
40652800,-0.5185387134552002,22.4341983795166,0.9601731601731601,0.28312506675720217,0.8936904668807983,6.725311279296875e-05,1.3279914855957032e-05,0.00379289984703064,0.008975228071212768,0.023647880554199217,0.025373287200927734,0.006439763307571411,1.2004996299743653,25.933594,-1.2966795,21.9375,-0.4943961,0.96875,0.9991922974264151,0.9999808947318792,4213.149892011991,7938.0,0.00016810894012451172,-0.28295695781707764,1.1960575580596924,1.0,1.0,0.13976232707500458,-0.04308639094233513,-0.6393715143203735,-0.004088602960109711,1.2599737644195557,1.0,-0.13250301778316498,-0.2636275291442871,0.5957058668136597,0.0012216910254210234,1.4710564613342285,0.06678612530231476,80.41816711425781,0.0537109375,0.7002741098403931,7940.0,0.00029268692,,,,,,,,,,,,,,,,,,,,,,,,,,,,,,,,,,,,,,,,,,,,,
40704000,-0.38628485798835754,20.061389923095703,0.9745557350565428,0.2954684019088745,0.8894311428070069,6.495118141174317e-05,1.1801719665527344e-05,0.0035425209999084472,0.009023258686065674,0.01744074821472168,0.025446107387542726,0.006359351873397827,1.2023741245269775,31.902344,-1.5951169,20.984375,-0.43691522,0.97265625,0.9992047273741212,0.9999816780182976,4213.177709064295,7948.0,0.00012328624725341797,-0.2953451156616211,1.242523193359375,1.0,0.0,0.1182730421423912,-0.028495918959379196,-0.6414279341697693,0.005313855595886707,1.2916698455810547,1.0,-0.13378793001174927,-0.7717755436897278,0.9600975513458252,0.000998589675873518,1.2024166584014893,0.06683069467544556,80.47184753417969,0.04296875,0.7950738668441772,7950.0,0.00029255176,,,,,,,,,,,,,,,,,,,,,,,,,,,,,,,,,,,,,,,,,,,,,
40755200,-0.4823828339576721,21.842592239379883,0.9692760942760943,0.3102494955062866,0.8600181579589844,5.7348012924194335e-05,1.1444091796875e-05,0.003142678737640381,0.009224590063095093,0.021558475494384766,0.02508158802986145,0.005462445020675659,1.1918615579605103,29.175781,-1.4587889,24.46875,-0.62573797,0.95703125,0.9992498290075875,0.9999798760947549,4213.27746548251,7958.0,0.0001628398895263672,-0.31008665561676024,1.1972548961639404,1.0,1.0,0.07201053202152252,-0.03016487881541252,-0.7049463391304016,-0.009643047116696835,1.2046229839324951,1.0,-0.13166499137878418,-0.3912196755409241,0.6099863052368164,0.0009287527063861489,1.1183249950408936,0.06686152517795563,80.50895690917969,0.041015625,0.7738814353942871,7960.0,0.00029241657,,,,,,,,,,,,,,,,,,,,,,,,,,,,,,,,,,,,,,,,,,,,,
40806400,-0.6889182925224304,25.646997451782227,0.9436031331592689,0.2912968873977661,0.8895538806915283,6.417155265808105e-05,1.270771026611328e-05,0.0036435532569885254,0.009288053512573242,0.017967653274536134,0.025146126747131348,0.006300203800201416,1.1988557577133179,37.32422,-1.8662106,28.890625,-0.8545209,0.94140625,0.9991999323302116,0.9999794565450741,4213.321731353483,7968.0,0.00012929439544677733,-0.2911675930023193,1.1962165832519531,1.0,1.0,0.09277091920375824,-0.05105176195502281,-0.6044268608093262,-0.02132340706884861,1.3504184484481812,1.0,-0.13273826241493225,-0.3596373498439789,0.6095861792564392,0.0027075358666479588,3.2601845264434814,0.06693854928016663,80.6017074584961,0.04042968899011612,0.7490094304084778,7970.0,0.0002922814,,,,,,,,,,,,,,,,,,,,,,,,,,,,,,,,,,,,,,,,,,,,,
40857600,-0.7450622916221619,26.934860229492188,0.9475826972010178,0.2649198055267334,0.9154484748840332,7.140517234802246e-05,1.2898445129394532e-05,0.004125583171844483,0.00944661021232605,0.023098325729370116,0.025340995788574218,0.006749414205551148,1.2035033226013183,30.578125,-1.528906,24.238281,-0.5972553,0.95703125,0.9991607349924833,0.9999802094305807,4213.341004075502,7978.0,0.00017702579498291016,-0.2647427797317505,1.1940624713897705,1.0,1.0,0.11253680288791656,-0.030694054439663887,-0.7421120405197144,-0.001493857242166996,1.112013816833496,1.0,-0.13187897205352783,-0.43330880999565125,0.6583502292633057,0.001954273320734501,2.3531696796417236,0.06695917248725891,80.62654876708984,0.04277344048023224,0.7425654530525208,7980.0,0.00029214623,,,,,,,,,,,,,,,,,,,,,,,,,,,,,,,,,,,,,,,,,,,,,
40908800,-0.4763921797275543,21.69181251525879,0.9618516930990142,0.2857495307922363,0.8786922693252563,6.157994270324708e-05,1.1444091796875e-05,0.0035842037200927734,0.009422082901000977,0.018166160583496092,0.025066007375717164,0.005767598152160645,1.1826416492462157,32.89453,-1.6447263,22.132812,-0.5013653,0.95703125,0.9992456659573559,0.9999811908759983,4213.451647081462,7988.0,0.00011463165283203125,-0.28563489913940426,1.2417409420013428,1.0,0.0,0.06954224407672882,-0.025470759719610214,-0.7099007368087769,-0.0056662349961698055,1.1852229833602905,1.0,-0.12976665794849396,-0.4368477463722229,0.6851050853729248,0.0008611853118054569,1.03696608543396,0.06702534854412079,80.70623016357422,0.041015625,0.827286422252655,7990.0,0.00029201107,,,,,,,,,,,,,,,,,,,,,,,,,,,,,,,,,,,,,,,,,,,,,
40960000,-0.6356636881828308,24.782093048095703,0.9483657034580767,0.2599316596984863,0.9318608045578003,7.430553436279297e-05,1.2230873107910156e-05,0.004285147190093994,0.009959946870803833,0.018135952949523925,0.02549726366996765,0.006737543344497681,1.2099626779556274,28.539062,-1.4269528,26.484375,-0.7294047,0.9296875,0.9991665360754712,0.9999817929287321,4213.469819942424,7998.0,0.00010592937469482422,-0.25982573032379147,1.2055044174194336,1.0,1.0,0.09722600877285004,-0.053136833012104034,-0.6421133279800415,-0.02414652891457081,1.2818855047225952,1.0,-0.13154390454292297,-0.30713361501693726,0.6042691469192505,0.0014607487246394157,1.7589094638824463,0.06707129627466202,80.76155090332031,0.04238281399011612,0.7539384365081787,8000.0,0.00029187588,,,,,,,,,,,,,,,,,,,,,,,,,,,,,,,,,,,,,,,,,,,,,
41011200,-0.40751293301582336,20.47716522216797,0.971259842519685,0.27191274166107177,0.89073166847229,6.327748298645019e-05,1.2135505676269531e-05,0.003477698564529419,0.008921785354614258,0.01661195755004883,0.025892062187194823,0.006148145198822021,1.1792917490005492,25.367188,-1.2683592,19.550781,-0.35911092,0.98046875,0.9992452354248237,0.9999802883285819,4213.597377220432,8008.0,0.00012936592102050782,-0.27178337574005124,1.198108196258545,1.0,1.0,0.10053236037492752,-0.04001988470554352,-0.7159296870231628,-0.013129184022545815,1.1517114639282227,1.0,-0.128804013133049,-0.33278688788414,0.606688380241394,0.001670107594691217,2.0110015869140625,0.06710915267467499,80.80712890625,0.052734375,0.7656334638595581,8010.0,0.00029174073,,,,,,,,,,,,,,,,,,,,,,,,,,,,,,,,,,,,,,,,,,,,,
41062400,-0.40984970331192017,20.281723022460938,0.9720670391061452,0.299247670173645,0.8853129625320435,6.201028823852538e-05,1.2278556823730469e-05,0.0035194981098175047,0.009670741558074951,0.016289019584655763,0.024789779186248778,0.006190303564071655,1.2008837699890136,26.828125,-1.3414059,18.222656,-0.29022843,0.98046875,0.9992473752997929,0.9999818141085828,4213.636575872295,8018.0,0.00017087459564208985,-0.29907679557800293,1.1954991817474365,1.0,1.0,0.0958283394575119,-0.0426398366689682,-0.6942545175552368,-0.017077725380659103,1.128961205482483,1.0,-0.12971122562885284,-0.3896825313568115,0.6192361116409302,0.00044053024612367153,0.5304491519927979,0.0671682059764862,80.87825012207031,0.04531250149011612,0.7596180438995361,8020.0,0.00029160554,,,,,,,,,,,,,,,,,,,,,,,,,,,,,,,,,,,,,,,,,,,,,
41113600,-0.3919923007488251,20.073638916015625,0.9714061887974932,0.2901578187942505,0.8875006437301636,6.41179084777832e-05,1.1944770812988282e-05,0.0035480296611785887,0.009554486274719238,0.0222628116607666,0.025022952556610106,0.006140382289886475,1.1999562740325929,26.640625,-1.332031,16.320312,-0.19890565,0.98828125,0.9989844853419693,0.9999807867360686,4213.678491057675,8028.0,0.00011653900146484375,-0.29004127979278566,1.2014868259429932,1.0,1.0,0.09964042901992798,-0.04985155910253525,-0.6865909099578857,-0.022532198578119278,1.166823148727417,1.0,-0.12687712907791138,-0.3703213334083557,0.6448326110839844,0.0007659683469682932,0.922313928604126,0.06725458800792694,80.98226928710938,0.05078125,0.7794541120529175,8030.0,0.00029147038,,,,,,,,,,,,,,,,,,,,,,,,,,,,,,,,,,,,,,,,,,,,,
41164800,-0.3630863428115845,19.52910614013672,0.975157582499073,0.3012556076049805,0.8691816329956055,6.12795352935791e-05,1.1730194091796876e-05,0.0034142208099365236,0.009296048879623414,0.020571231842041016,0.024906216859817504,0.005748625993728638,1.1910439014434815,20.898438,-1.0449218,17.347656,-0.2427394,0.9921875,0.999247808049787,0.999980102490988,4213.758016938661,8038.0,0.00019702911376953124,-0.301058578491211,1.1979684829711914,1.0,1.0,0.07992751151323318,-0.04612200707197189,-0.6010245084762573,-0.020491909235715866,1.3271905183792114,1.0,-0.1267681121826172,-0.05997283756732941,0.4245592951774597,0.0012956915888935328,1.5601617097854614,0.06730124354362488,81.03843688964844,0.06386718899011612,0.7224658727645874,8040.0,0.0002913352,,,,,,,,,,,,,,,,,,,,,,,,,,,,,,,,,,,,,,,,,,,,,
41216000,-0.41948747634887695,20.613008499145508,0.9662601626016261,0.30892531871795653,0.8722511768341065,6.086826324462891e-05,1.1348724365234375e-05,0.003361450433731079,0.008697147369384766,0.017256855964660645,0.025514113903045654,0.005946264266967773,1.1984664916992187,22.820312,-1.1410155,18.578125,-0.3096942,0.97265625,0.9992498810847086,0.9999818172153491,4213.8012555467785,8048.0,0.00011775493621826171,-0.3088075637817383,1.199568748474121,1.0,1.0,0.09701646864414215,-0.03536388278007507,-0.6287281513214111,-0.007779449224472046,1.2115263938903809,1.0,-0.12523402273654938,-0.2148636430501938,0.515824556350708,0.0005687798839062452,0.6848763227462769,0.06730656325817108,81.04485321044922,0.0576171875,0.7417680025100708,8050.0,0.00029120003,,,,,,,,,,,,,,,,,,,,,,,,,,,,,,,,,,,,,,,,,,,,,
41267200,-0.5138375759124756,22.500225067138672,0.9613483146067415,0.2437586784362793,0.9275672674179077,7.039785385131836e-05,1.270771026611328e-05,0.004177837371826172,0.010392289161682128,0.02065415382385254,0.025108369588851927,0.006593044996261597,1.1920170068740845,27.261719,-1.3630857,26.507812,-0.73650324,0.93359375,0.9992146251878069,0.9999796987076197,4213.8701866741785,8058.0,0.00011248588562011719,-0.24364619255065917,1.196587085723877,1.0,1.0,0.13898883759975433,-0.04562656208872795,-0.7275043725967407,-0.009643487632274628,1.10184645652771,1.0,-0.1258348822593689,-0.5305418372154236,0.7824175953865051,0.0022452264092862606,2.7035107612609863,0.06739192456007004,81.14762878417969,0.04023437574505806,0.7519180774688721,8060.0,0.00029106485,,,,,,,,,,,,,,,,,,,,,,,,,,,,,,,,,,,,,,,,,,,,,
41318400,-0.48247846961021423,21.969789505004883,0.9697898423817863,0.32289421558380127,0.8506528854370117,5.8437585830688474e-05,1.1014938354492188e-05,0.003223632574081421,0.008934866189956665,0.022579884529113768,0.02463137149810791,0.00565230131149292,1.1961622714996338,31.25,-1.5624998,22.644531,-0.51699305,0.9609375,0.9992468111745832,0.9999797092652637,4213.9294297801525,8068.0,0.00016736984252929688,-0.322726845741272,1.2047553062438965,1.0,1.0,0.0884869396686554,-0.06563487648963928,-0.7290318012237549,-0.042673259973526,1.1052989959716797,1.0,-0.1261269748210907,-0.324239045381546,0.6076861619949341,0.0011340922210365534,1.3655773401260376,0.0674246996641159,81.18708038330078,0.03750000149011612,0.7854511141777039,8070.0,0.0002909297,,,,,,,,,,,,,,,,,,,,,,,,,,,,,,,,,,,,,,,,,,,,,
41369600,-0.42828184366226196,20.853588104248047,0.9684778100373289,0.278993558883667,0.8972058773040772,6.503582000732421e-05,1.2254714965820312e-05,0.003652104139328003,0.009748997688293458,0.021286606788635254,0.02518269181251526,0.006176488399505615,1.1975222110748291,34.851562,-1.7425777,21.628906,-0.4618386,0.95703125,0.9992203348988463,0.9999800309478499,4213.977984555552,8078.0,0.00021173954010009766,-0.2787818193435669,1.1978487968444824,1.0,1.0,0.09061239659786224,-0.030805423855781555,-0.7248430252075195,-0.006397506687790155,1.1377875804901123,1.0,-0.12581533193588257,-0.4983770549297333,0.7281747460365295,0.001034135464578867,1.2452179193496704,0.06750062108039856,81.27851867675781,0.03691406175494194,0.7863966226577759,8080.0,0.0002907945,,,,,,,,,,,,,,,,,,,,,,,,,,,,,,,,,,,,,,,,,,,,,
41420800,-0.44479137659072876,21.165691375732422,0.9668615984405458,0.2955997228622437,0.8710688591003418,6.218194961547852e-05,1.220703125e-05,0.0034395647048950195,0.008513610363006591,0.024916839599609376,0.02545624375343323,0.006048089265823365,1.191622519493103,22.78125,-1.1390624,23.574219,-0.56660914,0.953125,0.9992250229613703,0.9999791117579174,4214.053577669575,8088.0,0.00027313232421875,-0.2953265905380249,1.1992518901824951,1.0,1.0,0.07366953790187836,-0.035336337983608246,-0.6230981945991516,-0.012369140982627869,1.2797861099243164,1.0,-0.12293235212564468,-0.1342361718416214,0.4890326261520386,0.0006960483733564615,0.8381222486495972,0.06756078451871872,81.3509521484375,0.05312500149011612,0.7589095830917358,8090.0,0.00029065934,,,,,,,,,,,,,,,,,,,,,,,,,,,,,,,,,,,,,,,,,,,,,
41472000,-0.3311416208744049,18.996559143066406,0.9797400611620795,0.3114980459213257,0.8815262079238891,6.520628929138184e-05,1.1849403381347657e-05,0.003634582757949829,0.00904207706451416,0.021072125434875487,0.025000208616256715,0.00629977822303772,1.2141321420669555,28.660156,-1.4330075,23.652344,-0.5786071,0.96484375,0.9992182320880555,0.9999803041344056,4214.031207943174,8098.0,0.00017843246459960937,-0.3113196134567261,1.1996479034423828,1.0,1.0,0.07977130264043808,-0.040467940270900726,-0.6203516721725464,-0.015916621312499046,1.2857089042663574,1.0,-0.12337926030158997,-0.2395859956741333,0.52323317527771,0.0008136281394399703,0.979701817035675,0.06759397685527802,81.39091491699219,0.04628906026482582,0.7570374011993408,8100.0,0.00029052416,,,,,,,,,,,,,,,,,,,,,,,,,,,,,,,,,,,,,,,,,,,,,
41523200,-0.34659674763679504,19.19430923461914,0.9790340696368401,0.28991050720214845,0.8960259199142456,6.482720375061035e-05,1.02996826171875e-05,0.003773179054260254,0.009695817232131958,0.015080499649047851,0.025013653039932252,0.0062199652194976805,1.2010491371154786,28.394531,-1.4197264,18.003906,-0.27499953,0.984375,0.9992443467228544,0.9999817570599384,4214.060953220041,8108.0,0.00021007061004638672,-0.28970043659210204,1.1967434883117676,1.0,1.0,0.14500509202480316,-0.05399542301893234,-0.6611595749855042,-0.014542393386363983,1.2124783992767334,1.0,-0.12307734787464142,-0.47513455152511597,0.7410373687744141,0.0014251224929466844,1.71601140499115,0.0676494687795639,81.45773315429688,0.04296875,0.7303915619850159,8110.0,0.000290389,,,,,,,,,,,,,,,,,,,,,,,,,,,,,,,,,,,,,,,,,,,,,
41574400,-0.40882182121276855,20.452665328979492,0.9689737470167065,0.3196943044662476,0.8266241312026977,5.3863525390625e-05,1.10626220703125e-05,0.00289925217628479,0.008492751121520996,0.025058054924011232,0.024786871671676636,0.005069811344146729,1.1714097261428833,27.542969,-1.3771482,19.609375,-0.37915415,0.953125,0.9993066565556604,0.9999810715863445,4214.219108472247,8118.0,0.0001413106918334961,-0.3195529937744141,1.1992287635803223,1.0,0.0,0.11748448014259338,-0.0587020181119442,-0.645067036151886,-0.026179123669862747,1.1930198669433594,1.0,-0.12414237856864929,-0.5898909568786621,0.7977682948112488,0.0016567285638302565,1.99489164352417,0.06769043207168579,81.50706481933594,0.0439453125,0.7833813428878784,8120.0,0.00029025384,,,,,,,,,,,,,,,,,,,,,,,,,,,,,,,,,,,,,,,,,,,,,
41625600,-0.38142257928848267,19.952119827270508,0.9772370486656201,0.332764196395874,0.8687647581100464,6.278753280639649e-05,1.087188720703125e-05,0.003488152027130127,0.009145126342773438,0.016315674781799315,0.024910069704055786,0.005799281597137451,1.2178777933120728,28.957031,-1.4478514,19.769531,-0.37515905,0.96875,0.9992444283382185,0.9999816959162336,4214.184894587855,8128.0,0.00020294189453125,-0.3325612545013428,1.1971259117126465,1.0,1.0,0.08535348623991013,-0.03901305049657822,-0.6452854871749878,-0.014435301534831524,1.2229193449020386,1.0,-0.12254364788532257,-0.41928160190582275,0.6470783948898315,0.0006876196712255478,0.8279731273651123,0.06774438917636871,81.57202911376953,0.04277344048023224,0.7808354496955872,8130.0,0.00029011865,,,,,,,,,,,,,,,,,,,,,,,,,,,,,,,,,,,,,,,,,,,,,
41676800,-0.2817123532295227,18.087392807006836,0.9810017271157168,0.29705061912536623,0.8612186431884765,6.151080131530762e-05,1.1706352233886719e-05,0.003552166223526001,0.00914513111114502,0.02151024341583252,0.02456588387489319,0.00570451021194458,1.179814624786377,24.414062,-1.2207029,16.515625,-0.19305049,0.984375,0.9992631386500818,0.9999801556075201,4214.299441966754,8138.0,0.00021016597747802734,-0.2968404531478882,1.2041609287261963,1.0,1.0,0.1397637128829956,-0.05872279033064842,-0.6819460391998291,-0.021602606400847435,1.1598397493362427,1.0,-0.12249372154474258,-0.5136362314224243,0.7341972589492798,0.001172246877104044,1.411520004272461,0.06780607998371124,81.64633178710938,0.0498046875,0.7418920993804932,8140.0,0.00028998347,,,,,,,,,,,,,,,,,,,,,,,,,,,,,,,,,,,,,,,,,,,,,
41728000,-0.29605773091316223,18.380952835083008,0.985096328607779,0.2756198883056641,0.9047187805175781,6.928086280822753e-05,1.1944770812988282e-05,0.0040661609172821045,0.00943373680114746,0.015149855613708496,0.025501806735992432,0.006129907369613647,1.1955229997634889,26.890625,-1.3445309,19.246094,-0.3422947,0.984375,0.9992252545257215,0.9999811542264518,4214.3504325566,8148.0,0.00026950836181640627,-0.2753503799438477,1.1970219612121582,1.0,1.0,0.09843792021274567,-0.05728047341108322,-0.6750953197479248,-0.030997833237051964,1.1296379566192627,1.0,-0.12158084660768509,-0.40566569566726685,0.6191582679748535,0.0011629159562289715,1.4002845287322998,0.06783776730298996,81.6844711303711,0.03925781324505806,0.7537058591842651,8150.0,0.0002898483,,,,,,,,,,,,,,,,,,,,,,,,,,,,,,,,,,,,,,,,,,,,,
41779200,-0.2969074249267578,18.29007339477539,0.9817607856892319,0.2691929817199707,0.9156325817108154,7.046818733215332e-05,1.2493133544921875e-05,0.004135838747024536,0.009951294660568237,0.017836117744445802,0.025285805463790893,0.006303025484085083,1.202696943283081,23.199219,-1.1599606,16.832031,-0.21398684,0.98828125,0.9992312081626867,0.9999810684026168,4214.375801188616,8158.0,0.00019135475158691407,-0.26900162696838376,1.1941163539886475,1.0,0.0,0.13973695039749146,-0.046689748764038086,-0.6110819578170776,-0.00772444810718298,1.2363402843475342,1.0,-0.11995743215084076,-0.26923251152038574,0.5600880980491638,0.0008187635103240609,0.9858853816986084,0.06788492202758789,81.74125671386719,0.05605468899011612,0.6851110458374023,8160.0,0.00028971315,,,,,,,,,,,,,,,,,,,,,,,,,,,,,,,,,,,,,,,,,,,,,
41830400,-0.29952457547187805,18.43318748474121,0.9793028322440087,0.32559001445770264,0.8420717239379882,5.970597267150879e-05,1.125335693359375e-05,0.003253856897354126,0.008513716459274292,0.024399185180664064,0.025194433927536012,0.005050656795501709,1.1920947313308716,24.898438,-1.2449217,18.085938,-0.29165125,0.984375,0.9992585870377934,0.9999810800291368,4214.468504209559,8168.0,0.0003437995910644531,-0.3252462148666382,1.1997578144073486,1.0,1.0,0.07702969759702682,-0.06148838624358177,-0.6559845209121704,-0.039331741631031036,1.1962765455245972,1.0,-0.11930021643638611,-0.0721442773938179,0.4797576665878296,0.0007337483111768961,0.8835172653198242,0.06793980300426483,81.80732727050781,0.05156250298023224,0.7929893732070923,8170.0,0.00028957796,,,,,,,,,,,,,,,,,,,,,,,,,,,,,,,,,,,,,,,,,,,,,
41881600,-0.2989911437034607,18.36463165283203,0.984821743734557,0.36975157260894775,0.8029273271560669,5.427122116088867e-05,1.0466575622558593e-05,0.0029562246799468995,0.00826027274131775,0.02441284656524658,0.02441045880317688,0.0044367432594299315,1.1971233129501342,21.667969,-1.0833983,20.234375,-0.37674016,0.98828125,0.9992926968154996,0.9999823743769566,4214.522505957871,8178.0,0.00027256011962890626,-0.36947901248931886,1.1995086669921875,1.0,1.0,0.09564892202615738,-0.027949459850788116,-0.5952379107475281,0.0006394986994564533,1.2697029113769531,1.0,-0.11968222260475159,-0.016481637954711914,0.45169538259506226,0.000659093726426363,0.7936246991157532,0.067999929189682,81.87973022460938,0.05781250074505806,0.6899566054344177,8180.0,0.00028944277,,,,,,,,,,,,,,,,,,,,,,,,,,,,,,,,,,,,,,,,,,,,,
41932800,-0.2867222726345062,18.20183563232422,0.9842201834862385,0.3066394329071045,0.8768995523452758,6.538748741149902e-05,1.220703125e-05,0.0035641252994537353,0.009319698810577393,0.017791247367858885,0.025229390859603882,0.005633223056793213,1.2013647079467773,27.917969,-1.3958982,17.964844,-0.28316736,0.984375,0.999243879111686,0.9999814641672584,4214.554439788054,8188.0,0.0003060817718505859,-0.3063333511352539,1.2009756565093994,1.0,1.0,0.04855772852897644,-0.013171221129596233,-0.617801308631897,0.00328923761844635,1.2567219734191895,1.0,-0.11844493448734283,-0.12356296181678772,0.43590831756591797,0.00030089012579992414,0.36230629682540894,0.06802652776241302,81.91175842285156,0.04414062201976776,0.8024296760559082,8190.0,0.00028930762,,,,,,,,,,,,,,,,,,,,,,,,,,,,,,,,,,,,,,,,,,,,,
41984000,-0.49544772505760193,22.11644172668457,0.9677278674225905,0.3013543367385864,0.8592314481735229,6.479263305664062e-05,1.1849403381347657e-05,0.003574838638305664,0.0089593768119812,0.02866783142089844,0.024792397022247316,0.005537439584732056,1.1892898559570313,29.820312,-1.4910153,22.074219,-0.49965504,0.97265625,0.9992382094853991,0.9999794917777867,4214.635503763436,8198.0,0.000263524055480957,-0.30109081268310545,1.240065574645996,1.0,0.0,0.11374189704656601,-0.023272207006812096,-0.6483434438705444,0.008246404118835926,1.1945765018463135,1.0,-0.12111373245716095,-0.6350964903831482,0.8181800842285156,0.0026867224369198084,3.2351226806640625,0.06808651238679886,81.98399353027344,0.04023437574505806,0.7771603465080261,8200.0,0.00028917246,,,,,,,,,,,,,,,,,,,,,,,,,,,,,,,,,,,,,,,,,,,,,
42035200,-0.35167258977890015,19.504030227661133,0.9827838827838827,0.33527002334594724,0.8474862575531006,5.993127822875977e-05,1.10626220703125e-05,0.003261775970458984,0.008630697727203368,0.017438316345214845,0.02542695641517639,0.004964354038238525,1.2002258539199828,21.828125,-1.0914061,18.152344,-0.28261933,0.98828125,0.9992779246134954,0.9999831747886584,4214.694280480758,8208.0,0.00020339488983154297,-0.3350666284561157,1.1953115463256836,1.0,1.0,0.113240547478199,-0.03676911070942879,-0.5794559121131897,-0.003147005569189787,1.292419195175171,1.0,-0.1185741052031517,-0.28556862473487854,0.5626397132873535,0.0012089645024389029,1.4557322263717651,0.06812955439090729,82.03581237792969,0.05820312723517418,0.7359632253646851,8210.0,0.00028903727,,,,,,,,,,,,,,,,,,,,,,,,,,,,,,,,,,,,,,,,,,,,,
42086400,-0.2867598831653595,18.306528091430664,0.9848539487919221,0.33682010173797605,0.845498013496399,5.846023559570312e-05,1.1610984802246094e-05,0.003175146579742432,0.008831448554992676,0.020678019523620604,0.024919469356536866,0.005258212089538574,1.203030776977539,23.53125,-1.1765623,21.234375,-0.43069208,0.98046875,0.9992391736491328,0.999980855656246,4214.715894091147,8218.0,0.0003823757171630859,-0.33643772602081295,1.1974775791168213,1.0,1.0,0.061654917895793915,-0.044007983058691025,-0.6673946976661682,-0.025605201721191406,1.2056899070739746,1.0,-0.11506083607673645,-0.06436749547719955,0.39540916681289673,0.0006913305260241032,0.8324414491653442,0.06815117597579956,82.06185913085938,0.05703125149011612,0.7564533948898315,8220.0,0.0002889021,,,,,,,,,,,,,,,,,,,,,,,,,,,,,,,,,,,,,,,,,,,,,
42137600,-0.4184759855270386,20.842674255371094,0.9759236197592362,0.31764166355133056,0.855544900894165,6.265044212341308e-05,1.10626220703125e-05,0.003450847864151001,0.009195961952209473,0.020388174057006835,0.024711490869522096,0.005323591232299804,1.193608045578003,27.398438,-1.3699217,22.542969,-0.48867798,0.9765625,0.9992355121427692,0.9999813636867542,4214.783943214916,8228.0,0.00028569698333740233,-0.31735596656799314,1.1979119777679443,1.0,1.0,0.08745976537466049,-0.05578862130641937,-0.6134855151176453,-0.02990655042231083,1.2456321716308594,1.0,-0.11762551963329315,-0.3336217403411865,0.5951787829399109,0.0010043461807072163,1.209348201751709,0.06819146871566772,82.11036682128906,0.0439453125,0.7677310705184937,8230.0,0.00028876693,,,,,,,,,,,,,,,,,,,,,,,,,,,,,,,,,,,,,,,,,,,,,
42188800,-0.2944053113460541,18.171157836914062,0.98761835396941,0.36321656703948973,0.8157772541046142,5.443215370178223e-05,1.1396408081054687e-05,0.002909013032913208,0.007893106937408446,0.021312713623046875,0.025218214988708496,0.004684931039810181,1.2003403663635255,32.484375,-1.6242185,17.292969,-0.28353074,0.9765625,0.9992849873530586,0.9999813093111569,4214.822868916268,8238.0,0.00023221969604492188,-0.3629843473434448,1.2670578956604004,1.0,0.0,0.10388052463531494,-0.05653904005885124,-0.6969699263572693,-0.028553226962685585,1.1470333337783813,1.0,-0.11934533715248108,-0.4797584116458893,0.7037703990936279,0.0011417639907449484,1.3748152256011963,0.06824849545955658,82.17903900146484,0.04140625149011612,0.7699075937271118,8240.0,0.00028863177,,,,,,,,,,,,,,,,,,,,,,,,,,,,,,,,,,,,,,,,,,,,,
42240000,-0.3673785626888275,19.673803329467773,0.9756894049346879,0.3547718048095703,0.8237508773803711,5.5674314498901364e-05,1.1014938354492188e-05,0.0030181396007537844,0.008343788385391236,0.02295835018157959,0.025135253667831422,0.004605172872543335,1.2015136241912843,20.683594,-1.0341794,17.445312,-0.25149643,0.984375,0.9992833991729699,0.9999820419169835,4214.875120811826,8248.0,0.00025665760040283203,-0.3545151472091675,1.1970667839050293,1.0,1.0,0.0758577287197113,-0.03352412208914757,-0.6401723623275757,-0.011185121722519398,1.2049078941345215,1.0,-0.11550233513116837,-0.09628479182720184,0.4313659071922302,0.0005184796755202115,0.6243091821670532,0.06829290837049484,82.23251342773438,0.06191406026482582,0.7466818690299988,8250.0,0.00028849658,,,,,,,,,,,,,,,,,,,,,,,,,,,,,,,,,,,,,,,,,,,,,
42291200,-0.38610535860061646,19.83912467956543,0.9734478719250292,0.2939113140106201,0.8799768209457397,6.577491760253906e-05,1.2516975402832031e-05,0.003682379722595215,0.00913669228553772,0.01982276439666748,0.025437554121017458,0.005642561912536621,1.193749475479126,22.214844,-1.1107421,20.121094,-0.37047595,0.98828125,0.9992300231735416,0.9999781703353752,4214.940439565395,8258.0,0.00016949176788330078,-0.2937418222427368,1.1981124877929688,1.0,1.0,0.06355759501457214,-0.03328869119286537,-0.7234007716178894,-0.01715458184480667,1.0538194179534912,1.0,-0.1158875972032547,-0.1256653070449829,0.4136148691177368,0.0009967065416276455,1.2001492977142334,0.06833839416503906,82.28728485107422,0.05507812649011612,0.757452666759491,8260.0,0.00028836142,,,,,,,,,,,,,,,,,,,,,,,,,,,,,,,,,,,,,,,,,,,,,
42342400,-0.3029848337173462,18.424121856689453,0.9837015574067367,0.31581745147705076,0.8618982791900635,6.0422420501708986e-05,1.1157989501953124e-05,0.0033667349815368654,0.008773003816604613,0.020946145057678223,0.02500030755996704,0.0058622205257415775,1.1986943006515502,23.507812,-1.1753905,16.480469,-0.19195773,0.984375,0.9992522399468845,0.9999822582477915,4214.980377275556,8268.0,0.00013916492462158204,-0.3156782865524292,1.1995272636413574,1.0,1.0,0.1407996416091919,-0.04650571942329407,-0.5980269312858582,-0.006830273196101189,1.2674083709716797,1.0,-0.11518004536628723,-0.36288172006607056,0.6464555263519287,0.0013242200948297977,1.5945132970809937,0.06845235824584961,82.42451477050781,0.05742187798023224,0.7215874195098877,8270.0,0.00028822623,,,,,,,,,,,,,,,,,,,,,,,,,,,,,,,,,,,,,,,,,,,,,
42393600,-0.2649541199207306,17.87491226196289,0.9863731656184487,0.32545530796051025,0.8586678743362427,5.851387977600098e-05,1.0538101196289063e-05,0.0031535685062408446,0.00871855616569519,0.018376731872558595,0.02529630422592163,0.005675252676010132,1.2025314569473267,23.671875,-1.1835934,20.785156,-0.42921484,0.98046875,0.9992733334016379,0.9999825329502214,4215.006304585141,8278.0,0.00020704269409179687,-0.3252482652664185,1.1958203315734863,1.0,1.0,0.12807942926883698,-0.04157019034028053,-0.5865400433540344,-0.005057055037468672,1.263375997543335,1.0,-0.11668345332145691,-0.22340306639671326,0.4720419943332672,0.0013444804353639483,1.6189090013504028,0.06847847253084183,82.45594787597656,0.0556640625,0.6508726477622986,8280.0,0.00028809108,,,,,,,,,,,,,,,,,,,,,,,,,,,,,,,,,,,,,,,,,,,,,
42444800,-0.23695388436317444,17.149686813354492,0.9884602703593801,0.32489261627197263,0.8559738636016846,5.986332893371582e-05,1.0228157043457031e-05,0.00323555588722229,0.008966798782348634,0.017982840538024902,0.025039279460906984,0.005465477705001831,1.1988808631896972,20.488281,-1.0244138,17.308594,-0.237075,0.98828125,0.9992589022394371,0.9999822212351318,4215.050339077289,8288.0,0.00016791820526123046,-0.3247246980667114,1.199659824371338,1.0,1.0,0.11042987555265427,-0.04246225953102112,-0.5624494552612305,-0.009243065491318703,1.3151408433914185,1.0,-0.11517000198364258,-0.1477830708026886,0.4576534628868103,0.0010693313088268042,1.287597894668579,0.06853550672531128,82.52464294433594,0.06074218824505806,0.675051212310791,8290.0,0.0002879559,,,,,,,,,,,,,,,,,,,,,,,,,,,,,,,,,,,,,,,,,,,,,
42496000,-0.25432151556015015,17.52674674987793,0.9877342419080068,0.312436580657959,0.8586124658584595,5.961537361145019e-05,1.113414764404297e-05,0.0032889461517333985,0.008970108032226563,0.016353631019592287,0.025060555934906005,0.005520604848861695,1.1874351263046266,19.546875,-0.97734356,16.570312,-0.2197837,0.9921875,0.999282727591124,0.999982049864873,4215.1421832502265,8298.0,0.00013136863708496094,-0.312305212020874,1.201598882675171,1.0,1.0,0.10487832129001617,-0.052884284406900406,-0.5436371564865112,-0.020716503262519836,1.333146095275879,1.0,-0.1126708984375,-0.1321088671684265,0.45945054292678833,0.0006212885491549969,0.7481028437614441,0.06857147812843323,82.56794738769531,0.06503906846046448,0.70862877368927,8300.0,0.00028782073,,,,,,,,,,,,,,,,,,,,,,,,,,,,,,,,,,,,,,,,,,,,,
42547200,-0.18484695255756378,16.419078826904297,0.9927631578947368,0.3103886365890503,0.8745853424072265,6.0614347457885745e-05,1.1110305786132813e-05,0.003346525430679321,0.008883005380630494,0.012216758728027344,0.025585113763809203,0.005822148323059082,1.1972224473953248,24.570312,-1.2285154,16.480469,-0.16732153,0.98828125,0.9992714290262937,0.999982794036915,4215.192995241976,8308.0,0.0001348257064819336,-0.31025381088256837,1.1989657878875732,1.0,1.0,0.1295371949672699,-0.04994805529713631,-0.612838625907898,-0.013869240880012512,1.224628210067749,1.0,-0.11260093748569489,-0.412688285112381,0.6538137197494507,0.0012952904216945171,1.559678554534912,0.06859622895717621,82.59774780273438,0.04746093973517418,0.7236237525939941,8310.0,0.00028768554,,,,,,,,,,,,,,,,,,,,,,,,,,,,,,,,,,,,,,,,,,,,,
42598400,-0.30090487003326416,18.34161949157715,0.9850852272727273,0.34123008251190184,0.8349031925201416,5.5636167526245115e-05,1.1849403381347657e-05,0.003063148260116577,0.008382949829101562,0.020590043067932128,0.025022571086883546,0.005191830396652222,1.1967578172683715,22.8125,-1.1406248,20.394531,-0.39381123,0.98828125,0.9993047365015022,0.9999810740613616,4215.245318039021,8318.0,0.00010797977447509765,-0.34112210273742677,1.2057132720947266,1.0,1.0,0.08753499388694763,-0.03681553900241852,-0.6381446123123169,-0.011391101405024529,1.2247114181518555,1.0,-0.11274191737174988,-0.31755995750427246,0.598783016204834,0.0005405557458288968,0.6508912444114685,0.0686642974615097,82.6797103881836,0.04804687574505806,0.7794317007064819,8320.0,0.00028755039,,,,,,,,,,,,,,,,,,,,,,,,,,,,,,,,,,,,,,,,,,,,,
42649600,-0.30450746417045593,18.558673858642578,0.9857871720116618,0.3028472661972046,0.8715775966644287,6.34145736694336e-05,1.5544891357421876e-05,0.00355377197265625,0.008713594675064086,0.019010281562805174,0.02553983688354492,0.005675921440124512,1.193473744392395,23.886719,-1.1943357,18.164062,-0.3135982,0.97265625,0.9992578907882442,0.9999806823763762,4215.305164055782,8328.0,0.0001444578170776367,-0.302702808380127,1.2003748416900635,1.0,1.0,0.07302742451429367,-0.04720553755760193,-0.6675069332122803,-0.026277625933289528,1.1776907444000244,1.0,-0.1104869470000267,-0.21052467823028564,0.5029120445251465,0.0008072182536125183,0.9719836711883545,0.06868890672922134,82.7093505859375,0.05742187798023224,0.7914440035820007,8330.0,0.00028741523,,,,,,,,,,,,,,,,,,,,,,,,,,,,,,,,,,,,,,,,,,,,,
42700800,-0.30575448274612427,18.521631240844727,0.9821237039685378,0.3324424743652344,0.8496522188186646,5.628228187561035e-05,1.0228157043457031e-05,0.0030860662460327148,0.008935563564300537,0.016827321052551268,0.02512880563735962,0.005237280130386352,1.1989542484283446,21.523438,-1.0761718,15.9296875,-0.15976226,1.0,0.9990910850316597,0.9999816456425423,4215.346905174442,8338.0,0.00017964839935302734,-0.33226282596588136,1.1978960037231445,1.0,1.0,0.09870808571577072,-0.03780147433280945,-0.5534994602203369,-0.0076363468542695045,1.306321620941162,1.0,-0.10910135507583618,-0.10001543909311295,0.45286130905151367,0.0005443107802420855,0.6554127335548401,0.06871405988931656,82.7396240234375,0.0615234375,0.7081214189529419,8340.0,0.00028728004,,,,,,,,,,,,,,,,,,,,,,,,,,,,,,,,,,,,,,,,,,,,,
42752000,-0.34346941113471985,19.158226013183594,0.9811460258780037,0.2720593214035034,0.9039573192596435,6.68346881866455e-05,1.1801719665527344e-05,0.003739670515060425,0.009694980382919311,0.02389705181121826,0.02533847689628601,0.006324083805084229,1.1999476909637452,19.089844,-0.9544921,19.0,-0.35062218,0.96875,0.9992517417642405,0.9999815018855559,4215.378971254374,8348.0,0.00014426708221435547,-0.27191505432128904,1.1994271278381348,1.0,1.0,0.1198880523443222,-0.035985544323921204,-0.59726881980896,-0.002406137064099312,1.2241069078445435,1.0,-0.10882531106472015,-0.2553427815437317,0.5148591995239258,0.0014266385696828365,1.7178369760513306,0.06875821948051453,82.79280090332031,0.06367187201976776,0.6990776062011719,8350.0,0.00028714485,,,,,,,,,,,,,,,,,,,,,,,,,,,,,,,,,,,,,,,,,,,,,
42803200,-0.22147029638290405,17.035314559936523,0.9891341256366724,0.32847070693969727,0.8624091148376465,5.981683731079101e-05,1.0538101196289063e-05,0.003309720754623413,0.009005334377288818,0.014684700965881347,0.025151256322860718,0.005563926696777344,1.2055962800979614,23.117188,-1.1558592,17.519531,-0.24975365,0.99609375,0.9992949807116321,0.9999823993704274,4215.394270419149,8358.0,0.0002552509307861328,-0.3282154560089111,1.199293613433838,1.0,1.0,0.07428557425737381,-0.05356362462043762,-0.7146183252334595,-0.034148603677749634,1.0955668687820435,1.0,-0.11034379154443741,-0.21340815722942352,0.46557363867759705,0.000762048177421093,0.9175935983657837,0.06882180273532867,82.86935424804688,0.05253906548023224,0.7486720085144043,8360.0,0.0002870097,,,,,,,,,,,,,,,,,,,,,,,,,,,,,,,,,,,,,,,,,,,,,
42854400,-0.2359159141778946,17.243135452270508,0.987429705590473,0.3111214876174927,0.8646934032440186,6.167769432067871e-05,1.0633468627929688e-05,0.003413207530975342,0.008820436000823974,0.01618657112121582,0.025377649068832397,0.005530213117599487,1.1920328378677367,19.5,-0.9749998,15.796875,-0.18924366,0.984375,0.9992717245319341,0.9999825991233439,4215.4617703608965,8368.0,0.0002096414566040039,-0.3109118461608887,1.1996896266937256,1.0,0.0,0.10186325758695602,-0.05405425280332565,-0.5201951861381531,-0.02209572121500969,1.3563692569732666,1.0,-0.1072472408413887,-0.041387856006622314,0.4321092367172241,0.0006989861140027642,0.841659665107727,0.0688840001821518,82.94425964355469,0.06562499701976776,0.6938289403915405,8370.0,0.00028687454,,,,,,,,,,,,,,,,,,,,,,,,,,,,,,,,,,,,,,,,,,,,,
42905600,-0.1988985687494278,16.617877960205078,0.9895219384413884,0.30980405807495115,0.878715991973877,6.233811378479003e-05,1.1086463928222656e-05,0.0034541893005371094,0.008978700637817383,0.013725590705871583,0.02539200782775879,0.006014300584793091,1.202281904220581,21.253906,-1.062695,17.84375,-0.25302577,0.9921875,0.9992201545364909,0.9999790589861955,4215.487534226564,8378.0,0.00023112297058105468,-0.3095729351043701,1.1996254920959473,1.0,1.0,0.10656281560659409,-0.05049271136522293,-0.5884151458740234,-0.019321026280522346,1.2667092084884644,1.0,-0.10924934595823288,-0.16135132312774658,0.4619455337524414,0.0009410902857780457,1.133180856704712,0.06891116499900818,82.97696685791016,0.0546875,0.7009525299072266,8380.0,0.00028673935,,,,,,,,,,,,,,,,,,,,,,,,,,,,,,,,,,,,,,,,,,,,,
42956800,-0.1867518573999405,16.30313491821289,0.9890282131661442,0.2879038333892822,0.894081711769104,6.378531455993653e-05,1.1610984802246094e-05,0.003542500734329224,0.00922308087348938,0.015027046203613281,0.0256285297870636,0.006211416721343994,1.1970471143722534,18.101562,-0.90507793,18.6875,-0.28573042,0.9765625,0.9992221704747709,0.9999808595458135,4215.537923832569,8388.0,0.00014390945434570313,-0.2877599239349365,1.2014274597167969,1.0,1.0,0.12635423243045807,-0.04513420909643173,-0.4901273846626282,-0.005986299365758896,1.3974072933197021,1.0,-0.10825638473033905,-0.09341135621070862,0.45383697748184204,0.0007201224798336625,0.8671102523803711,0.06897232681512833,83.05061340332031,0.06523437798023224,0.6643321514129639,8390.0,0.00028660416,,,,,,,,,,,,,,,,,,,,,,,,,,,,,,,,,,,,,,,,,,,,,
43008000,-0.16805441677570343,15.961054801940918,0.9937185929648241,0.27835817337036134,0.9147576808929443,9.83881950378418e-05,1.0704994201660156e-05,0.004628670215606689,0.009263924360275268,0.017559027671813963,0.025554670095443724,0.006156275272369385,1.210708212852478,19.585938,-0.9792967,15.519531,-0.16324143,1.0,0.9992138703688346,0.9999813118281379,4215.526027193088,8398.0,0.00032105445861816404,-0.27803711891174315,1.2025146484375,1.0,1.0,0.09688729047775269,-0.02772947959601879,-0.5528204441070557,0.0018380964174866676,1.2970733642578125,1.0,-0.10839793086051941,-0.12290928512811661,0.43006399273872375,0.0008296187734231353,0.9989563822746277,0.06900535523891449,83.09037780761719,0.06289062649011612,0.6955708861351013,8400.0,0.000286469,,,,,,,,,,,,,,,,,,,,,,,,,,,,,,,,,,,,,,,,,,,,,
43059200,-0.16871805489063263,15.979528427124023,0.9922456575682382,0.3001561641693115,0.8716424226760864,6.210923194885254e-05,1.2111663818359374e-05,0.003452636003494263,0.009183109998703002,0.01578836441040039,0.02504610061645508,0.005803687572479248,1.1876196384429931,18.34375,-0.9171874,19.511719,-0.3615831,0.96484375,0.9992089024162448,0.9999826749889354,4215.609660502329,8408.0,0.0001992940902709961,-0.29995687007904054,1.1958253383636475,1.0,0.0,0.07134024798870087,-0.029841193929314613,-0.5989587306976318,-0.007673581130802631,1.2465050220489502,1.0,-0.10714986175298691,-0.024927303194999695,0.3839608132839203,0.0005077216192148626,0.611355185508728,0.06906881928443909,83.16680145263672,0.06113281100988388,0.7328454256057739,8410.0,0.00028633384,,,,,,,,,,,,,,,,,,,,,,,,,,,,,,,,,,,,,,,,,,,,,
43110400,-0.2263130247592926,17.013853073120117,0.9904353562005277,0.29922003746032716,0.8982571125030517,6.701946258544922e-05,1.1682510375976562e-05,0.003689231872558594,0.009358626604080201,0.016800975799560545,0.025126538276672362,0.006634676456451416,1.2143132448196412,16.835938,-0.8417968,17.566406,-0.2522582,0.98828125,0.9991814603571104,0.9999806997523698,4215.608553105031,8418.0,0.00038478374481201174,-0.29883525371551517,1.1988365650177002,1.0,1.0,0.08215150982141495,-0.036352917551994324,-0.6073697805404663,-0.012169050984084606,1.217414140701294,1.0,-0.107767254114151,-0.023687731474637985,0.39500582218170166,0.0006561934715136886,0.7901324033737183,0.06908862292766571,83.19064331054688,0.07167968899011612,0.7333189249038696,8420.0,0.00028619866,,,,,,,,,,,,,,,,,,,,,,,,,,,,,,,,,,,,,,,,,,,,,
43161600,-0.28378593921661377,18.256189346313477,0.9868717179294824,0.29689731597900393,0.8845649242401123,6.477475166320801e-05,1.1110305786132813e-05,0.0036367309093475342,0.00901791214942932,0.020781660079956056,0.025412453413009642,0.006061012744903564,1.202276873588562,26.714844,-1.3357418,20.265625,-0.36902088,0.984375,0.9992004601882056,0.9999818153503707,4215.623166798945,8428.0,0.00020689964294433593,-0.2966904163360596,1.2004597187042236,1.0,1.0,0.06932555884122849,-0.0324157178401947,-0.613527774810791,-0.010622338391840458,1.2739231586456299,1.0,-0.10692368447780609,-0.2027604579925537,0.49376702308654785,0.0007374699926003814,0.8879985809326172,0.06912161409854889,83.2303695678711,0.04218750447034836,0.7833435535430908,8430.0,0.0002860635,,,,,,,,,,,,,,,,,,,,,,,,,,,,,,,,,,,,,,,,,,,,,
43212800,-0.30209606885910034,18.559127807617188,0.9853519113969275,0.2795372486114502,0.9098211526870728,6.442904472351075e-05,1.3446807861328125e-05,0.004037452936172485,0.009696409702301026,0.018575215339660646,0.02497499227523804,0.006682801246643067,1.2079713821411133,23.796875,-1.1898434,14.316406,-0.08798425,0.99609375,0.9992312240889932,0.9999798681529812,4215.606360401921,8438.0,0.00019540786743164063,-0.2793418407440185,1.2031519412994385,1.0,1.0,0.07851824909448624,-0.03233925998210907,-0.6075342297554016,-0.00922936201095581,1.215840458869934,1.0,-0.10622462630271912,-0.20147009193897247,0.4661659002304077,0.0009300753008574247,1.119917631149292,0.06915988773107529,83.2764663696289,0.05332031473517418,0.7536614537239075,8440.0,0.0002859283,,,,,,,,,,,,,,,,,,,,,,,,,,,,,,,,,,,,,,,,,,,,,
43264000,-0.26730090379714966,17.738996505737305,0.9863527806209484,0.26862943172454834,0.909303855895996,6.85882568359375e-05,1.2874603271484375e-05,0.0038181185722351075,0.00927053689956665,0.019888138771057128,0.025573328733444214,0.006697196960449219,1.1978583335876465,20.699219,-1.0349609,18.007812,-0.2911827,0.98046875,0.9991768786192642,0.9999799370325358,4215.653098598449,8448.0,0.0001880168914794922,-0.2684414148330688,1.2499260902404785,1.0,0.0,0.06681448966264725,-0.04356910288333893,-0.6698241829872131,-0.024836301803588867,1.1483665704727173,1.0,-0.10529939830303192,-0.09796541929244995,0.4100155234336853,0.0006920463056303561,0.8333033323287964,0.06922399997711182,83.35365295410156,0.06230468675494194,0.7630753517150879,8450.0,0.00028579315,,,,,,,,,,,,,,,,,,,,,,,,,,,,,,,,,,,,,,,,,,,,,
43315200,-0.26779964566230774,17.8890438079834,0.9885575589459085,0.31844367980957033,0.8763117551803589,6.212949752807617e-05,1.1610984802246094e-05,0.003504068851470947,0.008705085515975952,0.015481901168823243,0.02554235816001892,0.005965220928192139,1.2102715015411376,19.167969,-0.9583983,17.117188,-0.23641077,0.9921875,0.9991618324046252,0.9999813641835288,4215.668376997053,8458.0,0.00022344589233398439,-0.31822023391723636,1.2019524574279785,1.0,1.0,0.08583284914493561,-0.031280577182769775,-0.5763353705406189,-0.005436519160866737,1.2586572170257568,1.0,-0.10522995889186859,-0.1561291664838791,0.4548804759979248,0.0008256062865257263,0.9941248893737793,0.06928986310958862,83.43295288085938,0.05800781399011612,0.7272939682006836,8460.0,0.00028565797,,,,,,,,,,,,,,,,,,,,,,,,,,,,,,,,,,,,,,,,,,,,,
43366400,-0.1559116542339325,15.624227523803711,0.992583436341162,0.263440203666687,0.9327849864959716,6.919503211975098e-05,1.175403594970703e-05,0.004103055000305176,0.010303175449371338,0.014244318008422852,0.02559538245201111,0.006531715393066406,1.2105046510696411,21.667969,-1.0833982,16.046875,-0.18007022,0.9921875,0.999212551692909,0.9999806784198729,4215.658864305781,8468.0,0.0003237724304199219,-0.2631164312362671,1.1972391605377197,1.0,1.0,0.08472196012735367,-0.0423940047621727,-0.5921822786331177,-0.016843393445014954,1.2405433654785156,1.0,-0.1059173047542572,-0.13932909071445465,0.4617147743701935,0.0013962772209197283,1.6812783479690552,0.06929823756217957,83.44303894042969,0.05996093899011612,0.7477531433105469,8470.0,0.0002855228,,,,,,,,,,,,,,,,,,,,,,,,,,,,,,,,,,,,,,,,,,,,,
43417600,-0.24322302639484406,17.379844665527344,0.9878665318503539,0.3345463275909424,0.9079443216323853,5.825519561767578e-05,1.1801719665527344e-05,0.0031648099422454832,0.010384002923965454,0.023453283309936523,0.02600036025047302,0.005755529403686523,1.2659781455993653,20.238281,-1.0119139,16.914062,-0.20166771,0.984375,0.9992453641745452,0.9999822972090684,4215.426827150453,8478.0,0.0003375530242919922,-0.3342087745666504,1.1992950439453125,1.0,1.0,0.08351999521255493,-0.03882847726345062,-0.5895705223083496,-0.013709940016269684,1.236470341682434,1.0,-0.10506951808929443,-0.12036657333374023,0.4573858976364136,0.0007617655792273581,0.9172533750534058,0.06935732811689377,83.51419067382812,0.06367187201976776,0.7635823488235474,8480.0,0.00028538762,,,,,,,,,,,,,,,,,,,,,,,,,,,,,,,,,,,,,,,,,,,,,
43468800,-0.22191523015499115,16.90900230407715,0.9882160392798691,0.35506296157836914,0.9599443912506104,6.15990161895752e-05,1.3256072998046875e-05,0.003930764198303223,0.009015154838562012,0.031640362739562986,0.028737117052078247,0.006217414140701294,1.346683406829834,18.453125,-0.922656,15.933594,-0.19466205,0.9765625,0.9992672426232868,0.999983340413805,4214.862066134357,8488.0,0.00025289058685302735,-0.3548100709915161,1.2443442344665527,1.0,0.0,0.07536181807518005,-0.02858094498515129,-0.5424748063087463,-0.004044986795634031,1.310271978378296,1.0,-0.10290838778018951,-0.059788625687360764,0.41377323865890503,0.0005742033245041966,0.6914068460464478,0.06944453716278076,83.61920928955078,0.07148437201976776,0.7494884133338928,8490.0,0.00028525246,,,,,,,,,,,,,,,,,,,,,,,,,,,,,,,,,,,,,,,,,,,,,
43520000,-0.21810296177864075,16.839488983154297,0.9892545332437878,0.34312798976898196,0.8438210010528564,5.926847457885742e-05,1.0657310485839844e-05,0.0032322585582733156,0.008834255933761597,0.017845630645751953,0.024569674730300903,0.005461546182632446,1.204827570915222,22.5625,-1.1281248,16.457031,-0.19824927,0.99609375,0.9991930475052595,0.9999814976535364,4214.900503552037,8498.0,0.0003844022750854492,-0.3427435874938965,1.1970195770263672,1.0,1.0,0.07046540081501007,-0.04647739231586456,-0.6345467567443848,-0.026284940540790558,1.1717140674591064,1.0,-0.10577201843261719,-0.1284109354019165,0.4314965009689331,0.000441475713159889,0.531587541103363,0.0695032998919487,83.68997192382812,0.05605468899011612,0.7611125111579895,8500.0,0.00028511728,,,,,,,,,,,,,,,,,,,,,,,,,,,,,,,,,,,,,,,,,,,,,
43571200,-0.20596636831760406,16.67067527770996,0.9886215864759428,0.2971417188644409,0.8867343187332153,6.659984588623046e-05,1.2254714965820312e-05,0.003699220418930054,0.009195095300674439,0.020199179649353027,0.02506829261779785,0.006271562576293945,1.20411159992218,22.253906,-1.112695,16.140625,-0.16713803,0.9921875,0.9991892683903427,0.999979962023282,4214.915791725735,8508.0,0.0002704620361328125,-0.2968712568283081,1.1942076683044434,1.0,1.0,0.12000098824501038,-0.034748926758766174,-0.5644192695617676,-2.000248059630394e-05,1.2633769512176514,1.0,-0.10533086955547333,-0.28352540731430054,0.5456234216690063,0.0006632152944803238,0.798587441444397,0.06956395506858826,83.76300048828125,0.05605468899011612,0.7026164531707764,8510.0,0.00028498212,,,,,,,,,,,,,,,,,,,,,,,,,,,,,,,,,,,,,,,,,,,,,
43622400,-0.17551098763942719,15.98157787322998,0.9923242247466995,0.2596354246139526,0.9170056819915772,7.054328918457031e-05,1.2993812561035156e-05,0.0039365792274475096,0.009982006549835205,0.011792850494384766,0.025174503326416017,0.006649589538574219,1.1884711027145385,18.925781,-0.9462889,14.722656,-0.100051746,0.9921875,0.9991916698260616,0.9999796782588926,4214.994710379793,8518.0,0.00030775070190429686,-0.2593276739120483,1.1973960399627686,1.0,1.0,0.06403379142284393,-0.05318109691143036,-0.7230653762817383,-0.036275818943977356,1.0942267179489136,1.0,-0.10366750508546829,-0.09108005464076996,0.44954174757003784,0.0007251154165714979,0.8731224536895752,0.06957828998565674,83.7802734375,0.06367187201976776,0.7907301187515259,8520.0,0.00028484693,,,,,,,,,,,,,,,,,,,,,,,,,,,,,,,,,,,,,,,,,,,,,
43673600,-0.14222866296768188,15.604116439819336,0.9942493946731235,0.30618422031402587,0.8621833562850952,6.051898002624512e-05,1.1348724365234375e-05,0.0035330486297607423,0.008917181491851807,0.018462181091308594,0.024886348247528077,0.005678125619888306,1.186864399909973,17.535156,-0.8767576,13.359375,-0.035912443,1.0,0.9992125840761797,0.9999803739204074,4215.082852178311,8528.0,0.00022182464599609374,-0.3059623956680298,1.1976840496063232,1.0,1.0,0.11195109784603119,-0.039460137486457825,-0.5944302082061768,-0.007611332461237907,1.227081537246704,1.0,-0.10331796109676361,-0.1484842598438263,0.4698192775249481,0.0005849685985594988,0.7043694257736206,0.06964899599552155,83.86539459228516,0.06796874850988388,0.7085133790969849,8530.0,0.00028471177,,,,,,,,,,,,,,,,,,,,,,,,,,,,,,,,,,,,,,,,,,,,,
43724800,-0.15790969133377075,15.78206729888916,0.9906600249066002,0.3245248317718506,0.852207088470459,6.198287010192872e-05,1.010894775390625e-05,0.0033652472496032717,0.00875499963760376,0.018494296073913574,0.025004019737243654,0.005390627384185791,1.1952571630477906,19.519531,-0.97597635,16.789062,-0.23449196,0.98828125,0.9992143331066483,0.999982566275729,4215.132900092685,8538.0,0.00035855770111083987,-0.3241662740707398,1.1962800025939941,1.0,1.0,0.0680980235338211,-0.04188362509012222,-0.6327493786811829,-0.020806973800063133,1.2187693119049072,1.0,-0.10170197486877441,-0.01086369063705206,0.3959991931915283,0.0009444960742257535,1.137281894683838,0.06972655653953552,83.95879364013672,0.060546875,0.751412034034729,8540.0,0.0002845766,,,,,,,,,,,,,,,,,,,,,,,,,,,,,,,,,,,,,,,,,,,,,
43776000,-0.23293089866638184,17.074621200561523,0.9871794871794872,0.3332808017730713,0.832603931427002,5.535125732421875e-05,1.1897087097167968e-05,0.0030030274391174318,0.008274548053741455,0.02438814640045166,0.02498308777809143,0.005283859968185425,1.1903067827224731,16.625,-0.83124983,16.261719,-0.18447304,0.98828125,0.9992716326756188,0.9999815122998789,4215.2106381400945,8548.0,0.00023024082183837892,-0.3330505609512329,1.195115327835083,1.0,1.0,0.06917240470647812,-0.03645050525665283,-0.5805843472480774,-0.014774272218346596,1.2542442083358765,1.0,-0.10110769420862198,0.04666861146688461,0.38782814145088196,0.0008220867603085935,0.989886999130249,0.06974291801452637,83.9784927368164,0.07070312649011612,0.7529951333999634,8550.0,0.00028444143,,,,,,,,,,,,,,,,,,,,,,,,,,,,,,,,,,,,,,,,,,,,,
43827200,-0.18154585361480713,16.160545349121094,0.9938251543711407,0.29218287467956544,0.8785270929336548,6.66344165802002e-05,1.2183189392089844e-05,0.0037731647491455076,0.008757482767105102,0.023977279663085938,0.025083343982696533,0.006211235523223877,1.1947232723236083,22.382812,-1.1191404,17.027344,-0.21836865,1.0,0.999214749136163,0.9999800440332398,4215.2692188048,8558.0,0.0003239870071411133,-0.29185888767242435,1.1974105834960938,1.0,1.0,0.0718904361128807,-0.04117359593510628,-0.622266411781311,-0.019517220556735992,1.2079272270202637,1.0,-0.1010446846485138,-0.023640519008040428,0.3928961753845215,0.0014563105069100857,1.7535654306411743,0.06979727745056152,84.04395294189453,0.06113281473517418,0.7373435497283936,8560.0,0.00028430624,,,,,,,,,,,,,,,,,,,,,,,,,,,,,,,,,,,,,,,,,,,,,
43878400,-0.21987983584403992,16.833171844482422,0.9889646218760143,0.31635754108428954,0.8713185787200928,6.652951240539551e-05,1.1301040649414062e-05,0.0037962162494659425,0.009775606393814086,0.023406791687011718,0.02438324213027954,0.005510205030441284,1.2111167907714844,19.792969,-0.98964834,18.722656,-0.32957065,0.9765625,0.9992165983732718,0.9999813575044018,4215.259768180505,8568.0,0.00025870800018310545,-0.3160988330841064,1.1983487606048584,1.0,1.0,0.06530687212944031,-0.03724176809191704,-0.613227367401123,-0.017437968403100967,1.2059378623962402,1.0,-0.09961547702550888,-0.04227118939161301,0.39753201603889465,0.0006194759625941515,0.7459202408790588,0.06982513517141342,84.07749938964844,0.0615234375,0.764428973197937,8570.0,0.00028417108,,,,,,,,,,,,,,,,,,,,,,,,,,,,,,,,,,,,,,,,,,,,,
43929600,-0.2268294245004654,17.069311141967773,0.9883372209263579,0.31916084289550783,0.8323084592819214,5.9326887130737307e-05,1.1324882507324219e-05,0.0031247365474700926,0.008949962854385375,0.018929815292358397,0.02472346067428589,0.004728422164916992,1.1704314708709718,19.695312,-0.9847655,16.273438,-0.19625038,0.99609375,0.999290795724161,0.9999820335327612,4215.414278276674,8578.0,0.00019850730895996094,-0.31896233558654785,1.195711374282837,1.0,1.0,0.07219763100147247,-0.033079713582992554,-0.6586765646934509,-0.013612920418381691,1.1173893213272095,1.0,-0.09833881258964539,-0.11382763832807541,0.4071117043495178,0.0009629399864934385,1.1594904661178589,0.06985748559236526,84.11643981933594,0.06289062649011612,0.7568271160125732,8580.0,0.00028403592,,,,,,,,,,,,,,,,,,,,,,,,,,,,,,,,,,,,,,,,,,,,,
43980800,-0.24870993196964264,17.34242820739746,0.9905561385099685,0.3232536792755127,0.8495730638504029,5.9015750885009766e-05,1.1610984802246094e-05,0.0031616890430450437,0.008683973550796508,0.024181222915649413,0.025469570159912108,0.005073000192642212,1.1970427274703979,26.015625,-1.300781,19.898438,-0.4047491,0.984375,0.9992606993659398,0.999980660302678,4215.463160531246,8588.0,0.00010447502136230468,-0.3231492042541504,1.1972870826721191,1.0,1.0,0.07521885633468628,-0.03281066566705704,-0.5814577341079712,-0.009359356015920639,1.256919503211975,1.0,-0.1000281423330307,-0.29804039001464844,0.5453677773475647,0.0006278629298321903,0.7560191750526428,0.06989818811416626,84.16546630859375,0.044921875,0.7815347909927368,8590.0,0.00028390074,,,,,,,,,,,,,,,,,,,,,,,,,,,,,,,,,,,,,,,,,,,,,
44032000,-0.2555207908153534,17.68338394165039,0.9887410440122825,0.32561326026916504,0.8490458488464355,5.942344665527344e-05,1.0895729064941407e-05,0.0032574355602264403,0.00860152840614319,0.021772360801696776,0.02543495535850525,0.005067698955535889,1.1964640855789184,23.554688,-1.1777341,20.0,-0.35231066,0.98828125,0.9992638627160548,0.9999818465653771,4215.510652125499,8598.0,0.00013239383697509765,-0.32548086643218993,1.1919288635253906,1.0,1.0,0.09230317175388336,-0.03888958692550659,-0.619880735874176,-0.01251303218305111,1.1932146549224854,1.0,-0.09850698709487915,-0.16555491089820862,0.48943883180618286,0.0005538092227652669,0.6668500304222107,0.06996242702007294,84.24281311035156,0.05800781399011612,0.7480288147926331,8600.0,0.00028376555,,,,,,,,,,,,,,,,,,,,,,,,,,,,,,,,,,,,,,,,,,,,,
44083200,-0.18165746331214905,16.204710006713867,0.9915227629513343,0.3635470628738403,0.8096269369125366,5.184412002563476e-05,1.0633468627929688e-05,0.0028833246231079104,0.008191221952438354,0.022528934478759765,0.0249397873878479,0.0043866968154907225,1.1957346200942993,21.945312,-1.0972654,17.019531,-0.22180684,0.99609375,0.9992966650337776,0.9999823937852255,4215.565146376413,8608.0,0.00019762516021728515,-0.36334943771362305,1.1975512504577637,1.0,1.0,0.09072383493185043,-0.0568532757461071,-0.6268195509910583,-0.031209520995616913,1.1907888650894165,1.0,-0.10053277015686035,-0.1327545940876007,0.434461772441864,0.0007638449314981699,0.919757068157196,0.07002009451389313,84.31224060058594,0.06289062649011612,0.7331368923187256,8610.0,0.0002836304,,,,,,,,,,,,,,,,,,,,,,,,,,,,,,,,,,,,,,,,,,,,,
44134400,-0.29226869344711304,18.2404842376709,0.9850586979722519,0.28484668731689455,0.8934360265731811,6.947755813598633e-05,1.0561943054199218e-05,0.0038456463813781737,0.009255359172821045,0.01518099308013916,0.025433140993118285,0.006031652688980102,1.193496870994568,21.65625,-1.0828123,18.332031,-0.26568088,0.98046875,0.999182380536734,0.9999810623036824,4215.62682385037,8618.0,0.00014734268188476562,-0.2846993446350098,1.1963045597076416,1.0,0.0,0.08188893646001816,-0.037279173731803894,-0.6579713821411133,-0.014675620943307877,1.1489148139953613,1.0,-0.09954121708869934,-0.20196399092674255,0.472941517829895,0.0005905920406803489,0.7111407518386841,0.07008238881826401,84.38726043701172,0.060546875,0.7635903358459473,8620.0,0.00028349523,,,,,,,,,,,,,,,,,,,,,,,,,,,,,,,,,,,,,,,,,,,,,
44185600,-0.25064224004745483,17.574068069458008,0.989736572015053,0.234313702583313,0.9408949136734008,7.872223854064941e-05,1.3065338134765624e-05,0.0044641029834747315,0.010237667560577392,0.023031783103942872,0.025430487394332887,0.006794991493225097,1.1982790946960449,20.996094,-1.0498044,15.339844,-0.15120953,1.0,0.999175805651496,0.9999786109952458,4215.662385628197,8628.0,0.0002707004547119141,-0.23404300212860107,1.1957552433013916,1.0,1.0,0.09160459041595459,-0.03920700401067734,-0.5663365721702576,-0.012073632329702377,1.240334153175354,1.0,-0.09885749220848083,-0.14957402646541595,0.4692882299423218,0.00047132818144746125,0.5675333738327026,0.07011960446834564,84.43206787109375,0.06035156548023224,0.7409393191337585,8630.0,0.00028336004,,,,,,,,,,,,,,,,,,,,,,,,,,,,,,,,,,,,,,,,,,,,,
44236800,-0.15244054794311523,15.611797332763672,0.9947498455836936,0.32642688751220705,0.8338512659072876,5.880355834960937e-05,1.0538101196289063e-05,0.003217031955718994,0.008497140407562255,0.030202555656433105,0.024696136713027953,0.005192511081695557,1.1905127048492432,23.53125,-1.1765623,15.1171875,-0.10738754,1.0,0.9992579113260361,0.99998197610825,4215.724919143929,8638.0,0.00013704299926757811,-0.32628984451293946,1.1951806545257568,1.0,1.0,0.08114296197891235,-0.04238348454236984,-0.583763837814331,-0.017895430326461792,1.2426414489746094,1.0,-0.09920640289783478,-0.1816045343875885,0.47995495796203613,0.0005636892165057361,0.6787467002868652,0.07019497454166412,84.5228271484375,0.05742187425494194,0.7719179391860962,8640.0,0.0002832249,,,,,,,,,,,,,,,,,,,,,,,,,,,,,,,,,,,,,,,,,,,,,
44288000,-0.19102248549461365,16.35132598876953,0.9906396255850234,0.3320899963378906,0.830799913406372,5.932211875915527e-05,1.1324882507324219e-05,0.0034115922451019285,0.008421952724456788,0.02041947841644287,0.024768491983413698,0.004848012924194336,1.1833444356918335,18.820312,-0.9410155,14.441406,-0.09683787,0.984375,0.9992627906214593,0.9999799528793941,4215.816964523974,8648.0,0.00016133785247802735,-0.3319286584854126,1.2008233070373535,1.0,1.0,0.07381337136030197,-0.03528470918536186,-0.6320765018463135,-0.013919602148234844,1.178562879562378,1.0,-0.0984865128993988,-0.10168848931789398,0.45553073287010193,0.0008360983338207006,1.006758451461792,0.0702362060546875,84.57246398925781,0.06425781548023224,0.7868044376373291,8650.0,0.0002830897,,,,,,,,,,,,,,,,,,,,,,,,,,,,,,,,,,,,,,,,,,,,,
44339200,-0.2741849720478058,18.019067764282227,0.9869350282485876,0.3097794771194458,0.8690389633178711,6.0684680938720703e-05,1.1277198791503906e-05,0.003429901599884033,0.009319583177566529,0.02371506690979004,0.024999284744262697,0.005610878467559814,1.202565360069275,19.484375,-0.9742186,19.605469,-0.34099507,0.98046875,0.9992724032634611,0.999982890307621,4215.8410983084395,8658.0,0.0001553773880004883,-0.30962409973144533,1.1979713439941406,1.0,0.0,0.08483338356018066,-0.04351462423801422,-0.5720669031143188,-0.017795488238334656,1.2598164081573486,1.0,-0.09846247732639313,-0.042303070425987244,0.40044912695884705,0.0005522715509869158,0.6649984121322632,0.07025729864835739,84.59786987304688,0.06210937723517418,0.7198890447616577,8660.0,0.00028295454,,,,,,,,,,,,,,,,,,,,,,,,,,,,,,,,,,,,,,,,,,,,,
44390400,-0.18136504292488098,16.164987564086914,0.9937027707808564,0.31810972690582273,0.8500797271728515,5.8641433715820314e-05,1.1157989501953124e-05,0.0031819140911102297,0.00898886203765869,0.023911428451538087,0.02465833306312561,0.005585529804229736,1.1921343564987184,18.9375,-0.9468748,16.511719,-0.19812365,0.99609375,0.9992775753186207,0.999981280651059,4215.927065614376,8668.0,0.00015673637390136718,-0.3179529905319214,1.199326753616333,1.0,1.0,0.12745130062103271,-0.04262661188840866,-0.5687838792800903,-0.006384190171957016,1.2559709548950195,1.0,-0.0999891608953476,-0.24939526617527008,0.5106027126312256,0.0009194983285851777,1.1071817874908447,0.07032374292612076,84.67787170410156,0.06796874850988388,0.7225650548934937,8670.0,0.00028281935,,,,,,,,,,,,,,,,,,,,,,,,,,,,,,,,,,,,,,,,,,,,,
44441600,-0.181921124458313,16.241661071777344,0.9933920704845814,0.3080059289932251,0.8728918552398681,6.252765655517578e-05,1.1515617370605468e-05,0.0035367059707641603,0.008836749792098999,0.021135783195495604,0.02507071852684021,0.006105574369430542,1.2020660877227782,17.3125,-0.86562485,15.0390625,-0.11739516,0.98828125,0.9992595544084796,0.999982526188008,4215.953563881627,8678.0,0.00015587806701660155,-0.3078500509262085,1.199889898300171,1.0,1.0,0.10623060911893845,-0.050484154373407364,-0.5797866582870483,-0.019768020138144493,1.2364168167114258,1.0,-0.09915000200271606,-0.09431787580251694,0.43243443965911865,0.0007375275599770248,0.8880680203437805,0.07039287686347961,84.76111602783203,0.07441405951976776,0.7223829030990601,8680.0,0.0002826842,,,,,,,,,,,,,,,,,,,,,,,,,,,,,,,,,,,,,,,,,,,,,
44492800,-0.10976585000753403,14.739341735839844,0.9957081545064378,0.3181424856185913,0.8526381492614746,5.780816078186035e-05,1.0824203491210937e-05,0.003180769681930542,0.00855560302734375,0.019420695304870606,0.025064542293548583,0.005743299722671509,1.19023277759552,16.085938,-0.80429673,14.34375,-0.081388354,0.99609375,0.9992990091559152,0.9999826729632384,4216.0118728132375,8688.0,0.00012488365173339843,-0.3180176019668579,1.2005548477172852,1.0,1.0,0.0843602642416954,-0.034639883786439896,-0.6228132247924805,-0.011080327443778515,1.1607517004013062,1.0,-0.09698132425546646,-0.02736481837928295,0.40039288997650146,0.0005980517016723752,0.7201230525970459,0.07043534517288208,84.812255859375,0.07246093451976776,0.7212655544281006,8690.0,0.000282549,,,,,,,,,,,,,,,,,,,,,,,,,,,,,,,,,,,,,,,,,,,,,
44544000,-0.1467088907957077,15.505424499511719,0.9942736588306209,0.30140602588653564,0.8699012994766235,6.07907772064209e-05,1.3375282287597657e-05,0.0033586287498474122,0.00937474250793457,0.02057309150695801,0.024678958654403685,0.005990164279937744,1.191917061805725,15.121094,-0.75605464,15.2421875,-0.15054509,1.0,0.9992693422915804,0.9999804771203753,4216.076103598264,8698.0,0.00013003349304199218,-0.3012759923934937,1.2475438117980957,1.0,0.0,0.09166671335697174,-0.03763283044099808,-0.5611239671707153,-0.010288394056260586,1.252261757850647,1.0,-0.09555260837078094,-0.03519120067358017,0.3910195231437683,0.0006437120609916747,0.7751033306121826,0.07047039270401001,84.85446166992188,0.06816406548023224,0.6815118193626404,8700.0,0.00028241385,,,,,,,,,,,,,,,,,,,,,,,,,,,,,,,,,,,,,,,,,,,,,
44595200,-0.1011616513133049,14.488099098205566,0.9959850874677373,0.31366777420043945,0.8630065202713013,6.214380264282226e-05,1.1372566223144532e-05,0.0033874309062957766,0.009117486476898194,0.023821592330932617,0.024753447771072388,0.005797739028930664,1.2005293846130372,17.777344,-0.888867,14.65625,-0.11737044,1.0,0.9992565982533913,0.9999815704268266,4216.129426197477,8708.0,0.00021207332611083984,-0.3134557008743286,1.194847822189331,1.0,1.0,0.11532427370548248,-0.0456901453435421,-0.5076354146003723,-0.010803359560668468,1.3222014904022217,1.0,-0.09597714245319366,-0.13324305415153503,0.45890823006629944,0.0009839489357545972,1.184787631034851,0.07052294909954071,84.91773986816406,0.06582032144069672,0.6933514475822449,8710.0,0.00028227866,,,,,,,,,,,,,,,,,,,,,,,,,,,,,,,,,,,,,,,,,,,,,
44646400,-0.12418016791343689,15.12024974822998,0.9949524940617577,0.34217770099639894,0.8372275829315186,5.582094192504883e-05,1.1014938354492188e-05,0.0030063199996948242,0.008911919593811036,0.017740368843078613,0.024494411945343016,0.0053621637821197506,1.197178840637207,18.851562,-0.94257796,17.324219,-0.22837222,0.9921875,0.9992656027032791,0.999981479017918,4216.175200909221,8718.0,0.00024585723876953126,-0.3419318437576294,1.1935033798217773,1.0,1.0,0.06933320313692093,-0.025492418557405472,-0.6185309290885925,-0.005147129762917757,1.1919327974319458,1.0,-0.09503631293773651,-0.09476044774055481,0.4108002781867981,0.0005887330044060946,0.7089022397994995,0.07056539505720139,84.96885681152344,0.0595703125,0.7576800584793091,8720.0,0.0002821435,,,,,,,,,,,,,,,,,,,,,,,,,,,,,,,,,,,,,,,,,,,,,
44697600,-0.14002647995948792,15.491180419921875,0.9948296836982968,0.31142966747283934,0.8576857566833496,6.243824958801269e-05,1.2421607971191407e-05,0.003366563320159912,0.008964029550552368,0.02216646671295166,0.024876452684402466,0.005581972599029541,1.191317629814148,19.886719,-0.99433565,13.4296875,-0.015787639,1.0,0.9992344181961902,0.9999804272710715,4216.245265521761,8728.0,0.00023698806762695312,-0.3111926794052124,1.1944036483764648,1.0,1.0,0.08856050670146942,-0.029913073405623436,-0.49916937947273254,-0.001462467946112156,1.3299728631973267,1.0,-0.09621748328208923,-0.14481797814369202,0.4645606279373169,0.0005895058275200427,0.7098327875137329,0.07061067223548889,85.02336883544922,0.0615234375,0.7408213019371033,8730.0,0.00028200832,,,,,,,,,,,,,,,,,,,,,,,,,,,,,,,,,,,,,,,,,,,,,
44748800,-0.09830072522163391,14.702188491821289,0.9946007388462631,0.3493366003036499,0.8192854166030884,5.4540634155273435e-05,1.175403594970703e-05,0.0029236626625061034,0.008665126562118531,0.026632809638977052,0.024264283180236816,0.005026332139968872,1.1952888250350953,17.789062,-0.88945305,15.609375,-0.14898333,0.984375,0.999259704846339,0.9999813898925813,4216.298812878752,8738.0,0.000261688232421875,-0.349074912071228,1.2461860179901123,1.0,0.0,0.06970341503620148,-0.04824001342058182,-0.6125921010971069,-0.027807680889964104,1.1771742105484009,1.0,-0.09496872127056122,-0.003869823180139065,0.4022730588912964,0.0006487535429187119,0.781173825263977,0.07065354287624359,85.07499694824219,0.06816406548023224,0.750097393989563,8740.0,0.00028187316,,,,,,,,,,,,,,,,,,,,,,,,,,,,,,,,,,,,,,,,,,,,,
44800000,-0.13553354144096375,15.272540092468262,0.9955804360636418,0.3552950382232666,0.8192231178283691,5.52213191986084e-05,1.0919570922851562e-05,0.0029971957206726073,0.008510174751281739,0.025891327857971193,0.023978829383850098,0.00538835883140564,1.2004419088363647,15.308594,-0.7654296,16.84375,-0.2292605,0.9921875,0.9992340087986545,0.9999820854672962,4216.351572198705,8748.0,0.00012238025665283202,-0.35517265796661374,1.1996076107025146,1.0,1.0,0.07827658951282501,-0.04474565386772156,-0.5963054895401001,-0.02202233299612999,1.19334077835083,1.0,-0.09393101930618286,0.06813523173332214,0.3524411916732788,0.0007770864758640528,0.9357014894485474,0.07069340348243713,85.12298583984375,0.06757812947034836,0.6906756162643433,8750.0,0.000281738,,,,,,,,,,,,,,,,,,,,,,,,,,,,,,,,,,,,,,,,,,,,,
44851200,-0.15700030326843262,15.693748474121094,0.9946048873373532,0.34615583419799806,0.8290377855300903,5.476236343383789e-05,1.1277198791503906e-05,0.003059577941894531,0.008288969993591308,0.02179417610168457,0.024409621953964233,0.0056069898605346676,1.1970208883285522,22.140625,-1.107031,17.113281,-0.24080114,0.984375,0.9992288128805734,0.9999817753389264,4216.398015473291,8758.0,0.0001363992691040039,-0.34601943492889403,1.1962189674377441,1.0,1.0,0.07185141742229462,-0.0373612716794014,-0.6282166242599487,-0.015985002741217613,1.2141175270080566,1.0,-0.09804403781890869,-0.28596433997154236,0.5394532680511475,0.0010173058835789561,1.2249531745910645,0.07075956463813782,85.20265197753906,0.05312500149011612,0.8089385032653809,8760.0,0.0002816028,,,,,,,,,,,,,,,,,,,,,,,,,,,,,,,,,,,,,,,,,,,,,
44902400,-0.17128124833106995,15.897647857666016,0.9914451573479988,0.34117343425750735,0.8426383018493653,5.583643913269043e-05,1.087188720703125e-05,0.0030441153049468993,0.008205221891403198,0.01609187126159668,0.025151522159576417,0.00564349889755249,1.199935531616211,18.886719,-0.9443357,16.648438,-0.2065353,0.9921875,0.9992471170658407,0.9999824554236624,4216.433695956591,8768.0,0.00023524761199951173,-0.34093818664550785,1.1964852809906006,1.0,1.0,0.06497925519943237,-0.04020245745778084,-0.6498113870620728,-0.022426191717386246,1.1128897666931152,1.0,-0.0957830548286438,-0.04904550313949585,0.41503429412841797,0.000618529214989394,0.7447803020477295,0.07080471515655518,85.25701904296875,0.06406250596046448,0.7845206260681152,8770.0,0.00028146763,,,,,,,,,,,,,,,,,,,,,,,,,,,,,,,,,,,,,,,,,,,,,
44953600,-0.09947045147418976,14.636467933654785,0.9951107276387691,0.3362366437911987,0.8460417032241822,5.627870559692383e-05,1.0633468627929688e-05,0.0033213651180267335,0.008449523448944092,0.01330709457397461,0.024785571098327637,0.005656684637069702,1.1956165552139282,20.09375,-1.0046873,14.7109375,-0.08244051,1.0,0.9992278831381587,0.9999828706320136,4216.484802281983,8778.0,0.0001708507537841797,-0.3360657930374145,1.1992371082305908,1.0,1.0,0.09833601117134094,-0.02812620997428894,-0.523779034614563,0.002001184970140457,1.3015060424804688,1.0,-0.09587372839450836,-0.3107410669326782,0.5567600727081299,0.0009506293572485447,1.144667148590088,0.07084737718105316,85.30839538574219,0.0576171875,0.7579237222671509,8780.0,0.00028133247,,,,,,,,,,,,,,,,,,,,,,,,,,,,,,,,,,,,,,,,,,,,,
45004800,-0.12402578443288803,15.028383255004883,0.9951261467889908,0.3378035306930542,0.8341606616973877,5.6394338607788085e-05,1.125335693359375e-05,0.0029867589473724365,0.00839171290397644,0.018956828117370605,0.024806210994720457,0.005435123443603516,1.190953779220581,15.332031,-0.76660144,12.6875,0.0036029667,0.99609375,0.9992367787633627,0.9999819427452096,4216.543874760023,8788.0,0.00026404857635498047,-0.3375394821166992,1.198784351348877,1.0,1.0,0.06541571021080017,-0.04545746371150017,-0.6083626747131348,-0.025936629623174667,1.1949886083602905,1.0,-0.09408073127269745,0.0918184295296669,0.3744794726371765,0.0005892003537155688,0.709464967250824,0.0708894282579422,85.35901641845703,0.07753906399011612,0.7479944229125977,8790.0,0.0002811973,,,,,,,,,,,,,,,,,,,,,,,,,,,,,,,,,,,,,,,,,,,,,
45056000,-0.18410155177116394,16.2708797454834,0.9932279909706546,0.3539290428161621,0.8270328760147094,5.428314208984375e-05,1.0704994201660156e-05,0.002929198741912842,0.008745008707046508,0.021343302726745606,0.024112623929977418,0.005479569435119629,1.202336573600769,18.238281,-0.9119139,14.832031,-0.104550265,1.0,0.9992513031709592,0.9999828275630938,4216.568302313008,8798.0,0.00023381710052490235,-0.3536952257156372,1.2019224166870117,1.0,1.0,0.05972522497177124,-0.03465016186237335,-0.660560131072998,-0.01823536492884159,1.1136436462402344,1.0,-0.09692230075597763,-0.043961528688669205,0.38973450660705566,0.00040634284960106015,0.4892835021018982,0.07093263417482376,85.41104888916016,0.06210937350988388,0.7754204869270325,8800.0,0.00028106212,,,,,,,,,,,,,,,,,,,,,,,,,,,,,,,,,,,,,,,,,,,,,
45107200,-0.15053367614746094,15.715080261230469,0.9956736711990112,0.34289140701293946,0.8380846500396728,5.626559257507324e-05,1.0824203491210937e-05,0.0031916415691375733,0.008522382974624633,0.02013719081878662,0.02463682532310486,0.00546513557434082,1.2011445045471192,19.589844,-0.979492,17.78125,-0.25650766,0.99609375,0.9992367962305676,0.9999829891639584,4216.597442014065,8808.0,0.00017108917236328126,-0.34272031784057616,1.2008049488067627,1.0,1.0,0.09310908615589142,-0.028189674019813538,-0.5408033132553101,0.0006198992487043142,1.2975587844848633,1.0,-0.09806376695632935,-0.1868848204612732,0.47642314434051514,0.0008447765139862895,1.0172080993652344,0.07101477682590485,85.50994873046875,0.0615234412252903,0.7402830123901367,8810.0,0.00028092694,,,,,,,,,,,,,,,,,,,,,,,,,,,,,,,,,,,,,,,,,,,,,
45158400,-0.15413935482501984,15.744135856628418,0.9938271604938271,0.3549569845199585,0.8171013355255127,6.44230842590332e-05,1.080036163330078e-05,0.0030271363258361815,0.008269610404968262,0.025791263580322264,0.023934264183044434,0.005527933835983276,1.1978822469711303,20.328125,-1.016406,18.621094,-0.2960843,0.99609375,0.9992241123394062,0.9999817486370143,4216.635938934153,8818.0,0.00023043155670166016,-0.35472655296325684,1.2021799087524414,1.0,1.0,0.08853380382061005,-0.025427984073758125,-0.493862509727478,0.003446212038397789,1.3467960357666016,1.0,-0.09586063027381897,-0.10328209400177002,0.46450626850128174,0.0006778979441151023,0.8162670731544495,0.07107612490653992,85.58383178710938,0.06328125298023224,0.7389262318611145,8820.0,0.00028079178,,,,,,,,,,,,,,,,,,,,,,,,,,,,,,,,,,,,,,,,,,,,,
45209600,-0.20052073895931244,16.5372314453125,0.98791639451339,0.3347425937652588,0.8441148996353149,5.744695663452148e-05,1.087188720703125e-05,0.003212240934371948,0.008352621793746948,0.020870256423950195,0.02494752883911133,0.005602654218673706,1.19976007938385,22.527344,-1.1263669,18.714844,-0.32838446,0.98828125,0.99921213950277,0.9999821150307567,4216.668393012731,8828.0,0.00011987686157226563,-0.3346227169036865,1.2007567882537842,1.0,1.0,0.08390771597623825,-0.03949709236621857,-0.5847650766372681,-0.015158695168793201,1.1880168914794922,1.0,-0.09712712466716766,-0.18093188107013702,0.47281843423843384,0.0006328848539851606,0.7620661854743958,0.0711161270737648,85.63199615478516,0.04921875149011612,0.7311815023422241,8830.0,0.00028065662,,,,,,,,,,,,,,,,,,,,,,,,,,,,,,,,,,,,,,,,,,,,,
45260800,-0.18480344116687775,16.333229064941406,0.9934538653366584,0.3454971075057983,0.8274743795394898,5.53739070892334e-05,1.0585784912109375e-05,0.003062553405761719,0.008771944046020507,0.021918773651123047,0.024006080627441407,0.00544508695602417,1.1949228286743163,17.851562,-0.892578,16.605469,-0.20387036,0.9921875,0.9992101257647242,0.9999816036714123,4216.70572551757,8838.0,0.00022072792053222655,-0.3452763795852661,1.2036681175231934,1.0,1.0,0.08502574265003204,-0.047804780304431915,-0.586561381816864,-0.02281411923468113,1.2147490978240967,1.0,-0.0958217978477478,-0.010335221886634827,0.42598098516464233,0.0006219369824975729,0.7488836050033569,0.07116582989692688,85.69183349609375,0.07148437947034836,0.7282810807228088,8840.0,0.00028052143,,,,,,,,,,,,,,,,,,,,,,,,,,,,,,,,,,,,,,,,,,,,,
45312000,-0.12183710187673569,15.127893447875977,0.9967359050445104,0.3472639560699463,0.8196120738983155,5.536437034606934e-05,1.2540817260742188e-05,0.003044534921646118,0.008283830881118774,0.026290321350097658,0.024028903245925902,0.005536401271820068,1.1932023286819458,18.707031,-0.9353515,16.421875,-0.17162573,1.0,0.9992296598582623,0.9999803582797634,4216.7660427658975,8848.0,0.00013756752014160156,-0.3471263885498047,1.1951725482940674,1.0,1.0,0.050974395126104355,-0.018049754202365875,-0.6026339530944824,-0.001266641542315483,1.2382142543792725,1.0,-0.09744534641504288,-0.06291170418262482,0.3902185559272766,0.0015419538831338286,1.8566898107528687,0.07121367752552032,85.74945068359375,0.0654296875,0.7961879968643188,8850.0,0.00028038627,,,,,,,,,,,,,,,,,,,,,,,,,,,,,,,,,,,,,,,,,,,,,
45363200,-0.18459554016590118,16.3630313873291,0.9917564996829423,0.34730801582336424,0.82308349609375,5.4214000701904294e-05,1.125335693359375e-05,0.0029934489727020262,0.008065624237060547,0.020728445053100585,0.02440044641494751,0.005609606504440308,1.1911515474319458,17.109375,-0.85546863,14.777344,-0.10350117,0.99609375,0.9992507522023818,0.999982926517754,4216.815939259719,8858.0,0.00011630058288574219,-0.3471917152404785,1.1943650245666504,1.0,1.0,0.048353128135204315,-0.032550148665905,-0.5917724967002869,-0.01659790426492691,1.2229875326156616,1.0,-0.09458225965499878,0.05280774459242821,0.40474915504455566,0.0005946960882283747,0.7160824537277222,0.07125810533761978,85.8029556274414,0.0712890625,0.8293877840042114,8860.0,0.0002802511,,,,,,,,,,,,,,,,,,,,,,,,,,,,,,,,,,,,,,,,,,,,,
45414400,-0.21956944465637207,16.87636947631836,0.9917808219178083,0.33807969093322754,0.8265441656112671,5.538463592529297e-05,1.1277198791503906e-05,0.0030507659912109375,0.008715752363204956,0.022433900833129884,0.02410957932472229,0.005363415479660034,1.1870931148529054,24.613281,-1.2306638,16.5,-0.18465313,1.0,0.9992181788418784,0.9999797149219485,4216.897250086909,8868.0,0.00021092891693115235,-0.3378687620162964,1.195847988128662,1.0,0.0,0.09818008542060852,-0.03531337529420853,-0.6307838559150696,-0.008463703095912933,1.1546677350997925,1.0,-0.09760399162769318,-0.38709619641304016,0.6106686592102051,0.0007813500706106424,0.9408353567123413,0.07131729274988174,85.87422180175781,0.05019531399011612,0.7680788636207581,8870.0,0.00028011593,,,,,,,,,,,,,,,,,,,,,,,,,,,,,,,,,,,,,,,,,,,,,
45465600,-0.1547505259513855,15.848052024841309,0.9943502824858758,0.34858705997467043,0.8205544471740722,5.4773092269897464e-05,1.125335693359375e-05,0.0029785048961639402,0.008483582735061645,0.022346758842468263,0.024089797735214233,0.005384544134140015,1.1915212154388428,16.421875,-0.8210936,16.84375,-0.20255905,0.99609375,0.9991098758655285,0.9999817912678204,4216.963022016279,8878.0,0.00010437965393066407,-0.34848268032073976,1.1915178298950195,1.0,1.0,0.07720090448856354,-0.043142158538103104,-0.5932669639587402,-0.02058643102645874,1.1902072429656982,1.0,-0.09433357417583466,-0.01948402263224125,0.39701250195503235,0.0005990733625367284,0.7213531732559204,0.07136863470077515,85.93603515625,0.06503906846046448,0.7318533658981323,8880.0,0.00027998074,,,,,,,,,,,,,,,,,,,,,,,,,,,,,,,,,,,,,,,,,,,,,
45516800,-0.12641310691833496,15.024999618530273,0.9964705882352941,0.3473807811737061,0.8237239360809326,5.740284919738769e-05,1.1086463928222656e-05,0.0031494057178497316,0.008213255405426025,0.021543478965759276,0.024108082056045532,0.005625802278518677,1.1926809072494506,16.871094,-0.84355456,16.847656,-0.20591016,0.99609375,0.9992170071647376,0.999981868943325,4217.014925066198,8888.0,0.00014791488647460937,-0.3472328662872315,1.1958346366882324,1.0,1.0,0.06126019358634949,-0.0439220666885376,-0.5970085859298706,-0.025065064430236816,1.202836513519287,1.0,-0.09378555417060852,0.06989290565252304,0.3931390643119812,0.0005220804596319795,0.6286449432373047,0.07142980396747589,86.00968933105469,0.06796875596046448,0.7659754157066345,8890.0,0.00027984558,,,,,,,,,,,,,,,,,,,,,,,,,,,,,,,,,,,,,,,,,,,,,
45568000,-0.16236823797225952,15.735749244689941,0.9941140024783147,0.33519444465637205,0.8381908178329468,5.71131706237793e-05,1.1467933654785157e-05,0.003123517036437988,0.00826732873916626,0.019378256797790528,0.02464784502983093,0.005780817270278931,1.1927971363067627,18.453125,-0.9226561,18.410156,-0.3200966,0.984375,0.9992145071358678,0.9999814309698403,4217.0767036687075,8898.0,0.00021555423736572266,-0.3349788904190063,1.1996939182281494,1.0,1.0,0.07204055041074753,-0.02701910212635994,-0.525507926940918,-0.0033268737606704235,1.3086719512939453,1.0,-0.09331163018941879,0.013379284180700779,0.4254738390445709,0.0005142311565577984,0.619193434715271,0.07149035483598709,86.08261108398438,0.06718750298023224,0.7554020881652832,8900.0,0.0002797104,,,,,,,,,,,,,,,,,,,,,,,,,,,,,,,,,,,,,,,,,,,,,
45619200,-0.11750181764364243,14.917695045471191,0.993533215755438,0.3463947296142578,0.8329432249069214,5.517125129699707e-05,1.1587142944335938e-05,0.003330209255218506,0.008403702974319457,0.019640183448791503,0.02428695797920227,0.005531238317489624,1.199011540412903,20.210938,-1.0105467,14.222656,-0.091582164,0.9921875,0.9990423964893005,0.9999818055963162,4217.11122734834,8908.0,0.0001859903335571289,-0.3462087392807007,1.1970539093017578,1.0,0.0,0.061879076063632965,-0.034772828221321106,-0.6233946084976196,-0.016794146969914436,1.163933277130127,1.0,-0.0930645763874054,-0.13177219033241272,0.45844608545303345,0.0007789605879224837,0.9379581212997437,0.07153317332267761,86.13417053222656,0.05878906324505806,0.8202059268951416,8910.0,0.00027957524,,,,,,,,,,,,,,,,,,,,,,,,,,,,,,,,,,,,,,,,,,,,,
45670400,-0.1908540576696396,16.560300827026367,0.9937185929648241,0.3411065340042114,0.8356782913208007,5.621790885925293e-05,1.208782196044922e-05,0.003126915693283081,0.008199198246002197,0.01922338008880615,0.024740976095199586,0.005625048875808716,1.1960426568984985,14.2421875,-0.71210927,16.003906,-0.15851387,0.99609375,0.9991490087212627,0.9999813019522417,4217.179605916311,8918.0,0.00021696090698242188,-0.340889573097229,1.1966967582702637,1.0,1.0,0.06502407789230347,-0.03225049376487732,-0.5589265823364258,-0.011533331125974655,1.2476415634155273,1.0,-0.0914090946316719,0.06629761308431625,0.373052179813385,0.0005474321078509092,0.6591711640357971,0.07156069576740265,86.16731262207031,0.07343749701976776,0.7350956201553345,8920.0,0.00027944008,,,,,,,,,,,,,,,,,,,,,,,,,,,,,,,,,,,,,,,,,,,,,
45721600,-0.136204794049263,15.380635261535645,0.9951588502269288,0.33472332954406736,0.8477403402328492,5.771756172180176e-05,1.1658668518066406e-05,0.0033497357368469237,0.008116507530212402,0.015654349327087404,0.024855556488037108,0.005970584154129028,1.1981550455093384,15.675781,-0.78378886,14.8828125,-0.085612565,1.0,0.9991290837785294,0.9999788276676617,4217.21728025849,8928.0,0.00027399063110351564,-0.33444933891296386,1.1948425769805908,1.0,1.0,0.07109096646308899,-0.04756106436252594,-0.5420708656311035,-0.024371881037950516,1.2892545461654663,1.0,-0.09254804253578186,0.08920636773109436,0.38503730297088623,0.0004757980059366673,0.5729155540466309,0.07163156569004059,86.25263977050781,0.06464844197034836,0.7056078314781189,8930.0,0.0002793049,,,,,,,,,,,,,,,,,,,,,,,,,,,,,,,,,,,,,,,,,,,,,
45772800,-0.12555862963199615,15.176470756530762,0.9969834087481146,0.33438858985900877,0.8387454509735107,5.720138549804687e-05,1.2373924255371093e-05,0.003361079692840576,0.007766342163085938,0.01647341251373291,0.02478280782699585,0.005933033227920532,1.1896437883377076,19.152344,-0.957617,15.328125,-0.14338928,0.9921875,0.9991223021885395,0.9999798586203411,4217.282346222652,8938.0,0.00027899742126464845,-0.33410959243774413,1.1973896026611328,1.0,1.0,0.06970397382974625,-0.0437111034989357,-0.6708495616912842,-0.025438129901885986,1.0761045217514038,1.0,-0.09466279298067093,-0.17167732119560242,0.44734376668930054,0.0009484668262302876,1.1420632600784302,0.07163810729980469,86.2605209350586,0.06113281473517418,0.7847941517829895,8940.0,0.0002791697,,,,,,,,,,,,,,,,,,,,,,,,,,,,,,,,,,,,,,,,,,,,,
45824000,-0.16201162338256836,15.859752655029297,0.9953560371517027,0.3296727180480957,0.8536571979522705,5.638957023620605e-05,1.3017654418945313e-05,0.0032349801063537597,0.008215149641036987,0.015355491638183593,0.02503887176513672,0.006100348234176636,1.1987197399139404,19.046875,-0.95234364,16.496094,-0.21084167,0.98046875,0.9991303164604654,0.9999822188454383,4217.316934558991,8948.0,0.000264739990234375,-0.3294079780578614,1.26983642578125,1.0,0.0,0.07289261370897293,-0.035109519958496094,-0.6385335326194763,-0.014801711775362492,1.1339765787124634,1.0,-0.09208016842603683,-0.09900570660829544,0.4411298632621765,0.0006304624839685857,0.7591493129730225,0.07171325385570526,86.35099792480469,0.06894531846046448,0.7886165976524353,8950.0,0.00027903455,,,,,,,,,,,,,,,,,,,,,,,,,,,,,,,,,,,,,,,,,,,,,
45875200,-0.18690866231918335,16.206205368041992,0.9924788467565027,0.3425184488296509,0.844591474533081,5.865216255187988e-05,1.2326240539550782e-05,0.003334678411483765,0.008359278440475465,0.01755025386810303,0.024702004194259643,0.005736488103866577,1.2048174381256103,17.039062,-0.851953,15.5859375,-0.13659786,0.9921875,0.9990889698705995,0.9998797040533698,4217.349868740435,8958.0,0.00020859241485595703,-0.34230985641479494,1.2040472030639648,1.0,1.0,0.08153526484966278,-0.042360953986644745,-0.6371541023254395,-0.019959375262260437,1.1319117546081543,1.0,-0.09168057143688202,-0.08121026307344437,0.41802188754081726,0.0005893410998396575,0.7096344232559204,0.07176297903060913,86.41087341308594,0.07011719048023224,0.762322187423706,8960.0,0.0002788994,,,,,,,,,,,,,,,,,,,,,,,,,,,,,,,,,,,,,,,,,,,,,
45926400,-0.134427011013031,15.212339401245117,0.9931117100928422,0.3478672742843628,0.8261342525482178,5.93256950378418e-05,1.2040138244628906e-05,0.0033137571811676027,0.008362714052200317,0.022193050384521483,0.024034737348556517,0.0054968130588531495,1.1962296485900878,18.625,-0.93124986,13.792969,-0.09141947,0.99609375,0.9990470001340814,0.9999807468116441,4217.389027774959,8968.0,0.00023288726806640624,-0.3476343870162964,1.2010316848754883,1.0,1.0,0.06337523460388184,-0.047591935843229294,-0.6477117538452148,-0.029682766646146774,1.138101577758789,1.0,-0.09266803413629532,-0.032712459564208984,0.4239530563354492,0.0007738939020782709,0.9318573474884033,0.07181163132190704,86.46946716308594,0.06972656399011612,0.7798376083374023,8970.0,0.0002787642,,,,,,,,,,,,,,,,,,,,,,,,,,,,,,,,,,,,,,,,,,,,,
45977600,-0.08739567548036575,14.496015548706055,0.9954467842914058,0.34739768505096436,0.8307170391082763,5.736708641052246e-05,1.1730194091796876e-05,0.003129124641418457,0.008435468673706054,0.021125125885009765,0.02453438401222229,0.005343669652938842,1.1992767572402954,19.644531,-0.9822264,14.8984375,-0.12334693,0.9921875,0.9991371818072705,0.9999790065122157,4217.421875575957,8978.0,0.00038504600524902344,-0.34701263904571533,1.2019381523132324,1.0,1.0,0.06345176696777344,-0.030669938772916794,-0.6128573417663574,-0.012269831262528896,1.1698763370513916,1.0,-0.09181355684995651,-0.1289096623659134,0.45894861221313477,0.000803925737272948,0.9680190682411194,0.07189091295003891,86.56492614746094,0.05937500298023224,0.8147921562194824,8980.0,0.000278629,,,,,,,,,,,,,,,,,,,,,,,,,,,,,,,,,,,,,,,,,,,,,
46028800,-0.10562882572412491,14.830388069152832,0.9937286202964652,0.346036958694458,0.8297592401504517,5.7525634765625e-05,1.1849403381347657e-05,0.0034864890575408937,0.00815952181816101,0.026203179359436037,0.024477332830429077,0.005270199775695801,1.2020347833633422,16.421875,-0.8210936,14.074219,-0.048576854,0.98828125,0.999110756731712,0.9999804034326284,4217.445281819254,8988.0,0.00037860870361328125,-0.3456583499908447,1.2581572532653809,1.0,0.0,0.05494910478591919,-0.02766638994216919,-0.6890621185302734,-0.013118024915456772,1.0828051567077637,1.0,-0.09241900593042374,-0.023046769201755524,0.37360358238220215,0.0018853810615837574,2.2702155113220215,0.0719325840473175,86.61509704589844,0.07460937649011612,0.7922476530075073,8990.0,0.00027849386,,,,,,,,,,,,,,,,,,,,,,,,,,,,,,,,,,,,,,,,,,,,,
46080000,-0.1920366734266281,16.371204376220703,0.9931439764936337,0.37351670265197756,0.806502103805542,5.3508281707763674e-05,1.1777877807617187e-05,0.0029222476482391358,0.007711206674575806,0.022943782806396484,0.024713741540908815,0.004891176223754883,1.202996850013733,20.542969,-1.0271482,16.582031,-0.20978007,0.99609375,0.9991760760217754,0.9999813109468998,4217.4858867419425,8998.0,0.0003214597702026367,-0.3731952428817749,1.1999926567077637,1.0,1.0,0.06993525475263596,-0.029341012239456177,-0.559831976890564,-0.007556474301964045,1.2465965747833252,1.0,-0.09398381412029266,-0.07637956738471985,0.4128217101097107,0.00045114883687347174,0.5432350635528564,0.07195815443992615,86.64588928222656,0.06035156548023224,0.7587990164756775,9000.0,0.0002783587,,,,,,,,,,,,,,,,,,,,,,,,,,,,,,,,,,,,,,,,,,,,,
46131200,-0.14064954221248627,15.416519165039062,0.996165191740413,0.3240785598754883,0.8550823926925659,6.11567497253418e-05,1.2612342834472656e-05,0.0034665989875793455,0.008576254844665527,0.017296218872070314,0.024895170927047728,0.0057178068161010745,1.1964933633804322,16.394531,-0.81972647,15.488281,-0.14558679,0.98828125,0.9991315150486878,0.9999802927469598,4217.523380915921,9008.0,0.00015151500701904297,-0.32392704486846924,1.198643445968628,1.0,1.0,0.054934531450271606,-0.02199409157037735,-0.6204526424407959,-0.00584135577082634,1.154188632965088,1.0,-0.0907692164182663,0.04218290001153946,0.37464258074760437,0.0008339352207258344,1.0041539669036865,0.07198801636695862,86.68185424804688,0.06992188096046448,0.7737347483634949,9010.0,0.0002782235,,,,,,,,,,,,,,,,,,,,,,,,,,,,,,,,,,,,,,,,,,,,,
46182400,-0.13683994114398956,15.180983543395996,0.9949644549763034,0.35517284870147703,0.8198791980743408,5.5540800094604495e-05,1.1777877807617187e-05,0.003138688802719116,0.00882286787033081,0.023766255378723143,0.024300354719161987,0.0046430516242980955,1.1988525629043578,16.195312,-0.80976546,15.8984375,-0.18205144,0.9921875,0.9991838776446333,0.9999812463411224,4217.55915950817,9018.0,0.0003328561782836914,-0.3548399925231933,1.196655035018921,1.0,1.0,0.09623542428016663,-0.0397922620177269,-0.5287997126579285,-0.009949644096195698,1.3007354736328125,1.0,-0.09328062832355499,-0.07604964822530746,0.4295528531074524,0.0007052588043734431,0.8492127060890198,0.07204889506101608,86.75515747070312,0.0712890625,0.7115427255630493,9020.0,0.00027808835,,,,,,,,,,,,,,,,,,,,,,,,,,,,,,,,,,,,,,,,,,,,,
46233600,-0.10605297982692719,14.738336563110352,0.9959432048681541,0.32252447605133056,0.851860499382019,6.290316581726074e-05,1.163482666015625e-05,0.0035575425624847414,0.008795751333236694,0.02107260227203369,0.02460848569869995,0.005530798435211181,1.1954931259155273,17.515625,-0.8757811,16.941406,-0.21477424,0.984375,0.9991185464362214,0.9999799970548007,4217.600524172892,9028.0,0.00018475055694580078,-0.3223397254943848,1.1989784240722656,1.0,1.0,0.08827510476112366,-0.045995112508535385,-0.5420755743980408,-0.019370906054973602,1.2515462636947632,1.0,-0.09123523533344269,-0.02976583130657673,0.4163148105144501,0.0006950985407456756,0.836978554725647,0.07207605987787247,86.78787231445312,0.06816406548023224,0.7447414398193359,9030.0,0.00027795316,,,,,,,,,,,,,,,,,,,,,,,,,,,,,,,,,,,,,,,,,,,,,
46284800,-0.09452208876609802,14.461408615112305,0.9960563380281691,0.3248206615447998,0.8357352018356323,6.135940551757813e-05,1.304149627685547e-05,0.003236342668533325,0.008470118045806885,0.021589326858520507,0.0248437237739563,0.005140162706375122,1.1821815729141236,16.976562,-0.84882796,14.488281,-0.11976027,0.99609375,0.9991611340167217,0.9999802558427328,4217.7002177384165,9038.0,0.00030410289764404297,-0.3245165586471558,1.1967840194702148,1.0,1.0,0.07724758982658386,-0.0291794091463089,-0.5187671184539795,-0.004156940616667271,1.3063597679138184,1.0,-0.0927295908331871,-0.06187092512845993,0.4111638069152832,0.0008347152033820748,1.0050930976867676,0.0721508115530014,86.87786865234375,0.06796875596046448,0.7395179867744446,9040.0,0.000277818,,,,,,,,,,,,,,,,,,,,,,,,,,,,,,,,,,,,,,,,,,,,,
46336000,-0.12295893579721451,15.173209190368652,0.9976026370991908,0.3606233596801758,0.8162401676177978,5.577564239501953e-05,1.1730194091796876e-05,0.0029657042026519777,0.008600820302963257,0.026330947875976562,0.0243664026260376,0.004789339303970337,1.2032316684722901,19.191406,-0.95957017,14.5703125,-0.0928885,1.0,0.9991677375307114,0.9999788377376401,4217.71654911537,9048.0,0.0004111289978027344,-0.36021223068237307,1.2002520561218262,1.0,1.0,0.08301527798175812,-0.028615836054086685,-0.5451396703720093,-0.002966460306197405,1.266039252281189,1.0,-0.09165983647108078,-0.11791626363992691,0.4721503257751465,0.0005651907995343208,0.6805547475814819,0.07219774276018143,86.93438720703125,0.06425781548023224,0.7739757299423218,9050.0,0.00027768282,,,,,,,,,,,,,,,,,,,,,,,,,,,,,,,,,,,,,,,,,,,,,
46387200,-0.12558531761169434,15.186674118041992,0.9955972996771353,0.32387354373931887,0.8584984540939331,5.960226058959961e-05,1.1324882507324219e-05,0.0035351788997650146,0.008708535432815552,0.015585732460021973,0.025064953565597535,0.0055206453800201415,1.1979939460754394,17.078125,-0.85390615,15.2734375,-0.13433251,0.99609375,0.9991611594467735,0.9999792228502158,4217.750868985132,9058.0,0.00025508403778076174,-0.32361845970153813,1.1968226432800293,1.0,1.0,0.06256547570228577,-0.03684157133102417,-0.6794873476028442,-0.020555900409817696,1.0620043277740479,1.0,-0.09152902662754059,-0.0629546120762825,0.3940257728099823,0.0005713808932341635,0.6880083084106445,0.0722438395023346,86.9898910522461,0.06855468451976776,0.7724225521087646,9060.0,0.00027754763,,,,,,,,,,,,,,,,,,,,,,,,,,,,,,,,,,,,,,,,,,,,,
46438400,-0.14171232283115387,15.54094409942627,0.9951293759512938,0.3155609130859375,0.8643821001052856,5.92350959777832e-05,1.1181831359863281e-05,0.003252229690551758,0.008911111354827882,0.014600253105163575,0.025093435049057006,0.005868246555328369,1.194576048851013,17.65625,-0.8828124,16.371094,-0.17142555,0.9921875,0.9991937070534608,0.9999819176658636,4217.8004644518705,9068.0,0.0002521514892578125,-0.31530876159667964,1.1992614269256592,1.0,1.0,0.07984215766191483,-0.03827507421374321,-0.5447409152984619,-0.013675807043910027,1.2471904754638672,1.0,-0.09149730205535889,-0.07361416518688202,0.45452606678009033,0.0007144620176404715,0.8602944016456604,0.07230530679225922,87.06390380859375,0.06328125298023224,0.767930269241333,9070.0,0.00027741247,,,,,,,,,,,,,,,,,,,,,,,,,,,,,,,,,,,,,,,,,,,,,
46489600,-0.10110381245613098,14.741697311401367,0.9980130570536475,0.30347821712493894,0.8739062309265136,6.287455558776855e-05,1.2278556823730469e-05,0.003461594581604004,0.008967816829681396,0.01913619041442871,0.025142606496810913,0.0060238480567932125,1.1965576171875,14.785156,-0.7392577,16.75,-0.22903115,0.9921875,0.9991630446252886,0.9999793573126441,4217.844079438983,9078.0,0.0001806974411010742,-0.3032975196838379,1.1985909938812256,1.0,1.0,0.07855082303285599,-0.021625731140375137,-0.549802303314209,0.002538007916882634,1.2452800273895264,1.0,-0.09274332970380783,-0.11393463611602783,0.4820801019668579,0.0006467442726716399,0.778754472732544,0.07235148549079895,87.1195068359375,0.0703125,0.7938094735145569,9080.0,0.00027727732,,,,,,,,,,,,,,,,,,,,,,,,,,,,,,,,,,,,,,,,,,,,,
46540800,-0.08840334415435791,14.415218353271484,0.9968652037617555,0.28953325748443604,0.8981714248657227,6.561040878295898e-05,1.3065338134765624e-05,0.0036978363990783692,0.009467121362686157,0.013251805305480957,0.02515991687774658,0.006480618715286255,1.2009932279586792,17.195312,-0.8597655,15.5,-0.14146617,0.9921875,0.9991656942390166,0.9999802871786837,4217.8692353636,9088.0,0.00023484230041503906,-0.289298415184021,1.1969609260559082,1.0,1.0,0.06044582277536392,-0.0299203060567379,-0.6240368485450745,-0.012317193672060966,1.1483747959136963,1.0,-0.09332612156867981,-0.08185746520757675,0.40229445695877075,0.000735151523258537,0.885206937789917,0.07240048050880432,87.17850494384766,0.06289061903953552,0.7835912704467773,9090.0,0.00027714216,,,,,,,,,,,,,,,,,,,,,,,,,,,,,,,,,,,,,,,,,,,,,
46592000,-0.10737331211566925,14.9306640625,0.9956483899042646,0.29652082920074463,0.8727454662322998,6.399631500244141e-05,1.2302398681640625e-05,0.003551044464111328,0.008810511827468871,0.019397521018981935,0.02502119302749634,0.0061520588397979735,1.1887003898620605,16.15625,-0.80781233,15.9609375,-0.1705998,1.0,0.9991184408461241,0.9999795818933354,4217.940728407162,9098.0,0.0002802371978759766,-0.2962405920028687,1.2024855613708496,1.0,1.0,0.0793633908033371,-0.05136945843696594,-0.6280623078346252,-0.029568901285529137,1.1325346231460571,1.0,-0.09197524189949036,-0.05614814907312393,0.4085225462913513,0.0005380678339861333,0.6478954553604126,0.0724468007683754,87.23428344726562,0.06367187201976776,0.7436329126358032,9100.0,0.00027700697,,,,,,,,,,,,,,,,,,,,,,,,,,,,,,,,,,,,,,,,,,,,,
46643200,-0.07667986303567886,14.1851224899292,0.9974640743871513,0.3270794630050659,0.8552332878112793,6.133556365966797e-05,1.3279914855957032e-05,0.0033428728580474853,0.008442867994308472,0.016400146484375,0.025003596544265747,0.005874638557434082,1.1987483501434326,19.503906,-0.9751951,14.546875,-0.10701592,0.99609375,0.9991498723595863,0.9999815032672589,4217.977218447473,9108.0,0.00025990009307861326,-0.32681956291198727,1.1980862617492676,1.0,1.0,0.07465780526399612,-0.04160144180059433,-0.6453670859336853,-0.020257946103811264,1.1641497611999512,1.0,-0.09238676726818085,-0.11450963467359543,0.4731324315071106,0.0006241047522053123,0.7514939308166504,0.07251857966184616,87.32070922851562,0.06191406399011612,0.7980236411094666,9110.0,0.00027687178,,,,,,,,,,,,,,,,,,,,,,,,,,,,,,,,,,,,,,,,,,,,,
46694400,-0.1584823727607727,15.695952415466309,0.9940029985007496,0.33366639614105226,0.847456407546997,6.088733673095703e-05,1.0538101196289063e-05,0.003207913637161255,0.00880970001220703,0.014025616645812988,0.02478648900985718,0.005473213195800781,1.1951812505722046,15.027344,-0.7513671,15.328125,-0.16022253,0.9921875,0.999183033244321,0.999981348320905,4218.025272832133,9118.0,0.0003910541534423828,-0.3332753419876099,1.2006251811981201,1.0,0.0,0.07404732704162598,-0.04822949320077896,-0.5701267719268799,-0.025315139442682266,1.2472906112670898,1.0,-0.09183036535978317,0.04108418524265289,0.4197089672088623,0.0006286462885327637,0.7569624781608582,0.07257241010665894,87.38552856445312,0.0693359375,0.7444186210632324,9120.0,0.00027673662,,,,,,,,,,,,,,,,,,,,,,,,,,,,,,,,,,,,,,,,,,,,,
46745600,-0.08216401189565659,14.250496864318848,0.9954609929078014,0.30097432136535646,0.8717838287353515,6.362438201904297e-05,1.2826919555664062e-05,0.00350185751914978,0.00887717604637146,0.021512627601623535,0.02511850357055664,0.005993236303329468,1.194309902191162,18.804688,-0.9402342,15.359375,-0.15447249,0.9921875,0.9992017834193676,0.9999779809501481,4218.077141004202,9128.0,0.0002431154251098633,-0.3007312059402466,1.1962230205535889,1.0,1.0,0.07866452634334564,-0.04062352329492569,-0.623990535736084,-0.018565893173217773,1.156248927116394,1.0,-0.09354028105735779,-0.22272317111492157,0.5035132169723511,0.0008041680557653308,0.9683107137680054,0.07260268926620483,87.42198181152344,0.05429687350988388,0.7769585847854614,9130.0,0.00027660147,,,,,,,,,,,,,,,,,,,,,,,,,,,,,,,,,,,,,,,,,,,,,
46796800,-0.11139393597841263,14.904598236083984,0.9954298771779492,0.2987018346786499,0.8890382766723632,6.31570816040039e-05,1.2993812561035156e-05,0.003570932149887085,0.008981043100357055,0.015947127342224122,0.025543488264083862,0.00625718355178833,1.2037250518798828,14.972656,-0.74863267,14.933594,-0.118882135,0.98828125,0.9991876685887365,0.9999793811933666,4218.086926368605,9138.0,0.00029430389404296877,-0.29840753078460697,1.1997032165527344,1.0,1.0,0.08956918865442276,-0.032691776752471924,-0.548769474029541,-0.00583305861800909,1.2400535345077515,1.0,-0.09107799828052521,-0.04900279641151428,0.44101929664611816,0.0007553495233878493,0.9095276594161987,0.07266035676002502,87.49141693115234,0.0751953125,0.7391013503074646,9140.0,0.00027646628,,,,,,,,,,,,,,,,,,,,,,,,,,,,,,,,,,,,,,,,,,,,,
46848000,-0.05600576102733612,13.87459659576416,0.9970398277717977,0.28730933666229247,0.9033230543136597,6.801962852478028e-05,1.2111663818359374e-05,0.004003258943557739,0.009269558191299439,0.0143510103225708,0.02530710220336914,0.006479548215866089,1.2050201654434205,13.574219,-0.6787108,13.785156,-0.046650715,0.98828125,0.9991439267960415,0.9999795418518411,4218.097174553311,9148.0,0.0002660274505615234,-0.28704330921173093,1.1995761394500732,1.0,1.0,0.08561008423566818,-0.03269166871905327,-0.5948140621185303,-0.008556574583053589,1.1656583547592163,1.0,-0.09068639576435089,0.03109404444694519,0.3822290003299713,0.0010558684589341283,1.271386981010437,0.07270306348800659,87.5428466796875,0.07304687798023224,0.6813932657241821,9150.0,0.0002763311,,,,,,,,,,,,,,,,,,,,,,,,,,,,,,,,,,,,,,,,,,,,,
46899200,-0.03625335544347763,13.563202857971191,0.9986609534011783,0.2930271863937378,0.8784089326858521,6.253600120544434e-05,1.208782196044922e-05,0.0037275707721710206,0.008598017692565917,0.011603116989135742,0.025484880208969118,0.006008316278457642,1.1830756425857545,15.7421875,-0.78710926,12.464844,0.018694123,1.0,0.9991091693295097,0.9999794445137801,4218.158634335258,9158.0,0.00016720294952392577,-0.2928599834442139,1.20406174659729,1.0,0.0,0.08176326751708984,-0.026989314705133438,-0.5411882400512695,-0.0019356185803189874,1.2464760541915894,1.0,-0.09147270023822784,-0.00970396026968956,0.39808982610702515,0.0006472534732893109,0.7793676257133484,0.07275442779064178,87.60470581054688,0.07460937649011612,0.7345645427703857,9160.0,0.00027619593,,,,,,,,,,,,,,,,,,,,,,,,,,,,,,,,,,,,,,,,,,,,,
46950400,-0.07171694934368134,14.135189056396484,0.9971598977563192,0.32426013946533205,0.8673443794250488,5.9850215911865235e-05,1.4543533325195312e-05,0.003347424268722534,0.009024711847305298,0.01522221565246582,0.02499592661857605,0.005903031826019287,1.2068657398223877,21.328125,-1.066406,15.2578125,-0.14711264,0.98828125,0.9991635572771809,0.9999797311785324,4218.182755199037,9168.0,0.00015997886657714844,-0.3241001605987549,1.2027549743652344,1.0,1.0,0.04219357296824455,-0.03245225176215172,-0.6113613247871399,-0.01886853575706482,1.1655367612838745,1.0,-0.09224191308021545,-0.07486879825592041,0.4064263701438904,0.0006127055967226624,0.7377679944038391,0.0728049948811531,87.66558837890625,0.0546875,0.8401045203208923,9170.0,0.00027606077,,,,,,,,,,,,,,,,,,,,,,,,,,,,,,,,,,,,,,,,,,,,,
47001600,-0.11637363582849503,14.995145797729492,0.9957167332952599,0.29935483932495116,0.8787802696228028,6.195306777954102e-05,1.2159347534179688e-05,0.00347104549407959,0.009013657569885253,0.019011521339416505,0.025134587287902833,0.006221005916595459,1.1971840381622314,16.199219,-0.80996084,15.1953125,-0.1169088,0.99609375,0.9991632915264872,0.9999789100700294,4218.215940985185,9178.0,0.0001733541488647461,-0.2991814851760864,1.1982126235961914,1.0,1.0,0.07346697151660919,-0.024993091821670532,-0.5883938670158386,-0.0030237827450037003,1.208643913269043,1.0,-0.09058970212936401,-0.059451062232255936,0.43412041664123535,0.0009911765810102224,1.1934905052185059,0.07283881306648254,87.70631408691406,0.072265625,0.7773537635803223,9180.0,0.0002759256,,,,,,,,,,,,,,,,,,,,,,,,,,,,,,,,,,,,,,,,,,,,,
47052800,-0.08672862499952316,14.240321159362793,0.9958517699115044,0.3085957050323486,0.8769452810287476,6.233692169189453e-05,1.087188720703125e-05,0.003379969596862793,0.00857599139213562,0.011646175384521484,0.02579393744468689,0.0059981954097747805,1.1972209215164185,15.0546875,-0.7527343,14.421875,-0.08350257,0.99609375,0.9991599638636018,0.999980882238873,4218.251633858795,9188.0,0.00012753009796142578,-0.3084681749343872,1.2017848491668701,1.0,1.0,0.05477478355169296,-0.030736416578292847,-0.6106448173522949,-0.014356009662151337,1.1610584259033203,1.0,-0.09069982171058655,-0.030910048633813858,0.41217201948165894,0.0006784924771636724,0.8169829845428467,0.07289636135101318,87.77560424804688,0.0712890625,0.8111430406570435,9190.0,0.0002757904,,,,,,,,,,,,,,,,,,,,,,,,,,,,,,,,,,,,,,,,,,,,,
47104000,-0.0679578185081482,14.016596794128418,0.9969057665260197,0.32367942333221433,0.8683668613433838,6.013631820678711e-05,1.2636184692382812e-05,0.0035362660884857176,0.008766686916351319,0.013871121406555175,0.025244381427764893,0.0057740449905395504,1.2059542417526246,20.410156,-1.0205076,14.0390625,-0.07146307,0.99609375,0.9991518025972582,0.9999799333300212,4218.258042321502,9198.0,0.00011751651763916015,-0.3235619068145752,1.265383243560791,1.0,0.0,0.0681462436914444,-0.04212772101163864,-0.531464695930481,-0.01985805109143257,1.284400463104248,1.0,-0.09006913006305695,-0.013897892087697983,0.45876121520996094,0.0008334738085977733,1.0035983324050903,0.07298973202705383,87.88803100585938,0.0654296875,0.7941440343856812,9200.0,0.00027565524,,,,,,,,,,,,,,,,,,,,,,,,,,,,,,,,,,,,,,,,,,,,,
47155200,-0.07880423218011856,14.117962837219238,0.9962466487935657,0.31465625762939453,0.8583492040634155,5.974173545837402e-05,1.049041748046875e-05,0.003340301513671875,0.008634234666824342,0.01589665412902832,0.025051804780960082,0.005794011354446411,1.1889441728591919,14.707031,-0.73535144,13.4921875,-0.06042799,0.9921875,0.9991293484835123,0.9999734498720851,4218.349667120001,9208.0,0.00015451908111572266,-0.3145017385482788,1.1979188919067383,1.0,1.0,0.05904412269592285,-0.047259703278541565,-0.6474797129631042,-0.03095509111881256,1.1065868139266968,1.0,-0.09066133201122284,0.04031158238649368,0.38568323850631714,0.0007707555196247995,0.928078293800354,0.07302388548851013,87.92916107177734,0.07167968899011612,0.7754322290420532,9210.0,0.00027552008,,,,,,,,,,,,,,,,,,,,,,,,,,,,,,,,,,,,,,,,,,,,,
47206400,-0.049519989639520645,13.526941299438477,0.9989434759640782,0.2971738338470459,0.8860924482345581,6.3096284866333e-05,1.1324882507324219e-05,0.0034592652320861814,0.008737472295761108,0.012036442756652832,0.025904824733734132,0.006101841926574707,1.1953379392623902,14.65625,-0.7328124,13.332031,-0.037550703,0.99609375,0.9991395494052252,0.9999800144035914,4218.394734357828,9218.0,0.0001559019088745117,-0.2970179319381714,1.2024173736572266,1.0,1.0,0.06857125461101532,-0.03048740327358246,-0.5535259246826172,-0.009267267771065235,1.2311235666275024,1.0,-0.09178675711154938,0.03959295153617859,0.36478403210639954,0.0007101850933395326,0.8551445007324219,0.0730552226305008,87.96688079833984,0.07500000298023224,0.710608184337616,9220.0,0.0002753849,,,,,,,,,,,,,,,,,,,,,,,,,,,,,,,,,,,,,,,,,,,,,
47257600,-0.03862585872411728,13.484978675842285,0.9983905579399142,0.3062549829483032,0.8781614780426026,6.131529808044434e-05,1.1205673217773438e-05,0.00332659125328064,0.009054473638534545,0.0128709077835083,0.025344053506851195,0.006082785129547119,1.1973219394683838,18.28125,-0.9140624,15.09375,-0.11558168,1.0,0.9991150812963742,0.9999804855987502,4218.433160511385,9228.0,0.0001247406005859375,-0.3061302423477173,1.1952226161956787,1.0,1.0,0.0939195305109024,-0.03248074650764465,-0.6046826243400574,-0.006265199277549982,1.1654132604599,1.0,-0.09256468713283539,-0.17046114802360535,0.47455573081970215,0.0013854786520823836,1.6682755947113037,0.07309961318969727,88.02033996582031,0.068359375,0.7595816850662231,9230.0,0.0002752497,,,,,,,,,,,,,,,,,,,,,,,,,,,,,,,,,,,,,,,,,,,,,
47308800,-0.04858337342739105,13.582767486572266,0.9981723237597911,0.3110687494277954,0.8687918901443481,6.148695945739746e-05,1.1610984802246094e-05,0.0035587430000305178,0.008840609788894654,0.016913414001464844,0.025049619674682617,0.005891047716140747,1.1968075275421142,15.0703125,-0.7535155,13.917969,-0.06318752,1.0,0.9991232107839969,0.9999817322474998,4218.470155093666,9238.0,0.00016641616821289062,-0.3109023332595825,1.2571847438812256,1.0,0.0,0.06425407528877258,-0.053212739527225494,-0.6067742109298706,-0.03437259420752525,1.169172763824463,1.0,-0.09000374376773834,0.05362055450677872,0.40746524930000305,0.0012129356618970633,1.460513949394226,0.07313144952058792,88.05867004394531,0.072265625,0.7860211730003357,9240.0,0.00027511455,,,,,,,,,,,,,,,,,,,,,,,,,,,,,,,,,,,,,,,,,,,,,
47360000,-0.055049631744623184,13.812854766845703,0.9983796921415069,0.3000977039337158,0.8880092859268188,6.337642669677734e-05,1.1348724365234375e-05,0.003511755466461182,0.00933447241783142,0.0138885498046875,0.02522422671318054,0.0062295496463775635,1.2020286798477173,15.269531,-0.7634765,13.394531,-0.03122161,0.99609375,0.999164791936725,0.9999818710996707,4218.512168121046,9248.0,0.00013384819030761718,-0.2999638557434082,1.199631690979004,1.0,1.0,0.06966008245944977,-0.04232592508196831,-0.609329342842102,-0.022651633247733116,1.1393027305603027,1.0,-0.09217482805252075,-0.02456638216972351,0.40557193756103516,0.0009025944164022803,1.0868273973464966,0.0731765478849411,88.11298370361328,0.06972656399011612,0.7835648059844971,9250.0,0.0002749794,,,,,,,,,,,,,,,,,,,,,,,,,,,,,,,,,,,,,,,,,,,,,
47411200,-0.08588270097970963,14.409464836120605,0.9988665344290167,0.3115737199783325,0.8744932651519776,6.310939788818359e-05,1.1587142944335938e-05,0.0034440743923187258,0.008916513919830322,0.013407349586486816,0.025174803733825683,0.006088529825210571,1.1995082378387452,16.632812,-0.8316405,15.0390625,-0.12270957,1.0,0.9991393418331507,0.9999813957267654,4218.54070017111,9258.0,0.00022346973419189452,-0.3113502502441406,1.2023897171020508,1.0,1.0,0.06314072012901306,-0.035617705434560776,-0.5917843580245972,-0.01670616865158081,1.1954290866851807,1.0,-0.09215256571769714,0.03229180723428726,0.40562528371810913,0.0010309414938092232,1.2413721084594727,0.07322344183921814,88.16944885253906,0.07207031548023224,0.7828484177589417,9260.0,0.0002748442,,,,,,,,,,,,,,,,,,,,,,,,,,,,,,,,,,,,,,,,,,,,,
47462400,-0.09827405959367752,14.60726547241211,0.9977116704805492,0.30366015434265137,0.8810148715972901,6.30795955657959e-05,1.2803077697753907e-05,0.0037240672111511232,0.008862849473953247,0.015269589424133301,0.025271542072296142,0.0060921025276184084,1.1999836683273315,17.152344,-0.857617,15.457031,-0.16503116,0.99609375,0.9991577281956089,0.9999781247976519,4218.564199980072,9268.0,0.0001565694808959961,-0.3035035848617554,1.201486349105835,1.0,1.0,0.06423904001712799,-0.029304061084985733,-0.606192409992218,-0.01056648325175047,1.1662709712982178,1.0,-0.09180396795272827,-0.04542018473148346,0.39759987592697144,0.0005369118298403919,0.6465035676956177,0.07328610867261887,88.24490356445312,0.06953124701976776,0.7717163562774658,9270.0,0.00027470902,,,,,,,,,,,,,,,,,,,,,,,,,,,,,,,,,,,,,,,,,,,,,
47513600,-0.10092232376337051,14.682130813598633,0.9962772050400917,0.3059529304504395,0.8808366298675537,6.417632102966309e-05,1.1467933654785157e-05,0.0034801387786865235,0.008976285457611083,0.012137269973754883,0.025424782037734985,0.006059128046035767,1.198959755897522,16.878906,-0.8439452,13.2421875,-0.008203451,1.0,0.9991526044441346,0.9999821030922734,4218.59432877188,9278.0,0.00022852420806884766,-0.3057244062423706,1.2054758071899414,1.0,1.0,0.07518646866083145,-0.02984275110065937,-0.6490037441253662,-0.009153638035058975,1.12595796585083,1.0,-0.09136993438005447,-0.12943950295448303,0.4647025763988495,0.0007116035558283329,0.8568525314331055,0.07333681732416153,88.30596160888672,0.06640625,0.7959715127944946,9280.0,0.00027457386,,,,,,,,,,,,,,,,,,,,,,,,,,,,,,,,,,,,,,,,,,,,,
47564800,-0.0605500303208828,13.953639030456543,0.9967654986522911,0.32360243797302246,0.8611063003540039,5.8950185775756835e-05,1.1038780212402343e-05,0.003247767686843872,0.008845671415328979,0.014221763610839844,0.02535610556602478,0.005511096715927124,1.1989641189575195,14.660156,-0.73300767,14.6796875,-0.082087524,0.99609375,0.9991702894802884,0.9999811685445095,4218.622306146512,9288.0,0.00021719932556152344,-0.32338523864746094,1.2058179378509521,1.0,1.0,0.07166614383459091,-0.034784168004989624,-0.6159745454788208,-0.01460455171763897,1.1452568769454956,1.0,-0.09418928623199463,-0.044875618070364,0.39131999015808105,0.0006929294904693961,0.8343666791915894,0.07339408993721008,88.37493133544922,0.0693359375,0.7718063592910767,9290.0,0.0002744387,,,,,,,,,,,,,,,,,,,,,,,,,,,,,,,,,,,,,,,,,,,,,
47616000,-0.06473119556903839,14.047632217407227,0.9994428969359331,0.30816168785095216,0.8768624067306519,6.260871887207032e-05,1.2373924255371093e-05,0.0034563910961151125,0.009116578102111816,0.01757040023803711,0.024990181922912597,0.006174211502075195,1.2026322841644288,17.664062,-0.8832029,15.359375,-0.12260627,1.0,0.9990158320367118,0.9999788668399586,4218.640372282456,9298.0,0.0002240896224975586,-0.3079375982284546,1.2079644203186035,1.0,1.0,0.06925556808710098,-0.043827082961797714,-0.5657540559768677,-0.022722385823726654,1.2148934602737427,1.0,-0.09313386678695679,0.004402244463562965,0.40080422163009644,0.0011477937223389745,1.382075548171997,0.07346775382757187,88.463623046875,0.06914062798023224,0.7647045850753784,9300.0,0.00027430354,,,,,,,,,,,,,,,,,,,,,,,,,,,,,,,,,,,,,,,,,,,,,
47667200,-0.0456172339618206,13.698741912841797,0.9984268484530676,0.31103551387786865,0.8808856248855591,6.234288215637207e-05,1.0943412780761718e-05,0.003389402627944946,0.009275616407394409,0.012459802627563476,0.02511275768280029,0.006166293621063233,1.2044127225875854,13.574219,-0.6787108,12.355469,0.012550933,1.0,0.9991402283826888,0.999982698801314,4218.640173591047,9308.0,0.0002485513687133789,-0.3107869625091553,1.2020089626312256,1.0,1.0,0.05935930460691452,-0.025255724787712097,-0.5311273336410522,-0.005835886113345623,1.2565046548843384,1.0,-0.09256863594055176,0.0921865701675415,0.3865964710712433,0.0005070090992376208,0.610497236251831,0.07349924743175507,88.50154113769531,0.08261719346046448,0.7718990445137024,9310.0,0.00027416836,,,,,,,,,,,,,,,,,,,,,,,,,,,,,,,,,,,,,,,,,,,,,
47718400,-0.02244419790804386,13.143479347229004,0.9984627209838586,0.32471661567687987,0.872988510131836,6.276726722717285e-05,1.1277198791503906e-05,0.0036117184162139894,0.008894432783126831,0.011447644233703614,0.025031148195266723,0.006012389659881592,1.2091865301132203,13.1875,-0.6593749,13.453125,-0.019501671,1.0,0.9991530430367312,0.99998140661391,4218.631493625916,9318.0,0.00018446445465087892,-0.324532151222229,1.2019851207733154,1.0,1.0,0.06435398757457733,-0.030310025438666344,-0.5091572999954224,-0.008710538037121296,1.2963241338729858,1.0,-0.09155727922916412,0.1207382082939148,0.37645861506462097,0.0007950470899231732,0.9573281407356262,0.07354074716567993,88.551513671875,0.07988281548023224,0.7351865768432617,9320.0,0.00027403317,,,,,,,,,,,,,,,,,,,,,,,,,,,,,,,,,,,,,,,,,,,,,
47769600,-0.05418410524725914,13.781071662902832,0.9975523524612456,0.3233487606048584,0.8524618864059448,5.812764167785645e-05,1.2755393981933594e-05,0.0031982338428497314,0.00828560471534729,0.015162944793701172,0.02550559997558594,0.0055396735668182375,1.191008996963501,15.246094,-0.76230466,14.925781,-0.1324839,0.9921875,0.9991587992709128,0.999980982708718,4218.688097568996,9328.0,0.0001344442367553711,-0.32321431636810305,1.2043895721435547,1.0,1.0,0.0703490823507309,-0.037163540720939636,-0.6551695466041565,-0.01847986876964569,1.0825786590576172,1.0,-0.09335238486528397,-0.023829365149140358,0.4194619357585907,0.0005397256463766098,0.64989173412323,0.07357647269964218,88.59454345703125,0.06894531100988388,0.7649321556091309,9330.0,0.000273898,,,,,,,,,,,,,,,,,,,,,,,,,,,,,,,,,,,,,,,,,,,,,
47820800,-0.04167003929615021,13.524516105651855,0.9976146302676915,0.3140590667724609,0.8661349058151245,5.9947967529296874e-05,1.1157989501953124e-05,0.0032600808143615724,0.009385344982147216,0.01779639720916748,0.02474005699157715,0.005827511548995972,1.1980242013931275,15.917969,-0.79589826,14.2734375,-0.0864883,0.99609375,0.9992194521680613,0.9999810741662429,4218.704361684297,9338.0,0.00017359256744384766,-0.31388547420501706,1.2088425159454346,1.0,1.0,0.06272442638874054,-0.03481799364089966,-0.5533000230789185,-0.015101561322808266,1.228253722190857,1.0,-0.09320224821567535,0.043367691338062286,0.40217751264572144,0.0006649615825153887,0.8006901741027832,0.0736212283372879,88.64842987060547,0.07265625149011612,0.7943652868270874,9340.0,0.00027376285,,,,,,,,,,,,,,,,,,,,,,,,,,,,,,,,,,,,,,,,,,,,,
47872000,-0.03125111758708954,13.29149341583252,0.9976659751037344,0.329464054107666,0.858753752708435,5.817055702209473e-05,1.1587142944335938e-05,0.0034785747528076174,0.008605660200119018,0.014417672157287597,0.025073394775390626,0.005687884092330933,1.202671480178833,15.714844,-0.7857421,12.230469,0.039629873,1.0,0.9992080789715511,0.9999797001401444,4218.723219785824,9348.0,0.00013034343719482423,-0.3293337106704712,1.204707384109497,1.0,1.0,0.06519249826669693,-0.03583426773548126,-0.5548188090324402,-0.015435253269970417,1.232140302658081,1.0,-0.09339642524719238,0.014732897281646729,0.41845569014549255,0.0008005964336916804,0.9640101790428162,0.07365571707487106,88.68995666503906,0.07578124850988388,0.7986644506454468,9350.0,0.00027362767,,,,,,,,,,,,,,,,,,,,,,,,,,,,,,,,,,,,,,,,,,,,,
47923200,-0.07592438161373138,14.163445472717285,0.9964108227498619,0.3170787811279297,0.8701884984970093,6.186127662658691e-05,1.239776611328125e-05,0.003428269624710083,0.009050216674804688,0.016265559196472167,0.025096853971481325,0.005836418867111206,1.2035713911056518,15.324219,-0.7662108,14.160156,-0.09776313,1.0,0.9991770861099999,0.9999782692424224,4218.737867508671,9358.0,0.00024228096008300782,-0.3168365001678467,1.2076208591461182,1.0,1.0,0.08099766820669174,-0.026836147531867027,-0.5551924109458923,-0.002527551492676139,1.2236008644104004,1.0,-0.09273705631494522,-0.06510509550571442,0.4577844440937042,0.0008812966989353299,1.0611824989318848,0.07372304797172546,88.77102661132812,0.07441405951976776,0.7746743559837341,9360.0,0.00027349248,,,,,,,,,,,,,,,,,,,,,,,,,,,,,,,,,,,,,,,,,,,,,
47974400,-0.10214228183031082,14.667237281799316,0.9965753424657534,0.3069072008132935,0.8526474714279175,6.4544677734375e-05,1.2493133544921875e-05,0.003453284502029419,0.0093253755569458,0.034481382369995116,0.024346942901611327,0.005405689477920532,1.194073748588562,14.566406,-0.72832024,15.363281,-0.14456087,0.99609375,0.9991429880137161,0.9999788950692193,4218.786027731855,9368.0,0.00020735263824462892,-0.30669984817504886,1.203096866607666,1.0,0.0,0.06217992678284645,-0.029169965535402298,-0.67182457447052,-0.01264622900635004,1.082167148590088,1.0,-0.09301715344190598,-0.03521592542529106,0.42665019631385803,0.0006844429299235344,0.8241479992866516,0.07377605140209198,88.83485412597656,0.07089843600988388,0.8020660877227783,9370.0,0.00027335732,,,,,,,,,,,,,,,,,,,,,,,,,,,,,,,,,,,,,,,,,,,,,
48025600,-0.08797651529312134,14.383291244506836,0.9971775331639853,0.31726727485656736,0.8679861068725586,6.439447402954101e-05,1.2922286987304688e-05,0.003451489210128784,0.008944765329360962,0.018521499633789063,0.025300142765045167,0.00560057282447815,1.2038138866424561,15.503906,-0.7751952,13.988281,-0.07125735,0.99609375,0.999125775394677,0.9999783330356602,4218.80005126092,9378.0,0.00013616085052490235,-0.31713111400604244,1.1956210136413574,1.0,1.0,0.07803948223590851,-0.0471712201833725,-0.6165950894355774,-0.02541421726346016,1.1374729871749878,1.0,-0.0934077724814415,0.024813853204250336,0.3932909369468689,0.000716463488060981,0.8627043962478638,0.07382635027170181,88.89541625976562,0.07187499850988388,0.7349963188171387,9380.0,0.00027322216,,,,,,,,,,,,,,,,,,,,,,,,,,,,,,,,,,,,,,,,,,,,,
48076800,-0.05004744604229927,13.702472686767578,0.9986705663387397,0.34268085956573485,0.8346746444702149,5.9186220169067384e-05,1.2922286987304688e-05,0.0033555305004119873,0.00909225344657898,0.023326945304870606,0.02445971727371216,0.004730912446975708,1.2007217168807984,14.1953125,-0.70976555,14.859375,-0.108679935,1.0,0.9991342174845679,0.9999780588186086,4218.822964586207,9388.0,0.0002465248107910156,-0.34243433475494384,1.2026467323303223,1.0,1.0,0.06026514992117882,-0.044530466198921204,-0.5452491641044617,-0.025238774716854095,1.231451392173767,1.0,-0.09357966482639313,0.09614507108926773,0.39701616764068604,0.000510058889631182,0.6141694784164429,0.07389184832572937,88.97428131103516,0.07753907144069672,0.7799310088157654,9390.0,0.00027308697,,,,,,,,,,,,,,,,,,,,,,,,,,,,,,,,,,,,,,,,,,,,,
48128000,-0.02082321234047413,13.122465133666992,0.9982028241335045,0.31576220989227294,0.870865273475647,6.733059883117675e-05,1.2254714965820312e-05,0.003688051700592041,0.008534494638442993,0.017742419242858888,0.025425636768341066,0.005789183378219605,1.204406452178955,14.5390625,-0.72695297,12.7578125,-0.017909445,1.0,0.9991142926344612,0.99997982836013,4218.828350571801,9398.0,0.00014362335205078124,-0.3156185865402222,1.2044830322265625,1.0,1.0,0.05675232410430908,-0.035505615174770355,-0.5697951912879944,-0.017947373911738396,1.203094244003296,1.0,-0.09427806735038757,0.07048802077770233,0.3837418258190155,0.0010528555139899254,1.267759084701538,0.0739138051867485,89.00072479248047,0.06757812201976776,0.7685002088546753,9400.0,0.0002729518,,,,,,,,,,,,,,,,,,,,,,,,,,,,,,,,,,,,,,,,,,,,,
48179200,-0.06946040689945221,14.025906562805176,0.9976971790443293,0.3290036916732788,0.8542476892471313,6.10196590423584e-05,1.1420249938964843e-05,0.003531256914138794,0.008768630027770997,0.01708822250366211,0.024848438501358032,0.005466291904449463,1.2003737449645997,24.203125,-1.2101558,15.003906,-0.1244137,0.9921875,0.9991396533801734,0.9999810714865401,4218.8439065632065,9408.0,0.00025377273559570315,-0.3287499189376831,1.1987416744232178,1.0,0.0,0.060366012156009674,-0.025125490501523018,-0.6144882440567017,-0.007539656013250351,1.1600801944732666,1.0,-0.0970885157585144,-0.37778544425964355,0.6419992446899414,0.0011666290229186416,1.4047555923461914,0.0739687904715538,89.06692504882812,0.04843750223517418,0.8670645952224731,9410.0,0.00027281663,,,,,,,,,,,,,,,,,,,,,,,,,,,,,,,,,,,,,,,,,,,,,
48230400,-0.08553279936313629,14.349919319152832,0.9970414201183432,0.3230992317199707,0.8540849685668945,6.221890449523925e-05,1.1777877807617187e-05,0.003341237306594849,0.008546336889266967,0.020253586769104003,0.025324416160583497,0.00539461612701416,1.1974737167358398,15.792969,-0.7896483,12.996094,-0.011408746,0.99609375,0.9991705031303981,0.9999798310378546,4218.9014082984895,9418.0,0.00014421939849853515,-0.32295501232147217,1.200538158416748,1.0,1.0,0.06888784468173981,-0.03847955912351608,-0.5867201089859009,-0.018336031585931778,1.1721919775009155,1.0,-0.09496608376502991,0.038649436086416245,0.38950759172439575,0.0007034307345747948,0.8470114469528198,0.07400672882795334,89.11260986328125,0.07343749701976776,0.7491718530654907,9420.0,0.00027268147,,,,,,,,,,,,,,,,,,,,,,,,,,,,,,,,,,,,,,,,,,,,,
48281600,-0.04163013771176338,13.39250373840332,0.9976574700676731,0.35598766803741455,0.8278183937072754,5.9059858322143556e-05,1.1801719665527344e-05,0.0032906317710876464,0.008451532125473022,0.019650697708129883,0.02489877223968506,0.004655901193618774,1.2034920692443847,14.800781,-0.740039,13.089844,-0.023388311,1.0,0.9991538603770259,0.9999804667828728,4218.9145714835595,9428.0,0.00016515254974365235,-0.3558225154876709,1.2004642486572266,1.0,1.0,0.057316988706588745,-0.038975685834884644,-0.5822699069976807,-0.021726831793785095,1.1711376905441284,1.0,-0.09552274644374847,-0.011526744812726974,0.40388157963752747,0.0007297781994566321,0.8787369132041931,0.0740596354007721,89.17631530761719,0.0693359375,0.8091656565666199,9430.0,0.00027254628,,,,,,,,,,,,,,,,,,,,,,,,,,,,,,,,,,,,,,,,,,,,,
48332800,-0.03028644621372223,13.234976768493652,0.9989727786337956,0.30603823661804197,0.8690557241439819,6.404399871826172e-05,1.2230873107910156e-05,0.0034670984745025636,0.008928275108337403,0.02011551856994629,0.02517820119857788,0.00577868938446045,1.195247435569763,13.484375,-0.67421865,13.484375,-0.039153546,1.0,0.9991605131503283,0.9999784769547129,4218.954903136625,9438.0,0.0001953125,-0.305842924118042,1.2023167610168457,1.0,1.0,0.05429856479167938,-0.03241204470396042,-0.5843052864074707,-0.01593487337231636,1.1669737100601196,1.0,-0.0948018878698349,0.025774767622351646,0.4004811644554138,0.0006590115372091532,0.7935256958007812,0.07410262525081635,89.22807312011719,0.07500000298023224,0.8058769702911377,9440.0,0.0002724111,,,,,,,,,,,,,,,,,,,,,,,,,,,,,,,,,,,,,,,,,,,,,
48384000,-0.030928559601306915,13.302440643310547,0.9994807892004154,0.3250445365905762,0.8675228595733643,6.421685218811036e-05,1.2445449829101563e-05,0.003629375696182251,0.008809136152267456,0.022828125953674318,0.025384334325790407,0.005449782609939575,1.2154328584671021,13.324219,-0.6662109,12.375,0.013349615,1.0,0.9990940332726277,0.9999795209587392,4218.925991894304,9448.0,0.00019943714141845703,-0.32484509944915774,1.268768072128296,1.0,0.0,0.06465289741754532,-0.03383767604827881,-0.5613206624984741,-0.014022530987858772,1.2099099159240723,1.0,-0.09487438946962357,0.05034077912569046,0.3832036554813385,0.0009841634891927242,1.1850459575653076,0.07414586842060089,89.28015899658203,0.07949218899011612,0.7668971419334412,9450.0,0.00027227594,,,,,,,,,,,,,,,,,,,,,,,,,,,,,,,,,,,,,,,,,,,,,
48435200,-0.01644228771328926,13.036494255065918,0.9982009766126959,0.3435422420501709,0.8325320482254028,5.67018985748291e-05,1.0466575622558593e-05,0.0031097769737243653,0.008071472644805908,0.019188427925109865,0.025099456310272217,0.005248821973800659,1.1952946186065674,15.1796875,-0.7589842,11.371094,0.06311947,1.0,0.9990301247819056,0.9999820681613323,4218.9913360980945,9458.0,0.00022861957550048828,-0.34331362247467045,1.2018678188323975,1.0,1.0,0.06011772155761719,-0.03963977470993996,-0.5874950885772705,-0.021721605211496353,1.168043851852417,1.0,-0.09365567564964294,-0.027323490008711815,0.4198947548866272,0.0007790288655087352,0.9380402565002441,0.07421422004699707,89.36244201660156,0.07207031548023224,0.8064758777618408,9460.0,0.00027214078,,,,,,,,,,,,,,,,,,,,,,,,,,,,,,,,,,,,,,,,,,,,,
48486400,-0.02235935442149639,13.132711410522461,0.9994815966822188,0.308453631401062,0.8728737592697143,6.027102470397949e-05,1.1014938354492188e-05,0.0033108794689178465,0.009395323991775513,0.014309024810791016,0.02469497323036194,0.006148688793182373,1.195673370361328,17.265625,-0.863281,14.2421875,-0.08143814,0.99609375,0.9992312415354968,0.9999783051608832,4219.022867277295,9468.0,0.00016186237335205078,-0.30829176902771,1.19820237159729,1.0,1.0,0.05041176825761795,-0.046942129731178284,-0.6343010663986206,-0.032876498997211456,1.1024140119552612,1.0,-0.09434699267148972,-0.012049596756696701,0.38144034147262573,0.0009351798216812313,1.1260640621185303,0.07425837963819504,89.41563415527344,0.06132812798023224,0.8016291260719299,9470.0,0.0002720056,,,,,,,,,,,,,,,,,,,,,,,,,,,,,,,,,,,,,,,,,,,,,
48537600,-0.06528574228286743,14.075708389282227,0.9970043572984749,0.2996323347091675,0.8840590476989746,6.174564361572266e-05,1.1181831359863281e-05,0.0034550130367279053,0.00907762885093689,0.011948680877685547,0.025336724519729615,0.006236450672149658,1.1956746101379394,15.3671875,-0.7683593,13.65625,-0.05148733,1.0,0.9991993823968873,0.9999804587129694,4219.065602106446,9478.0,0.00014171600341796874,-0.29949061870574956,1.192718505859375,1.0,1.0,0.05925668776035309,-0.02570507302880287,-0.5190563201904297,-0.005667027086019516,1.2776412963867188,1.0,-0.09467335790395737,0.04921162500977516,0.4218812882900238,0.0006931626703590155,0.834647536277771,0.07432477176189423,89.4955825805664,0.07480469346046448,0.7881869673728943,9480.0,0.00027187043,,,,,,,,,,,,,,,,,,,,,,,,,,,,,,,,,,,,,,,,,,,,,
48588800,-0.04317528009414673,13.625264167785645,0.9992071881606766,0.2941673517227173,0.8817460775375366,6.443619728088379e-05,1.1444091796875e-05,0.0036827528476715086,0.0089152193069458,0.014713406562805176,0.025303070545196534,0.006085588932037354,1.1906623840332031,13.96875,-0.6984374,12.84375,0.0014960063,1.0,0.9991780842882579,0.9999797557068483,4219.119281717523,9488.0,0.00016338825225830077,-0.294003963470459,1.2649462223052979,1.0,0.0,0.04527068883180618,-0.030054844915866852,-0.6276369690895081,-0.016694102436304092,1.1281263828277588,1.0,-0.09586916863918304,0.14026454091072083,0.36138275265693665,0.0006543606286868453,0.7879255414009094,0.07436369359493256,89.54244232177734,0.08066406846046448,0.7901890277862549,9490.0,0.00027173525,,,,,,,,,,,,,,,,,,,,,,,,,,,,,,,,,,,,,,,,,,,,,
48640000,-0.009799227118492126,12.841142654418945,0.9982460536206464,0.34255256652832033,0.8364173650741578,5.83040714263916e-05,1.1396408081054687e-05,0.0031274545192718508,0.008460750579833984,0.021622776985168457,0.02433247208595276,0.005801470279693604,1.2006261110305787,13.777344,-0.6888671,14.4453125,-0.11749009,1.0,0.9990335753604132,0.9999816712008436,4219.164608081639,9498.0,0.00018918514251708984,-0.34236338138580324,1.2029623985290527,1.0,1.0,0.06010926514863968,-0.040119580924510956,-0.6277429461479187,-0.02348463237285614,1.1130067110061646,1.0,-0.09572408348321915,0.055480096489191055,0.37684130668640137,0.00045941004646010697,0.5531824827194214,0.07441779226064682,89.60757446289062,0.07402344048023224,0.7592362761497498,9500.0,0.0002716001,,,,,,,,,,,,,,,,,,,,,,,,,,,,,,,,,,,,,,,,,,,,,
48691200,-0.038031287491321564,13.512678146362305,0.9984152139461173,0.3336801290512085,0.8545327186584473,5.939841270446777e-05,1.2040138244628906e-05,0.0032111287117004396,0.008980530500411987,0.01553969383239746,0.02479029178619385,0.005650196075439453,1.203788423538208,13.9375,-0.69687486,14.957031,-0.108959556,1.0,0.9991787219914234,0.9999801943120203,4219.1730907382835,9508.0,0.00014371871948242186,-0.33353641033172604,1.20379638671875,1.0,1.0,0.05852691829204559,-0.02234480530023575,-0.5687428116798401,-0.0042730229906737804,1.2005534172058105,1.0,-0.09554581344127655,-0.007944424636662006,0.4110718369483948,0.0007217000238597393,0.8690097332000732,0.07449701428413391,89.7029800415039,0.07480468600988388,0.8056891560554504,9510.0,0.00027146493,,,,,,,,,,,,,,,,,,,,,,,,,,,,,,,,,,,,,,,,,,,,,
48742400,-0.043414629995822906,13.582423210144043,0.9989347536617843,0.30619335174560547,0.8807487487792969,6.249666213989258e-05,1.1920928955078125e-05,0.003428092002868652,0.008973255157470703,0.013896870613098144,0.02533939003944397,0.0061971437931060795,1.200875186920166,14.7109375,-0.7355467,13.097656,-0.021863375,0.99609375,0.9991584482183616,0.9999797690438814,4219.196571524557,9518.0,0.0001439332962036133,-0.30604941844940187,1.1954936981201172,1.0,1.0,0.06687501817941666,-0.03801698237657547,-0.5587950944900513,-0.017566142603754997,1.2070664167404175,1.0,-0.09559951722621918,0.0366189181804657,0.4159044027328491,0.0009159351466223598,1.102891206741333,0.074535071849823,89.7488021850586,0.07285156100988388,0.7812068462371826,9520.0,0.00027132974,,,,,,,,,,,,,,,,,,,,,,,,,,,,,,,,,,,,,,,,,,,,,
48793600,-0.04797802120447159,13.781612396240234,0.9975151849806737,0.30846872329711916,0.8680546760559082,6.121516227722168e-05,1.1539459228515625e-05,0.003562504053115845,0.008665589094161987,0.017090535163879393,0.025045570135116577,0.006033539772033691,1.1936501264572144,19.722656,-0.9861326,14.09375,-0.07894598,1.0,0.9992093680954292,0.9999793469790412,4219.238085435869,9528.0,0.00016148090362548827,-0.30830724239349366,1.2039036750793457,1.0,1.0,0.04764408618211746,-0.02407122403383255,-0.6779991388320923,-0.011280876584351063,1.081885576248169,1.0,-0.0968262106180191,-0.23550668358802795,0.4991646707057953,0.0008740035118535161,1.0524005889892578,0.07456615567207336,89.7862319946289,0.0546875,0.8586469292640686,9530.0,0.00027119456,,,,,,,,,,,,,,,,,,,,,,,,,,,,,,,,,,,,,,,,,,,,,
48844800,-0.07644800841808319,14.15001392364502,0.9961884018513477,0.3079311609268188,0.8711694240570068,5.992293357849121e-05,1.1157989501953124e-05,0.0033308005332946776,0.008602864742279052,0.015305280685424805,0.02568009614944458,0.0058495128154754635,1.194439911842346,16.703125,-0.8351561,13.972656,-0.06671434,0.99609375,0.9991901913036891,0.9999808377270663,4219.284090366969,9538.0,0.00020749568939208983,-0.3077236652374267,1.202162504196167,1.0,1.0,0.059036046266555786,-0.03423108160495758,-0.5797092914581299,-0.016294432803988457,1.1875935792922974,1.0,-0.09582952409982681,-0.039320558309555054,0.44142207503318787,0.000494463078211993,0.5953904390335083,0.07461615651845932,89.846435546875,0.07285156846046448,0.8298915028572083,9540.0,0.0002710594,,,,,,,,,,,,,,,,,,,,,,,,,,,,,,,,,,,,,,,,,,,,,
48896000,-0.06842698901891708,14.047075271606445,0.9978231292517007,0.31180624961853026,0.8592650175094605,5.95855712890625e-05,1.1777877807617187e-05,0.0032580065727233886,0.008763163089752198,0.019516539573669434,0.025242536067962645,0.005605440139770507,1.1906219482421876,15.050781,-0.752539,16.09375,-0.16790491,0.99609375,0.9991965358004385,0.9999812168230623,4219.341196584039,9548.0,0.00023050308227539061,-0.31157574653625486,1.200350284576416,1.0,1.0,0.052761346101760864,-0.018328718841075897,-0.574158251285553,-0.0017456712666898966,1.1947007179260254,1.0,-0.09552271664142609,0.010624760761857033,0.45441246032714844,0.000643503328319639,0.7748519778251648,0.07467932999134064,89.9225082397461,0.0673828125,0.831999659538269,9550.0,0.00027092424,,,,,,,,,,,,,,,,,,,,,,,,,,,,,,,,,,,,,,,,,,,,,
48947200,-0.03946787491440773,13.383811950683594,0.9997389033942559,0.32995920181274413,0.8534042358398437,5.975723266601562e-05,1.0085105895996093e-05,0.0034796226024627684,0.009037412405014038,0.021060800552368163,0.024443154335021974,0.0056181418895721435,1.2044554710388184,14.816406,-0.7408203,12.3671875,0.005150687,1.0,0.9992471720690808,0.9999824420840165,4219.346277545013,9558.0,0.00018336772918701172,-0.3297758340835571,1.2025725841522217,1.0,1.0,0.07347726821899414,-0.05640444532036781,-0.5849747657775879,-0.03523799031972885,1.1673239469528198,1.0,-0.09528473019599915,0.028371477499604225,0.4059852957725525,0.000641879509203136,0.7728967666625977,0.07474294304847717,89.99910736083984,0.07421875,0.7670316696166992,9560.0,0.00027078905,,,,,,,,,,,,,,,,,,,,,,,,,,,,,,,,,,,,,,,,,,,,,
48998400,-0.020276566967368126,13.0360107421875,0.9992445227902291,0.31517643928527833,0.8605327606201172,6.0794353485107424e-05,1.02996826171875e-05,0.0033101832866668703,0.00889583706855774,0.015096688270568847,0.024759355783462524,0.005967782735824585,1.190837836265564,12.605469,-0.6302734,13.28125,-0.03153716,1.0,0.999240358891497,0.9999818208606385,4219.406798012533,9568.0,0.0001857757568359375,-0.3149906635284424,1.1952815055847168,1.0,1.0,0.05961330235004425,-0.06056877225637436,-0.6493344902992249,-0.04444441571831703,1.09307062625885,1.0,-0.09582993388175964,0.12742841243743896,0.35930120944976807,0.001022433047182858,1.2311270236968994,0.07478557527065277,90.05043029785156,0.07636718451976776,0.7533973455429077,9570.0,0.00027065387,,,,,,,,,,,,,,,,,,,,,,,,,,,,,,,,,,,,,,,,,,,,,
49049600,-0.038060739636421204,13.443340301513672,0.9991944146079484,0.2690941333770752,0.9086869239807129,7.171273231506348e-05,1.2230873107910156e-05,0.003981690406799316,0.009072535037994385,0.019675683975219727,0.02553409695625305,0.00673640489578247,1.1974940776824952,17.046875,-0.8523437,12.582031,0.031192107,1.0,0.999165693510251,0.9999790349891099,4219.441895084871,9578.0,0.00031347274780273436,-0.26878066062927247,1.1979963779449463,1.0,1.0,0.04320777952671051,-0.04242703691124916,-0.6227809190750122,-0.02959340438246727,1.1391165256500244,1.0,-0.09613563865423203,0.0715080201625824,0.3836762309074402,0.0009273122996091843,1.1165907382965088,0.07483862340450287,90.11430358886719,0.07285156846046448,0.8245440125465393,9580.0,0.0002705187,,,,,,,,,,,,,,,,,,,,,,,,,,,,,,,,,,,,,,,,,,,,,
49100800,-0.0337948314845562,13.3691987991333,0.9981851179673321,0.3033432960510254,0.876937985420227,6.397724151611328e-05,1.2373924255371093e-05,0.0036201941967010497,0.008724089860916138,0.017481517791748048,0.025237762928009035,0.00616346001625061,1.1978009939193726,15.621094,-0.7810545,12.875,-0.01714096,1.0,0.9991466893157678,0.9999784432203281,4219.470773250647,9588.0,0.00027828216552734376,-0.30306501388549806,1.2020962238311768,1.0,1.0,0.060873184353113174,-0.039655812084674835,-0.5488625168800354,-0.020316477864980698,1.235771894454956,1.0,-0.09649663418531418,0.05854004621505737,0.41606664657592773,0.0006695459014736116,0.8062102198600769,0.0748877078294754,90.17340087890625,0.07871094346046448,0.7979310154914856,9590.0,0.00027038355,,,,,,,,,,,,,,,,,,,,,,,,,,,,,,,,,,,,,,,,,,,,,
49152000,-0.038943368941545486,13.452973365783691,0.9986900707361802,0.2663078308105469,0.9080990552902222,6.827592849731445e-05,1.1730194091796876e-05,0.0038382792472839355,0.009118461608886718,0.014779376983642577,0.025547832250595093,0.006795045137405396,1.1892225742340088,15.035156,-0.75175774,14.734375,-0.10030491,0.99609375,0.9991838204956439,0.999979330231331,4219.52715828534,9598.0,0.0002573490142822266,-0.26605048179626467,1.2066490650177002,1.0,1.0,0.058077819645404816,-0.03137461841106415,-0.5754553079605103,-0.013562694191932678,1.1980206966400146,1.0,-0.09850547462701797,0.02975812554359436,0.4049837589263916,0.0007301100413314998,0.8791364431381226,0.0749235600233078,90.21658325195312,0.08632812649011612,0.8068051338195801,9600.0,0.00027024836,,,,,,,,,,,,,,,,,,,,,,,,,,,,,,,,,,,,,,,,,,,,,
49203200,-0.042897697538137436,13.59383487701416,0.9983775013520823,0.32179319858551025,0.8649718761444092,6.128787994384766e-05,1.1301040649414062e-05,0.003362635374069214,0.008754783868789673,0.019803881645202637,0.024964555501937866,0.006071819067001343,1.2066022872924804,18.667969,-0.9333983,13.949219,-0.06344491,1.0,0.999225128205835,0.999981742221989,4219.529035037032,9608.0,0.0002938747406005859,-0.32149932384490965,1.2047040462493896,1.0,1.0,0.05119510740041733,-0.026683151721954346,-0.5781893730163574,-0.010400842875242233,1.2035794258117676,1.0,-0.09757374227046967,0.022913672029972076,0.40883922576904297,0.0005047052400186658,0.60772305727005,0.0749921128153801,90.29912567138672,0.06289062649011612,0.8093849420547485,9610.0,0.00027011317,,,,,,,,,,,,,,,,,,,,,,,,,,,,,,,,,,,,,,,,,,,,,
49254400,-0.030423568561673164,13.347681999206543,0.9992358634742741,0.3209439039230347,0.8595551490783692,6.001591682434082e-05,1.0585784912109375e-05,0.0033057570457458497,0.009214527606964111,0.017703604698181153,0.024694652557373048,0.005670100450515747,1.1982351303100587,13.96875,-0.69843745,12.375,0.017493913,1.0,0.9992390511177688,0.9999817341146091,4219.562838374588,9618.0,0.00024275779724121095,-0.3207011461257935,1.2025043964385986,1.0,0.0,0.06332992762327194,-0.038670942187309265,-0.6749628186225891,-0.02200409024953842,1.0802384614944458,1.0,-0.0977589339017868,-0.014524431899189949,0.4126768112182617,0.0010863728821277618,1.3081179857254028,0.07501141726970673,90.32237243652344,0.07421875,0.7990965843200684,9620.0,0.00026997802,,,,,,,,,,,,,,,,,,,,,,,,,,,,,,,,,,,,,,,,,,,,,
49305600,-0.030542120337486267,13.240851402282715,0.9992213859330392,0.31139655113220216,0.872355055809021,6.247639656066895e-05,1.1992454528808593e-05,0.0033850979804992674,0.008845876455307006,0.01712808609008789,0.02517173171043396,0.006118038892745972,1.200915026664734,14.683594,-0.73417956,13.769531,-0.06117445,1.0,0.9992083187992268,0.9999805638380936,4219.582716835109,9628.0,0.00018033981323242187,-0.31121621131896976,1.2049405574798584,1.0,1.0,0.05838000029325485,-0.0534246489405632,-0.6712256073951721,-0.03781585395336151,1.0973788499832153,1.0,-0.09769881516695023,0.02552163042128086,0.3932704031467438,0.0004714909300673753,0.5677293539047241,0.07507672160863876,90.40100860595703,0.07441405951976776,0.8115677833557129,9630.0,0.00026984286,,,,,,,,,,,,,,,,,,,,,,,,,,,,,,,,,,,,,,,,,,,,,
49356800,-0.030502546578645706,13.39174747467041,0.9973883520501436,0.315484619140625,0.8807807445526123,6.353497505187989e-05,1.1277198791503906e-05,0.0035759878158569337,0.008836377859115601,0.01116616725921631,0.02548669457435608,0.006041851043701172,1.2074650526046753,14.3828125,-0.7191405,11.96875,0.049797162,1.0,0.9992145386973345,0.9999815775592161,4219.581951766929,9638.0,0.0002685546875,-0.315216064453125,1.2106220722198486,1.0,1.0,0.032920729368925095,-0.025502769276499748,-0.5898392796516418,-0.014571161940693855,1.159219741821289,1.0,-0.09780122339725494,0.16480420529842377,0.3643217980861664,0.00044196462840773165,0.5321761965751648,0.075104258954525,90.43415832519531,0.07832031697034836,0.8351969718933105,9640.0,0.00026970767,,,,,,,,,,,,,,,,,,,,,,,,,,,,,,,,,,,,,,,,,,,,,
49408000,-0.052163656800985336,13.70679759979248,0.9983619983619983,0.2927577972412109,0.8856420278549194,6.703853607177735e-05,1.239776611328125e-05,0.003978924751281738,0.0093776798248291,0.02149698734283447,0.02483256220817566,0.005989657640457153,1.199932050704956,18.257812,-0.91289043,14.625,-0.103809975,1.0,0.9991816460648708,0.9999809651722658,4219.604752830878,9648.0,0.0003224849700927734,-0.29243531227111813,1.2054963111877441,1.0,1.0,0.05425821244716644,-0.030857276171445847,-0.6075118780136108,-0.014858409762382507,1.1536929607391357,1.0,-0.09877966344356537,-0.02364852838218212,0.42614638805389404,0.0007625555153936148,0.9182045459747314,0.07517030835151672,90.51368713378906,0.0693359375,0.8126324415206909,9650.0,0.00026957248,,,,,,,,,,,,,,,,,,,,,,,,,,,,,,,,,,,,,,,,,,,,,
49459200,-0.015514072962105274,13.051365852355957,0.9982460536206464,0.27041547298431395,0.9168613195419312,7.103323936462402e-05,1.2469291687011718e-05,0.00394070029258728,0.009273688793182373,0.014460420608520508,0.02565966248512268,0.006860568523406983,1.2017760753631592,14.7890625,-0.739453,12.832031,-0.017829333,1.0,0.9991838974415169,0.999978038390639,4219.613547863308,9658.0,0.00033822059631347654,-0.27007725238800045,1.2024030685424805,1.0,0.0,0.06730376929044724,-0.031538210809230804,-0.5460076332092285,-0.010572554543614388,1.232130527496338,1.0,-0.09913352131843567,-0.03313424810767174,0.47216567397117615,0.0008432328468188643,1.015349268913269,0.0752263218164444,90.58113861083984,0.0732421875,0.8168158531188965,9660.0,0.00026943733,,,,,,,,,,,,,,,,,,,,,,,,,,,,,,,,,,,,,,,,,,,,,
49510400,-0.05508837103843689,13.77090072631836,0.997588424437299,0.2980798244476318,0.8886130332946778,6.758928298950196e-05,1.3089179992675781e-05,0.00368813157081604,0.0094821834564209,0.022338318824768066,0.024930908679962158,0.0062255609035491944,1.2090688228607178,14.035156,-0.70175767,12.941406,-0.017172297,0.9921875,0.9991834967609784,0.9999796892342412,4219.627218869576,9668.0,0.0003804683685302734,-0.29769935607910153,1.2038037776947021,1.0,1.0,0.047866009175777435,-0.03757940232753754,-0.6166800260543823,-0.023223325610160828,1.1478196382522583,1.0,-0.09824243187904358,0.17564883828163147,0.40521156787872314,0.0006408296758309007,0.7716325521469116,0.0752633661031723,90.62574005126953,0.08027343451976776,0.7966181635856628,9670.0,0.00026930217,,,,,,,,,,,,,,,,,,,,,,,,,,,,,,,,,,,,,,,,,,,,,
49561600,-0.028776323422789574,13.242361068725586,0.9976696012428793,0.3366079568862915,0.8574177026748657,6.263256072998047e-05,1.277923583984375e-05,0.003389996290206909,0.008333922624588012,0.014266538619995116,0.025109816789627076,0.005939937829971313,1.2083295583724976,14.261719,-0.71308583,12.2265625,0.029849008,1.0,0.9991934143997233,0.999979657076718,4219.621827855239,9678.0,0.000377655029296875,-0.33623030185699465,1.2043852806091309,1.0,1.0,0.05001658573746681,-0.034963637590408325,-0.6449753046035767,-0.02134697511792183,1.0865213871002197,1.0,-0.09920433163642883,0.07159149646759033,0.3768552839756012,0.0005111509235575795,0.6154844760894775,0.0753096342086792,90.68145751953125,0.07753906399011612,0.797921895980835,9680.0,0.000269167,,,,,,,,,,,,,,,,,,,,,,,,,,,,,,,,,,,,,,,,,,,,,
49612800,0.0037965986412018538,12.641234397888184,0.9990123456790123,0.3186728715896606,0.8530762910842895,6.08062744140625e-05,1.175403594970703e-05,0.0033447325229644777,0.008660235404968263,0.020257282257080077,0.024693737030029295,0.005859622955322266,1.1920410871505738,14.2734375,-0.7136718,11.605469,0.06080937,0.99609375,0.9991869339969106,0.9999807991655317,4219.676372038611,9688.0,0.00032594203948974607,-0.31834692955017085,1.1964821815490723,1.0,1.0,0.05006220191717148,-0.03797523304820061,-0.5914424657821655,-0.022792179137468338,1.1582257747650146,1.0,-0.09857293218374252,0.13121716678142548,0.37498006224632263,0.001047950703650713,1.2618529796600342,0.07536177337169647,90.7442398071289,0.08085937798023224,0.8021944761276245,9690.0,0.00026903182,,,,,,,,,,,,,,,,,,,,,,,,,,,,,,,,,,,,,,,,,,,,,
49664000,-0.04017394036054611,13.437054634094238,0.9965690155713909,0.26711862087249755,0.9183341503143311,7.291555404663086e-05,1.4066696166992188e-05,0.004294708967208862,0.00954503297805786,0.02602238655090332,0.025328816175460817,0.006637358665466308,1.2115170240402222,15.394531,-0.76972646,13.984375,-0.077346995,0.984375,0.999175133028362,0.9999770538871748,4219.659797913804,9698.0,0.0002521514892578125,-0.2668664693832397,1.2578046321868896,1.0,0.0,0.045087605714797974,-0.03854255750775337,-0.6720798015594482,-0.026782844215631485,1.058689832687378,1.0,-0.09945511817932129,0.05190225690603256,0.40158402919769287,0.0006659890059381723,0.8019274473190308,0.07540322095155716,90.79415130615234,0.07441405951976776,0.8397508859634399,9700.0,0.00026889663,,,,,,,,,,,,,,,,,,,,,,,,,,,,,,,,,,,,,,,,,,,,,
49715200,-0.04654379189014435,13.605697631835938,0.996272630457934,0.2958872318267822,0.8732205867767334,6.344079971313476e-05,1.1849403381347657e-05,0.003578469753265381,0.008941684961318969,0.02039022445678711,0.02505927324295044,0.005982843637466431,1.1895352840423583,15.7734375,-0.78867173,11.808594,0.019069739,1.0,0.9991911105931967,0.9999786542030195,4219.741763671754,9708.0,0.0003865957260131836,-0.29550063610076904,1.203366756439209,1.0,1.0,0.04869444668292999,-0.03474655747413635,-0.685468316078186,-0.0225273035466671,1.0289809703826904,1.0,-0.10072087496519089,0.04364980012178421,0.4006311595439911,0.0008488295134156942,1.0220882892608643,0.07545123249292374,90.85195922851562,0.07148437201976776,0.8226560354232788,9710.0,0.00026876148,,,,,,,,,,,,,,,,,,,,,,,,,,,,,,,,,,,,,,,,,,,,,
49766400,-0.018746359273791313,13.174691200256348,0.9989916813713133,0.31487326622009276,0.8806367874145508,6.267547607421875e-05,1.0418891906738282e-05,0.0034131264686584474,0.009271242618560792,0.013173747062683105,0.025233612060546876,0.006017849445343017,1.2087152481079102,11.6171875,-0.58085936,11.3125,0.06065387,1.0,0.9992429727665124,0.9999826025867469,4219.734942789939,9718.0,0.0003544330596923828,-0.31451883316040036,1.2041513919830322,1.0,1.0,0.04923555254936218,-0.026277802884578705,-0.5828683376312256,-0.011263201013207436,1.1586267948150635,1.0,-0.09893204271793365,0.181944340467453,0.3849642872810364,0.0006200213101692498,0.7465769052505493,0.0755041092634201,90.91563415527344,0.08828125149011612,0.774529755115509,9720.0,0.00026862632,,,,,,,,,,,,,,,,,,,,,,,,,,,,,,,,,,,,,,,,,,,,,
49817600,-0.022006046026945114,13.079179763793945,0.9992211838006231,0.3092858552932739,0.8636243343353271,6.127238273620606e-05,1.1086463928222656e-05,0.003339754343032837,0.009119454622268677,0.02099609375,0.02477834463119507,0.005850062370300293,1.1939402103424073,14.816406,-0.74082017,14.886719,-0.12404829,1.0,0.9992513326466615,0.9999808696451631,4219.775746117254,9728.0,0.0004017114639282227,-0.3088841438293457,1.2001910209655762,1.0,1.0,0.047669246792793274,-0.026027340441942215,-0.5800225734710693,-0.010799285024404526,1.186430811882019,1.0,-0.09918268024921417,0.06234258413314819,0.4219343960285187,0.0007787096546962857,0.9376559257507324,0.07553824037313461,90.95672607421875,0.07851562649011612,0.8318538665771484,9730.0,0.00026849113,,,,,,,,,,,,,,,,,,,,,,,,,,,,,,,,,,,,,,,,,,,,,
49868800,-0.03259101137518883,13.380753517150879,0.9968619246861925,0.2859622001647949,0.9000810861587525,6.898641586303711e-05,1.2493133544921875e-05,0.003781156539916992,0.009468297958374023,0.02433927059173584,0.025142762660980224,0.006507056951522827,1.210419273376465,14.941406,-0.7470702,11.453125,0.04983537,1.0,0.9992046542954641,0.9999799876553773,4219.762591521055,9738.0,0.00027663707733154296,-0.28568556308746335,1.2614595890045166,1.0,0.0,0.0439603254199028,-0.029472503811120987,-0.6061567664146423,-0.01621919684112072,1.1436951160430908,1.0,-0.0994703397154808,0.05274233594536781,0.4188331961631775,0.0005386681878007948,0.6486184597015381,0.07560886442661285,91.04177856445312,0.07773438096046448,0.8525134921073914,9740.0,0.00026835594,,,,,,,,,,,,,,,,,,,,,,,,,,,,,,,,,,,,,,,,,,,,,
49920000,-0.034918662160634995,13.512110710144043,0.9992014905509715,0.29600541591644286,0.8837890386581421,6.549239158630371e-05,1.1301040649414062e-05,0.003583883047103882,0.00938968539237976,0.017694783210754395,0.02512200117111206,0.005994429588317871,1.1975240230560302,16.640625,-0.8320311,15.0390625,-0.1079798,1.0,0.9992314830593784,0.9999803893453582,4219.815484201907,9748.0,0.0003107786178588867,-0.295694637298584,1.2028446197509766,1.0,1.0,0.04186740145087242,-0.042283475399017334,-0.6174954175949097,-0.029966751113533974,1.1206340789794922,1.0,-0.09867574274539948,0.1540757119655609,0.3899799585342407,0.0004509172576945275,0.5429562330245972,0.0756678655743599,91.1128158569336,0.0732421875,0.8221601247787476,9750.0,0.00026822079,,,,,,,,,,,,,,,,,,,,,,,,,,,,,,,,,,,,,,,,,,,,,
49971200,-0.031290072947740555,13.328689575195312,0.9979360165118679,0.32390196323394777,0.8654546499252319,6.195545196533203e-05,1.2111663818359374e-05,0.0033925724029541015,0.009074138402938843,0.020161700248718262,0.02468374013900757,0.00602729320526123,1.2095542907714845,14.8359375,-0.7417968,14.019531,-0.06095822,1.0,0.9992366348915596,0.999980269013181,4219.8058730505045,9758.0,0.00017440319061279297,-0.32372756004333497,1.1948349475860596,1.0,1.0,0.045915693044662476,-0.04768877476453781,-0.7320656776428223,-0.0371200367808342,0.9974626898765564,1.0,-0.10057510435581207,0.04075495898723602,0.382857084274292,0.0016703254077583551,2.011263847351074,0.075685054063797,91.13349914550781,0.07265625149011612,0.8411457538604736,9760.0,0.00026808563,,,,,,,,,,,,,,,,,,,,,,,,,,,,,,,,,,,,,,,,,,,,,
50022400,-0.07234303653240204,14.254265785217285,0.9966433566433567,0.32455618381500245,0.8240171432495117,5.7795047760009765e-05,1.0704994201660156e-05,0.003109310865402222,0.008307232856750488,0.024342846870422364,0.024916977882385255,0.00477941632270813,1.172948670387268,15.777344,-0.788867,14.5,-0.07944904,0.99609375,0.9992688456128306,0.9999814216438622,4219.924949067125,9768.0,0.00013325214385986328,-0.3244229316711426,1.1909708976745605,1.0,1.0,0.05596489459276199,-0.041906870901584625,-0.652187168598175,-0.026674948632717133,1.0965886116027832,1.0,-0.1007750928401947,0.08039356768131256,0.3978685140609741,0.0018753455951809883,2.258131742477417,0.07571040838956833,91.16403198242188,0.072265625,0.7970314621925354,9770.0,0.00026795044,,,,,,,,,,,,,,,,,,,,,,,,,,,,,,,,,,,,,,,,,,,,,
50073600,-0.06313413381576538,13.951643943786621,0.9983420834484664,0.29484531879425047,0.8916202545166015,6.858229637145995e-05,1.2636184692382812e-05,0.0039511919021606445,0.009171211719512939,0.015518474578857421,0.025444144010543825,0.005911200046539306,1.2020206689834594,18.546875,-0.9273436,13.972656,-0.07359745,1.0,0.9992220286489407,0.9999800461758466,4219.937706506901,9778.0,0.0001341104507446289,-0.29471120834350584,5.120108366012573,0.0,1.0,0.040648382157087326,-0.023809682577848434,-0.6095260381698608,-0.010280040092766285,1.2062809467315674,1.0,-0.10052356123924255,-0.040815964341163635,0.481203556060791,0.0006041795713827014,0.7275017499923706,0.07577484101057053,91.24162292480469,0.06503906846046448,0.8836125135421753,9780.0,0.00026781525,-0.49373123689844745,22.140625,0.9375,0.0,0.0,0.0,0.0,0.0,0.0,0.0,0.0,1.0,0.0,0.0,0.0,-0.4859187368984475,21.984375,0.9375,0.0,0.0,0.0,0.0,0.0,0.0,0.0,0.0,1.0,0.0,0.0,0.0,-0.4898249868984475,22.0625,0.9375,0.0,0.0,0.0,0.0,0.0,0.0,0.0,0.0,1.0,0.0,0.0,0.0
50124800,-0.0525946244597435,13.829448699951172,0.9965572033898306,0.26587905883789065,0.8099393606185913,6.112456321716309e-05,1.2111663818359374e-05,0.0034622013568878173,0.007976886034011841,0.01759815216064453,0.023354382514953614,0.005610095262527466,1.0934491634368897,14.5625,-0.72812486,11.488281,0.058997028,1.0,0.9992029452845207,0.999981270134333,4218.439816860735,9788.0,0.018568778038024904,-0.24731028079986575,1.207669734954834,1.0,1.0,0.05592026561498642,-0.04001912474632263,-0.5714164972305298,-0.022866174578666687,1.1801514625549316,1.0,-0.09950733184814453,0.14865359663963318,0.43194717168807983,0.0005121569847688079,0.6166958808898926,0.07583139091730118,91.30972290039062,0.08085937798023224,0.8010491132736206,9790.0,0.0002676801,,,,,,,,,,,,,,,,,,,,,,,,,,,,,,,,,,,,,,,,,,,,,
50176000,-0.0166072566062212,13.069761276245117,0.9987316083206494,0.3299595355987549,0.8551321983337402,6.243467330932617e-05,1.1515617370605468e-05,0.003379098176956177,0.008425954580307007,0.020143771171569826,0.025300841331481933,0.005555405616760254,1.205270528793335,13.308594,-0.6654296,13.28125,-0.041198622,0.99609375,0.9992311004558974,0.999980495605478,4218.443281237238,9798.0,0.0003415346145629883,-0.3296180009841919,1.206993818283081,1.0,1.0,0.04788258299231529,-0.02608153410255909,-0.6038549542427063,-0.011952098459005356,1.13698410987854,1.0,-0.10353858768939972,0.0687527060508728,0.4000285267829895,0.0006512205582112074,0.784144401550293,0.0758868157863617,91.37646484375,0.07773437350988388,0.8237758874893188,9800.0,0.00026754494,,,,,,,,,,,,,,,,,,,,,,,,,,,,,,,,,,,,,,,,,,,,,
50227200,-0.005602937191724777,12.818499565124512,0.9985041136873598,0.26209678649902346,0.9188930511474609,7.274150848388672e-05,1.2135505676269531e-05,0.0040779364109039306,0.009289556741714477,0.01653876304626465,0.025564372539520264,0.00690122127532959,1.1975670337677002,12.46875,-0.6234374,13.472656,-0.036059346,0.99609375,0.9991549814992633,0.9999780408373532,4218.478999612454,9808.0,0.0001384735107421875,-0.26195831298828126,1.199202299118042,1.0,1.0,0.04739474132657051,-0.03644908219575882,-0.5918753147125244,-0.02205943688750267,1.1546752452850342,1.0,-0.10312257707118988,0.14005166292190552,0.3927754759788513,0.0005097620305605233,0.6138120889663696,0.07591509819030762,91.41050720214844,0.07968750596046448,0.8191397190093994,9810.0,0.00026740975,,,,,,,,,,,,,,,,,,,,,,,,,,,,,,,,,,,,,,,,,,,,,
50278400,-0.006622517015784979,12.726412773132324,0.998721554589619,0.31674253940582275,0.8489208459854126,6.173491477966309e-05,1.0752677917480469e-05,0.0032803153991699217,0.009017086029052735,0.02150084972381592,0.024892586469650268,0.005161385536193847,1.1871965169906615,18.042969,-0.90214825,12.7890625,-0.0106675625,1.0,0.9992240984402742,0.9999818655147781,4218.5508989123,9818.0,0.00014884471893310546,-0.31659369468688964,1.1970775127410889,1.0,0.0,0.05351481959223747,-0.02883228287100792,-0.6336633563041687,-0.013681660406291485,1.1308029890060425,1.0,-0.10640445351600647,-0.10533875226974487,0.4369819760322571,0.001116934814490378,1.3449180126190186,0.07598787546157837,91.49813842773438,0.06406249850988388,0.8347485661506653,9820.0,0.00026727456,,,,,,,,,,,,,,,,,,,,,,,,,,,,,,,,,,,,,,,,,,,,,
50329600,-0.030709560960531235,13.36109733581543,0.9987303199593702,0.29543893337249755,0.8843725919723511,6.858348846435547e-05,1.2230873107910156e-05,0.0038044190406799315,0.009573791027069092,0.025643467903137207,0.024732179641723633,0.006003257036209107,1.2054922103881835,12.511719,-0.6255859,13.527344,-0.030940719,0.99609375,0.9991768319189934,0.9999792729750765,4218.5564060625575,9828.0,0.0002385854721069336,-0.2952003479003906,1.2042553424835205,1.0,1.0,0.045784786343574524,-0.02481081523001194,-0.5699604749679565,-0.010163966566324234,1.1866111755371094,1.0,-0.10520610213279724,0.09188338369131088,0.40025103092193604,0.0005537528777495027,0.6667821407318115,0.0760161504149437,91.53218078613281,0.0810546875,0.8269069194793701,9830.0,0.0002671394,,,,,,,,,,,,,,,,,,,,,,,,,,,,,,,,,,,,,,,,,,,,,
50380800,0.011252314783632755,12.620843887329102,0.9992555831265508,0.3267778158187866,0.8629738330841065,6.41942024230957e-05,1.2159347534179688e-05,0.003716763257980347,0.008703780174255372,0.01401209831237793,0.02525727391242981,0.00537390947341919,1.2037997484207152,13.832031,-0.69160146,12.542969,-0.005215509,1.0,0.9992405184852385,0.9999801944983445,4218.56945175188,9838.0,0.00011544227600097656,-0.32666237354278566,1.2095558643341064,1.0,1.0,0.05431584268808365,-0.032971836626529694,-0.6021131277084351,-0.01712634600698948,1.1359397172927856,1.0,-0.10447939485311508,0.09087271243333817,0.40746888518333435,0.001093682018108666,1.316918969154358,0.07607683539390564,91.60525512695312,0.08183594048023224,0.8013604879379272,9840.0,0.00026700424,,,,,,,,,,,,,,,,,,,,,,,,,,,,,,,,,,,,,,,,,,,,,
50432000,-0.006011812016367912,12.881120681762695,0.9992428066633013,0.3239418029785156,0.845981240272522,6.157279014587402e-05,1.0752677917480469e-05,0.0033588171005249023,0.008697997331619262,0.01702275276184082,0.024970338344573975,0.005177916288375855,1.1869771003723144,14.4765625,-0.723828,13.53125,-0.045373667,1.0,0.9992335489998386,0.9999826856967062,4218.638143494055,9848.0,0.00020792484283447266,-0.3237338781356811,1.2034258842468262,1.0,1.0,0.04182641953229904,-0.020821359008550644,-0.6329910159111023,-0.00837063230574131,1.1244306564331055,1.0,-0.10490348935127258,0.08429987728595734,0.42099395394325256,0.0008441373356617987,1.0164384841918945,0.0761287584900856,91.66778564453125,0.07753906399011612,0.8481001853942871,9850.0,0.00026686906,,,,,,,,,,,,,,,,,,,,,,,,,,,,,,,,,,,,,,,,,,,,,
50483200,-0.02759978361427784,13.32583999633789,0.9981912144702842,0.3295799970626831,0.85858314037323,5.926966667175293e-05,1.113414764404297e-05,0.0034938645362854004,0.009010341167449951,0.018416070938110353,0.024788404703140258,0.005545716285705566,1.2066110610961913,13.027344,-0.65136707,12.796875,0.007031504,1.0,0.9992648199591981,0.9999828291193477,4218.638912282315,9858.0,0.0001529693603515625,-0.3294270277023315,1.2009999752044678,1.0,0.0,0.03946145623922348,-0.043074823915958405,-0.5668913125991821,-0.02983454056084156,1.2005178928375244,1.0,-0.106437548995018,0.19051674008369446,0.41840386390686035,0.000645314110442996,0.7770323753356934,0.07617874443531036,91.72796630859375,0.08164063096046448,0.8458214998245239,9860.0,0.00026673387,,,,,,,,,,,,,,,,,,,,,,,,,,,,,,,,,,,,,,,,,,,,,
50534400,-0.016406510025262833,13.129140853881836,0.9989648033126294,0.3086599111557007,0.877107310295105,6.418228149414062e-05,1.2326240539550782e-05,0.0035546815395355227,0.008889434337615966,0.01800398826599121,0.025175236463546753,0.0061377775669097905,1.2038081645965577,14.859375,-0.74296856,13.175781,-0.022701275,0.99609375,0.9992235083380705,0.9999795410598253,4218.671848648124,9868.0,0.00014822483062744142,-0.30851168632507325,1.1948144435882568,1.0,1.0,0.037921540439128876,-0.032020069658756256,-0.6300898790359497,-0.02079823985695839,1.1165719032287598,1.0,-0.1065826416015625,0.14647875726222992,0.3824307322502136,0.0005906452424824238,0.7112047672271729,0.0762399286031723,91.80165100097656,0.0771484375,0.8328852653503418,9870.0,0.0002665987,,,,,,,,,,,,,,,,,,,,,,,,,,,,,,,,,,,,,,,,,,,,,
50585600,0.01455811969935894,12.531599044799805,0.9982984929508993,0.30891392230987547,0.8778849601745605,6.264805793762207e-05,1.1420249938964843e-05,0.00357438325881958,0.008958134651184082,0.011677908897399902,0.025109862089157105,0.006155250072479248,1.1985105276107788,13.472656,-0.67363274,13.832031,-0.04071265,0.99609375,0.999226097252113,0.9999813802394808,4218.69696837529,9878.0,0.00012738704681396483,-0.3087865352630615,1.1982219219207764,1.0,1.0,0.03697158396244049,-0.03488215059041977,-0.6468067765235901,-0.02472115308046341,1.073199987411499,1.0,-0.10748964548110962,0.12288276851177216,0.368924617767334,0.0004886410897597671,0.5883800387382507,0.07627362757921219,91.84222412109375,0.07421875,0.8431847095489502,9880.0,0.00026646355,,,,,,,,,,,,,,,,,,,,,,,,,,,,,,,,,,,,,,,,,,,,,
50636800,0.011548737995326519,12.606590270996094,0.9997503744383425,0.29598007202148435,0.8865430593490601,6.474733352661133e-05,1.0824203491210937e-05,0.0036644113063812257,0.00901903748512268,0.011168360710144043,0.025124382972717286,0.006420676708221436,1.1937258958816528,16.199219,-0.8099607,14.027344,-0.07051607,1.0,0.9992352957676155,0.9999802470587641,4218.744201303236,9888.0,0.00015864372253417968,-0.2958214282989502,1.197197437286377,1.0,1.0,0.04182182997465134,-0.03878248482942581,-0.5969456434249878,-0.025493353605270386,1.166298747062683,1.0,-0.10667461901903152,0.11310361325740814,0.43020570278167725,0.0005953619256615639,0.7168842554092407,0.07631413638591766,91.8909912109375,0.07656250149011612,0.8574315309524536,9890.0,0.0002663284,,,,,,,,,,,,,,,,,,,,,,,,,,,,,,,,,,,,,,,,,,,,,
50688000,-0.018331307917833328,13.0471773147583,0.9979924717691343,0.3357561111450195,0.8494142532348633,5.814552307128906e-05,1.0967254638671875e-05,0.0032087624073028564,0.008827248811721802,0.01838793754577637,0.024685691595077514,0.0056595027446746824,1.2035909175872803,13.1015625,-0.65507805,12.8125,-0.02214307,0.99609375,0.9992615716118353,0.9999820134842611,4218.758733966395,9898.0,0.00013606548309326173,-0.33562004566192627,1.2551484107971191,1.0,0.0,0.0436750128865242,-0.02978793904185295,-0.6522347927093506,-0.01781260222196579,1.0857418775558472,1.0,-0.10588306188583374,0.07604208588600159,0.41734081506729126,0.0006549069075845182,0.7885832786560059,0.07635204493999481,91.9366455078125,0.07851562649011612,0.8434377908706665,9900.0,0.0002661932,,,,,,,,,,,,,,,,,,,,,,,,,,,,,,,,,,,,,,,,,,,,,
50739200,0.008883602917194366,12.589010238647461,0.9990054699154649,0.3419889688491821,0.8332354545593261,5.4178237915039065e-05,1.0037422180175782e-05,0.0029440248012542725,0.009019544124603271,0.021191716194152832,0.02441135048866272,0.005203207731246948,1.1964475870132447,15.316406,-0.7658202,12.1875,0.045605473,1.0,0.9992927006616721,0.9999821053687301,4218.816012149065,9908.0,0.00022199153900146485,-0.34176697731018063,1.1988120079040527,1.0,1.0,0.04054194688796997,-0.02466699667274952,-0.6700519919395447,-0.013871337287127972,1.0713087320327759,1.0,-0.10744501650333405,0.1061704009771347,0.4099190831184387,0.00047214419464580715,0.5685158967971802,0.07640573382377625,92.00128936767578,0.07851561903953552,0.8442981243133545,9910.0,0.00026605802,,,,,,,,,,,,,,,,,,,,,,,,,,,,,,,,,,,,,,,,,,,,,
50790400,0.022292321547865868,12.340144157409668,0.9987980769230769,0.303817081451416,0.8820187091827393,6.51252269744873e-05,1.2469291687011718e-05,0.003603394031524658,0.009237909317016601,0.026471495628356934,0.024576646089553834,0.006584324836730957,1.2123422384262086,14.7890625,-0.739453,12.160156,0.04693958,1.0,0.9992395635832374,0.9999814550122097,4218.799154314658,9918.0,0.00023956298828125,-0.30357751846313474,1.2003755569458008,1.0,1.0,0.04668065533041954,-0.044943492859601974,-0.6124998331069946,-0.03116469457745552,1.1331889629364014,1.0,-0.10796213150024414,0.11669431626796722,0.4119660258293152,0.0007317817071452737,0.8811492919921875,0.07648543268442154,92.09725952148438,0.06972657144069672,0.8386566638946533,9920.0,0.00026592286,,,,,,,,,,,,,,,,,,,,,,,,,,,,,,,,,,,,,,,,,,,,,
50841600,0.01927105151116848,12.442326545715332,0.999034749034749,0.30427420139312744,0.8663355827331543,5.9620141983032226e-05,1.1539459228515625e-05,0.0034216666221618653,0.009108424186706543,0.01566023826599121,0.02491513967514038,0.005780465602874756,1.1863015651702882,13.378906,-0.6689453,12.613281,-0.0103956815,0.99609375,0.9992736554190265,0.9999831380827827,4218.867567598554,9928.0,0.00016841888427734374,-0.3041057825088501,1.1991024017333984,1.0,1.0,0.043706655502319336,-0.035363297909498215,-0.6277857422828674,-0.02295762114226818,1.1056139469146729,1.0,-0.10595502704381943,0.13285821676254272,0.40456974506378174,0.0006584396469406784,0.7928370237350464,0.07649799436330795,92.11238098144531,0.08085937798023224,0.8352478742599487,9930.0,0.0002657877,,,,,,,,,,,,,,,,,,,,,,,,,,,,,,,,,,,,,,,,,,,,,
50892800,0.015527102164924145,12.432792663574219,0.9987890530394768,0.29885201454162597,0.8733423471450805,6.0464143753051755e-05,1.1038780212402343e-05,0.003339139223098755,0.00914499282836914,0.01842074394226074,0.024903502464294434,0.006187008619308472,1.1906497001647949,12.8515625,-0.642578,12.425781,0.035089083,1.0,0.9992669523346758,0.9999802160487573,4218.9227445652405,9938.0,0.00012841224670410157,-0.29872360229492184,1.2628190517425537,1.0,0.0,0.04428476095199585,-0.02635182812809944,-0.5910308361053467,-0.012848639860749245,1.1526308059692383,1.0,-0.10765810310840607,0.1205100566148758,0.3961297869682312,0.0007355723064392805,0.8857136368751526,0.07651853561401367,92.13711547851562,0.080078125,0.8357596397399902,9940.0,0.00026565252,,,,,,,,,,,,,,,,,,,,,,,,,,,,,,,,,,,,,,,,,,,,,
50944000,0.016780756413936615,12.365477561950684,0.9985535197685632,0.3252506494522095,0.859690523147583,5.954980850219727e-05,1.068115234375e-05,0.0032682895660400392,0.008949322700500488,0.02010014057159424,0.024945982694625855,0.0057299590110778805,1.205075979232788,12.4921875,-0.6246093,13.746094,-0.069309846,1.0,0.9992689839939692,0.9999800967661202,4218.950674979261,9948.0,0.00013844966888427735,-0.32511219978332523,1.205538272857666,1.0,1.0,0.04337214678525925,-0.02748410776257515,-0.5798105597496033,-0.013835947960615158,1.1685186624526978,1.0,-0.10855917632579803,0.10299499332904816,0.4096006751060486,0.0006411170470528305,0.7719786763191223,0.07656943798065186,92.19841766357422,0.08222655951976776,0.8401378989219666,9950.0,0.00026551733,,,,,,,,,,,,,,,,,,,,,,,,,,,,,,,,,,,,,,,,,,,,,
50995200,0.03778418153524399,11.971831321716309,1.0,0.3048990488052368,0.8821606159210205,6.421208381652832e-05,1.1110305786132813e-05,0.003601212501525879,0.00904526114463806,0.016004276275634766,0.02513848900794983,0.006226155757904053,1.2030972003936768,13.2734375,-0.66367173,12.902344,-0.027924787,1.0,0.9992586316000396,0.9999815899446933,4218.9634852421,9958.0,0.00014522075653076172,-0.30475382804870604,1.203965425491333,1.0,1.0,0.041278187185525894,-0.02958747372031212,-0.6406274437904358,-0.018061118200421333,1.0942587852478027,1.0,-0.10802380740642548,0.06272116303443909,0.3807462751865387,0.0010099048959091306,1.2160416841506958,0.07658439874649048,92.21641540527344,0.07636718451976776,0.8376530408859253,9960.0,0.00026538217,,,,,,,,,,,,,,,,,,,,,,,,,,,,,,,,,,,,,,,,,,,,,
51046400,0.002939824014902115,12.563636779785156,0.9985454545454545,0.27843973636627195,0.9003870487213135,6.7901611328125e-05,1.1563301086425781e-05,0.003783142566680908,0.00925053358078003,0.024464845657348633,0.025302165746688844,0.006580697298049927,1.2033254384994507,10.832031,-0.54160154,12.578125,-0.016702935,0.99609375,0.9992245194422238,0.9999815141833468,4218.97546338267,9968.0,0.00011968612670898438,-0.27832005023956297,1.2007129192352295,1.0,1.0,0.041571978479623795,-0.03233600780367851,-0.5917416214942932,-0.01936299353837967,1.1536765098571777,1.0,-0.10808145999908447,0.1885763704776764,0.4167229235172272,0.0006525102071464062,0.785697340965271,0.07663897424936295,92.28213500976562,0.09121093899011612,0.8354738354682922,9970.0,0.000265247,,,,,,,,,,,,,,,,,,,,,,,,,,,,,,,,,,,,,,,,,,,,,
51097600,0.014605218544602394,12.36448860168457,0.9997533908754624,0.3136631727218628,0.8660369634628295,6.071925163269043e-05,1.0609626770019531e-05,0.003337486982345581,0.008656758069992065,0.013048744201660157,0.025242903232574464,0.00597245454788208,1.1927818775177002,14.980469,-0.7490233,13.9296875,-0.06583016,1.0,0.9992719458858074,0.9999812308478192,4219.022724436216,9978.0,0.00019788742065429688,-0.3134652853012085,1.1993272304534912,1.0,1.0,0.06297238171100616,-0.0438847616314888,-0.6419929265975952,-0.027016345411539078,1.087719202041626,1.0,-0.11025820672512054,-0.024187985807657242,0.4672614336013794,0.0011507272720336914,1.3856078386306763,0.07666915655136108,92.31847381591797,0.07304687798023224,0.8334887027740479,9980.0,0.00026511183,,,,,,,,,,,,,,,,,,,,,,,,,,,,,,,,,,,,,,,,,,,,,
51148800,0.02468930184841156,12.266572952270508,0.9988287655188569,0.30788388252258303,0.867263650894165,6.016850471496582e-05,1.0418891906738282e-05,0.0032697474956512452,0.008806060552597045,0.015964698791503907,0.025350966453552247,0.005844898223876953,1.191142201423645,10.425781,-0.52128905,13.636719,-0.04712047,1.0,0.9992772367599292,0.9999835869105612,4219.0759820908615,9988.0,0.0001363515853881836,-0.30774753093719487,1.1998755931854248,1.0,1.0,0.03975201025605202,-0.03428015112876892,-0.5466059446334839,-0.020408179610967636,1.208127737045288,1.0,-0.10912701487541199,0.2601100206375122,0.3751643896102905,0.0007823968771845102,0.9420957565307617,0.0766977071762085,92.35285186767578,0.08847656100988388,0.7973996996879578,9990.0,0.00026497664,,,,,,,,,,,,,,,,,,,,,,,,,,,,,,,,,,,,,,,,,,,,,
51200000,0.03538544848561287,11.895960807800293,0.9990605918271489,0.3133516550064087,0.8688434362411499,6.082415580749512e-05,1.1539459228515625e-05,0.003347351551055908,0.008556411266326905,0.01854722499847412,0.025376081466674805,0.006068553924560547,1.200778102874756,12.5625,-0.62812495,12.4296875,0.030911736,1.0,0.999241533140323,0.9999798071188702,4219.099533333034,9998.0,0.000148773193359375,-0.31320288181304934,1.2017276287078857,1.0,1.0,0.03303641825914383,-0.03457813709974289,-0.6743687391281128,-0.02598460018634796,1.0442519187927246,1.0,-0.10983896255493164,0.1796417087316513,0.34026724100112915,0.0007528489222750068,0.9065166711807251,0.07671395689249039,92.37242889404297,0.08027343451976776,0.8423089981079102,10000.0,0.00026484148,,,,,,,,,,,,,,,,,,,,,,,,,,,,,,,,,,,,,,,,,,,,,
51251200,-0.006048169452697039,12.832874298095703,0.9982460536206464,0.3044459819793701,0.8736322164535523,6.140589714050293e-05,1.0514259338378907e-05,0.00346356987953186,0.009069889783859253,0.016302013397216798,0.02493088483810425,0.006121784448623657,1.1944120168685912,12.5,-0.6249999,11.390625,0.049994938,0.99609375,0.9992199011259814,0.9999821746777384,4219.141050261445,10008.0,0.00022158622741699218,-0.30422439575195315,1.2019836902618408,1.0,1.0,0.03613200783729553,-0.023615974932909012,-0.5831743478775024,-0.0118614062666893,1.1627779006958008,1.0,-0.11167529970407486,0.13904494047164917,0.3820810317993164,0.0004197503731120378,0.5054277181625366,0.07678249478340149,92.45496368408203,0.0849609375,0.8510873913764954,10010.0,0.00026470632,,,,,,,,,,,,,,,,,,,,,,,,,,,,,,,,,,,,,,,,,,,,,
51302400,0.011017441749572754,12.511285781860352,0.9982826300294406,0.3234109401702881,0.8552761316299439,6.072998046875e-05,1.163482666015625e-05,0.003287794589996338,0.00868932843208313,0.01762070655822754,0.024862871170043946,0.005823948383331299,1.196341633796692,13.296875,-0.6648437,12.078125,0.036252536,0.99609375,0.9990848797452315,0.9999814261988845,4219.177611645232,10018.0,0.00025696754455566405,-0.3231539726257324,1.200425148010254,1.0,1.0,0.045353345572948456,-0.03148775175213814,-0.5576447248458862,-0.01688218116760254,1.1884450912475586,1.0,-0.11092905700206757,0.09220928698778152,0.42979156970977783,0.0006432727677747607,0.7745744585990906,0.07683200389146805,92.51457214355469,0.0771484375,0.8454200029373169,10020.0,0.00026457114,,,,,,,,,,,,,,,,,,,,,,,,,,,,,,,,,,,,,,,,,,,,,
51353600,0.025753922760486603,12.210765838623047,0.999043062200957,0.30475673675537107,0.875044870376587,6.283164024353028e-05,1.1610984802246094e-05,0.0034364473819732664,0.00860562801361084,0.015603327751159668,0.025533789396286012,0.006078228950500488,1.195441436767578,13.917969,-0.69589835,14.15625,-0.052231707,1.0,0.9991927697101975,0.9999791784867977,4219.2176899969645,10028.0,0.0001820087432861328,-0.30457472801208496,1.2012293338775635,1.0,1.0,0.048865824937820435,-0.036617547273635864,-0.5620224475860596,-0.0211500134319067,1.1796166896820068,1.0,-0.11182349920272827,0.11841011047363281,0.41544389724731445,0.0007818732410669327,0.9414651989936829,0.07685987651348114,92.54814147949219,0.0703125,0.827824592590332,10030.0,0.00026443595,,,,,,,,,,,,,,,,,,,,,,,,,,,,,,,,,,,,,,,,,,,,,
51404800,0.03630655258893967,11.91336727142334,0.9990684676292502,0.298844313621521,0.884989857673645,6.341218948364258e-05,1.1277198791503906e-05,0.00352608323097229,0.009081519842147827,0.014524412155151368,0.02530859351158142,0.006234186887741089,1.1983930110931396,14.089844,-0.7044921,13.964844,-0.07909383,1.0,0.9991932738788709,0.9999806820935899,4219.245558835643,10038.0,0.00013818740844726563,-0.2987061262130737,1.1962249279022217,1.0,1.0,0.049140024930238724,-0.02071399614214897,-0.5902637839317322,-0.005593227222561836,1.166226863861084,1.0,-0.1119626984000206,-0.0049525052309036255,0.4632417857646942,0.001460367115214467,1.7584500312805176,0.07691113650798798,92.60984802246094,0.07558593153953552,0.8594552278518677,10040.0,0.0002643008,,,,,,,,,,,,,,,,,,,,,,,,,,,,,,,,,,,,,,,,,,,,,
51456000,0.020255431532859802,12.285714149475098,0.9995253915519696,0.31447949409484866,0.8685164213180542,6.021380424499512e-05,1.1897087097167968e-05,0.003583984375,0.008731621503829955,0.014483165740966798,0.025223978757858277,0.00579222559928894,1.197514033317566,11.855469,-0.5927733,13.9296875,-0.068297625,1.0,0.9992217297255186,0.9999807475520472,4219.279274368644,10048.0,0.00018804073333740235,-0.31429145336151126,1.200319528579712,1.0,1.0,0.036616332828998566,-0.03451486676931381,-0.5518328547477722,-0.021828647702932358,1.201207160949707,1.0,-0.11093910038471222,0.22074313461780548,0.42465293407440186,0.0006891796365380287,0.829851508140564,0.07696621865034103,92.67617797851562,0.07968750596046448,0.846550464630127,10050.0,0.00026416563,,,,,,,,,,,,,,,,,,,,,,,,,,,,,,,,,,,,,,,,,,,,,
51507200,0.026730330660939217,12.233428955078125,0.9990393852065321,0.3083827018737793,0.8744074583053589,6.208896636962891e-05,1.1897087097167968e-05,0.0036339521408081054,0.008762181997299194,0.01281723976135254,0.025302903652191164,0.00592476487159729,1.195640993118286,12.871094,-0.64355457,12.2421875,0.039774805,1.0,0.9992113222119722,0.9999818540090017,4219.317038656829,10058.0,0.00018718242645263672,-0.30819551944732665,1.2009165287017822,1.0,1.0,0.04887755960226059,-0.025154121220111847,-0.649301290512085,-0.01174207404255867,1.096627950668335,1.0,-0.11196347326040268,0.03309866786003113,0.4206767976284027,0.0007114518666639924,0.8566699028015137,0.0769820511341095,92.69523620605469,0.07656250149011612,0.8480489253997803,10060.0,0.00026403044,,,,,,,,,,,,,,,,,,,,,,,,,,,,,,,,,,,,,,,,,,,,,
51558400,0.014319214038550854,12.505585670471191,0.9987858183584264,0.31883385181427004,0.8590466737747192,6.078243255615234e-05,1.0776519775390626e-05,0.0032482850551605225,0.008534094095230102,0.014186763763427734,0.025284987688064576,0.005790362358093262,1.1921002864837646,11.707031,-0.5853515,12.003906,0.049834505,1.0,0.999212567590007,0.9999813601155673,4219.366228570272,10068.0,0.00024890899658203125,-0.318584942817688,1.1967182159423828,1.0,0.0,0.03208974748849869,-0.030378159135580063,-0.6150231957435608,-0.020803092047572136,1.1120762825012207,1.0,-0.1118835061788559,0.12234124541282654,0.39194127917289734,0.0005636116256937385,0.6786532402038574,0.07704176753759384,92.76715087890625,0.0810546875,0.873849630355835,10070.0,0.00026389526,,,,,,,,,,,,,,,,,,,,,,,,,,,,,,,,,,,,,,,,,,,,,
51609600,0.035416778177022934,12.088713645935059,0.9990435198469632,0.3225526809692383,0.8585817575454712,5.9173107147216796e-05,1.1277198791503906e-05,0.003235231637954712,0.008945167064666748,0.016775965690612793,0.024859247207641603,0.005795567035675049,1.19794442653656,14.2265625,-0.711328,11.558594,0.042826284,1.0,0.9991916477636925,0.9999810131989911,4219.393932203818,10078.0,0.00016374588012695311,-0.3223889350891113,1.1998231410980225,1.0,1.0,0.03046388179063797,-0.039416782557964325,-0.6288572549819946,-0.0301719568669796,1.1204619407653809,1.0,-0.11171750724315643,0.10354015231132507,0.45582544803619385,0.0007188207237049937,0.8655427694320679,0.07708895206451416,92.82396697998047,0.07480468600988388,0.9018809795379639,10080.0,0.0002637601,,,,,,,,,,,,,,,,,,,,,,,,,,,,,,,,,,,,,,,,,,,,,
51660800,0.002500190632417798,12.668953895568848,0.9987748100955648,0.30861825942993165,0.8756484031677246,6.386280059814453e-05,1.0609626770019531e-05,0.003472278118133545,0.008864713907241821,0.011277008056640624,0.025137847661972045,0.006208204030990601,1.195575213432312,12.265625,-0.61328113,12.3515625,0.024274116,1.0,0.9991888607500088,0.9999824911465126,4219.43389221107,10088.0,0.0001475811004638672,-0.3084706783294678,1.200650691986084,1.0,1.0,0.03761841356754303,-0.037446118891239166,-0.5653303861618042,-0.02503615990281105,1.1737568378448486,1.0,-0.11157843470573425,0.19147342443466187,0.37705883383750916,0.0007089662831276655,0.8536769151687622,0.07713353633880615,92.87764739990234,0.08535155653953552,0.83133864402771,10090.0,0.00026362494,,,,,,,,,,,,,,,,,,,,,,,,,,,,,,,,,,,,,,,,,,,,,
51712000,0.057088084518909454,11.517125129699707,0.9997761361092455,0.31505773067474363,0.8683862924575806,6.157755851745605e-05,1.1467933654785157e-05,0.003391209840774536,0.008729281425476075,0.012853527069091797,0.02523089051246643,0.005972716808319092,1.1963302850723267,11.300781,-0.56503904,11.5390625,0.015418228,1.0,0.9992252646634888,0.9999822231890965,4219.464690633788,10098.0,0.00016374588012695311,-0.31489398479461667,1.2025959491729736,1.0,1.0,0.029241124168038368,-0.04008351266384125,-0.6187854409217834,-0.0311645045876503,1.1116447448730469,1.0,-0.1112356185913086,0.19675585627555847,0.41249772906303406,0.0006816873792558908,0.8208301067352295,0.07720131427049637,92.95925903320312,0.0859375,0.8852648735046387,10100.0,0.00026348978,,,,,,,,,,,,,,,,,,,,,,,,,,,,,,,,,,,,,,,,,,,,,
51763200,0.03276826813817024,12.166272163391113,0.9997631454287068,0.3390691041946411,0.8413149356842041,5.824685096740723e-05,1.0728836059570312e-05,0.0032407593727111815,0.008247181177139282,0.017580056190490724,0.024800618886947633,0.005684208869934082,1.1979989051818847,10.652344,-0.53261715,11.816406,0.076481536,1.0,0.9991743489854397,0.9999798995838936,4219.493135803233,10108.0,0.00011878013610839843,-0.3389503240585327,1.200554370880127,1.0,0.0,0.03783351927995682,-0.03587377816438675,-0.5747790336608887,-0.023781634867191315,1.1557021141052246,1.0,-0.11159070581197739,0.2572038769721985,0.4151462912559509,0.0007986016571521759,0.9616081714630127,0.07725201547145844,93.02030944824219,0.09531250596046448,0.8381282091140747,10110.0,0.0002633546,,,,,,,,,,,,,,,,,,,,,,,,,,,,,,,,,,,,,,,,,,,,,
51814400,0.04820667952299118,11.755407333374023,0.9993097100782329,0.3486685514450073,0.840204381942749,5.717754364013672e-05,1.201629638671875e-05,0.003174412250518799,0.007987767457962036,0.017285084724426268,0.025316712856292726,0.0054390478134155274,1.2061920166015625,11.0859375,-0.55429685,11.699219,0.03081657,1.0,0.9991644610272785,0.9999817755442827,4219.51619601181,10118.0,0.00019311904907226562,-0.34847543239593504,1.2018377780914307,1.0,1.0,0.04112880304455757,-0.03253932669758797,-0.5826989412307739,-0.019767696037888527,1.1471543312072754,1.0,-0.1111777275800705,0.1685025691986084,0.40552592277526855,0.0008967162575572729,1.0797494649887085,0.07729808241128922,93.07579040527344,0.087890625,0.8351653814315796,10120.0,0.0002632194,,,,,,,,,,,,,,,,,,,,,,,,,,,,,,,,,,,,,,,,,,,,,
51865600,0.0567484013736248,11.716181755065918,0.99930151338766,0.3416443347930908,0.8353859186172485,5.794405937194824e-05,1.0728836059570312e-05,0.003344014883041382,0.008027856349945068,0.023291587829589844,0.024467474222183226,0.005837583541870117,1.200355839729309,14.519531,-0.7259764,11.046875,0.10742864,1.0,0.9991758809028608,0.999980614370714,4219.539333710257,10128.0,0.00016679763793945313,-0.34147753715515133,1.1975247859954834,1.0,1.0,0.05155537277460098,-0.03905373811721802,-0.5418230295181274,-0.0223440770059824,1.2153918743133545,1.0,-0.11222919821739197,0.12253402918577194,0.44154250621795654,0.0009037567651830614,1.0882271528244019,0.07735979557037354,93.15009307861328,0.07871094346046448,0.8420196771621704,10130.0,0.00026308425,,,,,,,,,,,,,,,,,,,,,,,,,,,,,,,,,,,,,,,,,,,,,
51916800,0.02873142994940281,12.176719665527344,0.9985862393967955,0.3394555807113647,0.8335198402404785,5.548596382141113e-05,1.1396408081054687e-05,0.003405261039733887,0.007913395166397094,0.019165968894958495,0.024555803537368776,0.0057127845287322995,1.1921752452850343,12.652344,-0.6326171,12.707031,-0.00011714175,1.0,0.9992018959989996,0.9999811613013773,4219.585657447278,10138.0,0.00021889209747314454,-0.33923668861389156,1.1972756385803223,1.0,1.0,0.04355206713080406,-0.02633068710565567,-0.5897423624992371,-0.01320295687764883,1.141815185546875,1.0,-0.1122184619307518,0.11860447376966476,0.3950732946395874,0.0008453635964542627,1.0179150104522705,0.07737142592668533,93.16409301757812,0.08183594048023224,0.8316839337348938,10140.0,0.0002629491,,,,,,,,,,,,,,,,,,,,,,,,,,,,,,,,,,,,,,,,,,,,,
51968000,0.0069815292954444885,12.626557350158691,0.9990034877927254,0.3479234933853149,0.823930311203003,5.370020866394043e-05,1.1396408081054687e-05,0.0029276084899902345,0.008588172197341919,0.02289125919342041,0.0240453040599823,0.005551093816757202,1.1947778463363647,14.671875,-0.7335936,13.089844,-0.031669285,1.0,0.999256325759643,0.9999821003154595,4219.625515255337,10148.0,0.00019683837890625,-0.34772665500640865,1.2587356567382812,1.0,0.0,0.031028607860207558,-0.038722410798072815,-0.6935402154922485,-0.030961934477090836,1.039182186126709,1.0,-0.11255078762769699,0.14253664016723633,0.3713386654853821,0.0009172772988677025,1.104507327079773,0.07740812003612518,93.20828247070312,0.07539062201976776,0.8610143065452576,10150.0,0.0002628139,,,,,,,,,,,,,,,,,,,,,,,,,,,,,,,,,,,,,,,,,,,,,
52019200,-0.022105799987912178,13.138402938842773,0.9977186311787072,0.355541729927063,0.8216513156890869,5.672693252563477e-05,1.0991096496582032e-05,0.003148844242095947,0.00831906795501709,0.02778165340423584,0.024469420909881592,0.005054342746734619,1.2050097465515137,12.207031,-0.61035144,11.1796875,0.082336925,1.0,0.9991684307553061,0.9999800363153076,4219.652302103574,10158.0,0.00022382736206054686,-0.35531790256500245,1.197190523147583,1.0,1.0,0.024646569043397903,-0.03314990550279617,-0.6779285669326782,-0.02688699960708618,1.0427289009094238,1.0,-0.11016424000263214,0.21828125417232513,0.3543645441532135,0.0003209220012649894,0.38642701506614685,0.07745856046676636,93.2690200805664,0.08222655951976776,0.8672550320625305,10160.0,0.00026267872,,,,,,,,,,,,,,,,,,,,,,,,,,,,,,,,,,,,,,,,,,,,,
52070400,0.02570708654820919,12.310600280761719,0.9990428332136875,0.35530505180358884,0.8172132968902588,5.622386932373047e-05,1.1777877807617187e-05,0.003359004259109497,0.008073103427886964,0.02673516273498535,0.024229689836502075,0.00510793685913086,1.1992865562438966,11.246094,-0.5623047,12.078125,0.05788195,0.9921875,0.9991506111637712,0.9999822670093772,4219.675779480903,10168.0,0.00014426708221435547,-0.35516078472137447,1.199631690979004,1.0,1.0,0.02629169449210167,-0.0340815968811512,-0.6274670362472534,-0.026177626103162766,1.0902975797653198,1.0,-0.11266676336526871,0.26522213220596313,0.3853089511394501,0.0006187415565364063,0.7450360059738159,0.07750815153121948,93.3287353515625,0.08867187798023224,0.8739847540855408,10170.0,0.00026254356,,,,,,,,,,,,,,,,,,,,,,,,,,,,,,,,,,,,,,,,,,,,,
52121600,-0.021484820172190666,13.180318832397461,0.998691442030882,0.36054928302764894,0.8126097202301026,5.559086799621582e-05,1.0347366333007812e-05,0.0030539798736572265,0.008162157535552978,0.027173542976379396,0.024073357582092284,0.005253120660781861,1.2003646850585938,14.519531,-0.72597647,15.082031,-0.099647924,1.0,0.9992055351881486,0.999981845968645,4219.69859076074,10178.0,0.0002117156982421875,-0.36033756732940675,1.1980385780334473,1.0,1.0,0.039900630712509155,-0.03625843673944473,-0.5620110034942627,-0.02269534394145012,1.205520749092102,1.0,-0.11229036003351212,0.1808551549911499,0.43811190128326416,0.0010843691416084766,1.3057050704956055,0.07754817605018616,93.37692260742188,0.0732421875,0.8523759841918945,10180.0,0.0002624084,,,,,,,,,,,,,,,,,,,,,,,,,,,,,,,,,,,,,,,,,,,,,
52172800,0.017619004473090172,12.430482864379883,0.9995043370508054,0.351167631149292,0.820795726776123,5.561470985412597e-05,1.1706352233886719e-05,0.003144187927246094,0.00853705883026123,0.026100540161132814,0.024059031009674072,0.005210850238800049,1.1980968236923217,18.59375,-0.9296873,12.871094,0.0020802245,1.0,0.9991948393030659,0.9999822891997371,4219.726518566178,10188.0,0.0001434326171875,-0.3510241985321045,1.2635421752929688,1.0,0.0,0.04739364609122276,-0.03032277524471283,-0.5832692980766296,-0.015275200828909874,1.185591697692871,1.0,-0.11284838616847992,0.06739301979541779,0.47466516494750977,0.0006609781412407756,0.795893669128418,0.07759365439414978,93.43167114257812,0.06816406548023224,0.8567008376121521,10190.0,0.0002622732,,,,,,,,,,,,,,,,,,,,,,,,,,,,,,,,,,,,,,,,,,,,,
52224000,-0.01020461693406105,12.981234550476074,0.9977777777777778,0.36011524200439454,0.8151686191558838,5.5730342864990234e-05,1.0728836059570312e-05,0.0030565619468688964,0.008280248641967773,0.0267106294631958,0.02421568751335144,0.005118919610977173,1.2020269632339478,13.2265625,-0.661328,12.0234375,0.04311119,1.0,0.9992324802248568,0.9999819107432036,4219.762520804822,10198.0,0.00024323463439941407,-0.35987200736999514,1.2050673961639404,1.0,1.0,0.03800274059176445,-0.03881309926509857,-0.5867860317230225,-0.026633519679307938,1.1678547859191895,1.0,-0.11163025349378586,0.21186360716819763,0.4072434604167938,0.000770234561059624,0.927450954914093,0.07762965559959412,93.47502136230469,0.08164063096046448,0.8435689210891724,10200.0,0.00026213803,,,,,,,,,,,,,,,,,,,,,,,,,,,,,,,,,,,,,,,,,,,,,
52275200,0.04542427510023117,11.866989135742188,0.9983863531581374,0.3486062526702881,0.8286558866500855,5.926609039306641e-05,1.304149627685547e-05,0.0032694339752197266,0.008223087787628173,0.0204181432723999,0.02449757933616638,0.005348532199859619,1.1977159023284911,12.136719,-0.60683584,12.8984375,0.0038682893,1.0,0.9991577941145541,0.9999811489190408,4219.792718416953,10208.0,0.0001285076141357422,-0.34847774505615237,1.1986744403839111,1.0,1.0,0.040403518825769424,-0.03447384759783745,-0.5616158246994019,-0.02078372985124588,1.2096450328826904,1.0,-0.1135195642709732,0.10732374340295792,0.4529570937156677,0.0006238820496946573,0.7512257099151611,0.07768511027097702,93.54180908203125,0.08281250298023224,0.8819388151168823,10210.0,0.00026200287,,,,,,,,,,,,,,,,,,,,,,,,,,,,,,,,,,,,,,,,,,,,,
52326400,0.03876607120037079,11.995564460754395,0.9992997198879552,0.3465751647949219,0.8316489458084106,5.8171749114990237e-05,1.163482666015625e-05,0.0032007837295532225,0.007964777946472167,0.021367835998535156,0.024701355695724486,0.005621517896652222,1.1996257781982422,11.3984375,-0.5699218,11.5625,0.05403829,1.0,0.999138091304412,0.9999814969216919,4219.81679537991,10218.0,0.00016720294952392577,-0.34640796184539796,1.1983394622802734,1.0,1.0,0.030421514064073563,-0.03009255975484848,-0.5804853439331055,-0.020130198448896408,1.1433463096618652,1.0,-0.11262592673301697,0.22875961661338806,0.39504146575927734,0.0007547236164100468,0.9087740182876587,0.07771714776754379,93.58038330078125,0.08613281697034836,0.8478145003318787,10220.0,0.0002618677,,,,,,,,,,,,,,,,,,,,,,,,,,,,,,,,,,,,,,,,,,,,,
52377600,0.06512121111154556,11.565054893493652,0.9992992291520673,0.34476706981658933,0.8313055038452148,5.753517150878906e-05,1.113414764404297e-05,0.0032728028297424314,0.008085815906524659,0.018118000030517577,0.02461493968963623,0.005498708486557007,1.1942244529724122,18.0,-0.89999986,11.6875,0.0610736,1.0,0.9991465686651286,0.9999809540556721,4219.858108110966,10228.0,0.00012302398681640625,-0.3446440458297729,1.1934821605682373,1.0,1.0,0.039478711783885956,-0.02362983115017414,-0.6168079376220703,-0.011857655830681324,1.1251968145370483,1.0,-0.11372603476047516,-0.0301994476467371,0.5108640193939209,0.0007304319879040122,0.8795241117477417,0.07777069509029388,93.64486694335938,0.07304687798023224,0.9092175364494324,10230.0,0.00026173252,,,,,,,,,,,,,,,,,,,,,,,,,,,,,,,,,,,,,,,,,,,,,
52428800,0.031479693949222565,12.220734596252441,0.9979219579773724,0.34622936248779296,0.8057367086410523,5.469083786010742e-05,1.1444091796875e-05,0.0029919838905334475,0.008326958417892456,0.03315567970275879,0.02390738606452942,0.004974273443222046,1.18515465259552,11.25,-0.56249994,11.3515625,0.087436,1.0,0.9992170450302968,0.999981894622721,4219.92025649441,10238.0,0.00020477771759033203,-0.34602458477020265,1.1953458786010742,1.0,1.0,0.021451914682984352,-0.03106272593140602,-0.7068843841552734,-0.026422301307320595,1.0003364086151123,1.0,-0.11368966102600098,0.24467898905277252,0.3390498161315918,0.000635816715657711,0.7655964493751526,0.07776981592178345,93.643798828125,0.08828125149011612,0.8736879825592041,10240.0,0.00026159734,,,,,,,,,,,,,,,,,,,,,,,,,,,,,,,,,,,,,,,,,,,,,
52480000,0.03752881661057472,12.031761169433594,0.9988148850438493,0.3213456630706787,0.8645674228668213,6.001114845275879e-05,1.163482666015625e-05,0.0033635759353637697,0.00863842010498047,0.018967795372009277,0.025229427814483642,0.00590323805809021,1.2049154043197632,12.9609375,-0.64804685,11.4296875,0.06072776,0.99609375,0.9992204637584313,0.9999810043231984,4219.92669330284,10248.0,0.0002589702606201172,-0.3210866928100586,1.2044482231140137,1.0,1.0,0.033426009118556976,-0.04026167467236519,-0.6856839060783386,-0.032012760639190674,1.0319106578826904,1.0,-0.113846555352211,0.14407449960708618,0.4011710584163666,0.0005377636989578605,0.6475293040275574,0.07786232233047485,93.75518798828125,0.08027344197034836,0.8802690505981445,10250.0,0.00026146218,,,,,,,,,,,,,,,,,,,,,,,,,,,,,,,,,,,,,,,,,,,,,
52531200,0.0528351292014122,11.804990768432617,0.9995378927911276,0.32223756313323976,0.8743063926696777,6.267070770263672e-05,1.1658668518066406e-05,0.003495916128158569,0.009190124273300172,0.016539669036865233,0.02480273723602295,0.006130684614181519,1.2131174087524415,13.3828125,-0.6691406,12.4453125,-0.015407596,1.0,0.9992408456715796,0.9999817616629841,4219.905259925197,10258.0,0.0003232717514038086,-0.32191429138183597,1.201622724533081,1.0,1.0,0.039353251457214355,-0.031308792531490326,-0.6022587418556213,-0.01913980394601822,1.1442567110061646,1.0,-0.11334511637687683,0.049016475677490234,0.44745510816574097,0.0007730197976343334,0.9308046698570251,0.077904611825943,93.80610656738281,0.07675781100988388,0.8827303647994995,10260.0,0.00026132702,,,,,,,,,,,,,,,,,,,,,,,,,,,,,,,,,,,,,,,,,,,,,
52582400,0.029150404036045074,12.149789810180664,0.9983667755482968,0.2861274003982544,0.8871026277542114,6.593704223632813e-05,1.080036163330078e-05,0.0036942946910858156,0.008580101728439331,0.011861371994018554,0.025495784282684328,0.006483631134033203,1.1851253509521484,9.96875,-0.4984375,11.847656,0.04172097,0.99609375,0.999202290510149,0.9999804658266637,4219.974197567553,10268.0,0.00019960403442382814,-0.2859277963638306,1.2026140689849854,1.0,1.0,0.02786574885249138,-0.02243875525891781,-0.7364639639854431,-0.01661181077361107,0.9705288410186768,1.0,-0.11435407400131226,0.15176290273666382,0.3475571274757385,0.0005195601843297482,0.6256101727485657,0.07793579995632172,93.84365844726562,0.08906249701976776,0.871309757232666,10270.0,0.00026119183,,,,,,,,,,,,,,,,,,,,,,,,,,,,,,,,,,,,,,,,,,,,,
52633600,0.039065320044755936,12.066239356994629,0.9995251661918328,0.3070685863494873,0.8767059326171875,6.392955780029297e-05,1.1706352233886719e-05,0.0034647345542907714,0.009100896120071412,0.012889361381530762,0.025262361764907836,0.005904501676559449,1.1966994524002075,11.441406,-0.57207024,14.019531,-0.053404592,1.0,0.9991132041934844,0.9999800570646872,4220.009826463177,10278.0,0.00016002655029296876,-0.30690855979919435,1.201352834701538,1.0,1.0,0.03694522753357887,-0.03212108835577965,-0.5928110480308533,-0.020709212869405746,1.1347718238830566,1.0,-0.11463708430528641,0.14813128113746643,0.38113582134246826,0.0006254468462429941,0.753109872341156,0.07797509431838989,93.8909912109375,0.08339843899011612,0.8503564596176147,10280.0,0.00026105664,,,,,,,,,,,,,,,,,,,,,,,,,,,,,,,,,,,,,,,,,,,,,
52684800,0.06319990754127502,11.486298561096191,0.9993261455525606,0.32298228740692136,0.8644499063491822,5.997776985168457e-05,1.0991096496582032e-05,0.0033000969886779787,0.008982359170913697,0.015870428085327147,0.025070037841796875,0.00577784538269043,1.2033353805541993,11.6875,-0.58437496,11.4375,0.06492758,1.0,0.9992555227713694,0.9999819105989703,4220.019961305551,10288.0,0.00022454261779785155,-0.3227577447891235,1.2030761241912842,1.0,1.0,0.032688576728105545,-0.02878021076321602,-0.6081281900405884,-0.0189373679459095,1.1163036823272705,1.0,-0.11387215554714203,0.17504677176475525,0.3728376030921936,0.0005351303261704743,0.6443583965301514,0.07803383469581604,93.96170806884766,0.0908203125,0.8569604158401489,10290.0,0.0002609215,,,,,,,,,,,,,,,,,,,,,,,,,,,,,,,,,,,,,,,,,,,,,
52736000,0.06303925067186356,11.629477500915527,0.999543691535478,0.2997903823852539,0.8823247671127319,6.211280822753906e-05,1.1706352233886719e-05,0.003495016098022461,0.008857616186141969,0.012601590156555176,0.025285087823867798,0.006382385492324829,1.1947525501251222,12.578125,-0.6289062,10.953125,0.114597544,1.0,0.9992288565770782,0.9999798250120122,4220.055917766915,10298.0,0.00016055107116699218,-0.29962983131408694,1.196470022201538,1.0,1.0,0.03127718344330788,-0.03839010000228882,-0.6207314729690552,-0.029295923188328743,1.0980114936828613,1.0,-0.11534761637449265,0.17778125405311584,0.38816750049591064,0.0005887595470994711,0.7089341878890991,0.07806538045406342,93.99970245361328,0.08339843899011612,0.8719744086265564,10300.0,0.00026078633,,,,,,,,,,,,,,,,,,,,,,,,,,,,,,,,,,,,,,,,,,,,,
52787200,0.0676911473274231,11.566059112548828,0.9995498537024533,0.2972942113876343,0.8767595529556275,6.084322929382324e-05,1.125335693359375e-05,0.0035357630252838136,0.008969084024429322,0.019493651390075684,0.025113773345947266,0.006123325824737549,1.1935809135437012,11.84375,-0.5921875,11.019531,0.10205542,1.0,0.9991973124679172,0.9999813632631205,4220.096003657066,10308.0,0.0001801729202270508,-0.29711403846740725,1.198072910308838,1.0,1.0,0.03398703783750534,-0.03490829095244408,-0.5992186069488525,-0.024534162133932114,1.1176822185516357,1.0,-0.11516544222831726,0.2165469229221344,0.4014839231967926,0.0009276167256757617,1.116957187652588,0.07810969650745392,94.05306243896484,0.08808593451976776,0.8621278405189514,10310.0,0.00026065117,,,,,,,,,,,,,,,,,,,,,,,,,,,,,,,,,,,,,,,,,,,,,
52838400,0.0860428661108017,11.150906562805176,0.9995632234112252,0.3080682992935181,0.8705460548400878,6.266593933105468e-05,1.080036163330078e-05,0.003390897512435913,0.00877779483795166,0.018000078201293946,0.02525772213935852,0.0060047972202301025,1.1966471433639527,12.390625,-0.61953115,10.8125,0.11148989,1.0,0.9992320890431631,0.9999816899513437,4220.131343994717,10318.0,0.00025508403778076174,-0.30781321525573735,1.1945109367370605,1.0,0.0,0.02682420052587986,-0.03746950626373291,-0.6054221391677856,-0.02914508990943432,1.1105725765228271,1.0,-0.11717290431261063,0.1736854612827301,0.3964875638484955,0.00030524597968906164,0.3675512373447418,0.07812850177288055,94.07569885253906,0.08378906548023224,0.9003565907478333,10320.0,0.00026051598,,,,,,,,,,,,,,,,,,,,,,,,,,,,,,,,,,,,,,,,,,,,,
52889600,0.04722648113965988,11.896711349487305,0.999073645206114,0.304761266708374,0.8709822654724121,5.9814453125e-05,1.1038780212402343e-05,0.0033188462257385254,0.00920769214630127,0.0131866455078125,0.025005673170089723,0.005923820734024048,1.1889639139175414,11.7265625,-0.586328,13.0625,0.0026776595,0.9921875,0.9992361143122932,0.9999809098926681,4220.190465559125,10328.0,0.0001330137252807617,-0.30462825298309326,1.1993780136108398,1.0,1.0,0.03152245283126831,-0.026094596832990646,-0.632622480392456,-0.01658005267381668,1.1151148080825806,1.0,-0.11610641330480576,0.1973848193883896,0.3934304416179657,0.0004814236890524626,0.5796895027160645,0.07817839831113815,94.13578796386719,0.08457031846046448,0.8605935573577881,10330.0,0.0002603808,,,,,,,,,,,,,,,,,,,,,,,,,,,,,,,,,,,,,,,,,,,,,
52940800,0.032701391726732254,12.053650856018066,0.9986004198740378,0.30182020664215087,0.8822412729263306,6.390333175659179e-05,1.0704994201660156e-05,0.0034996318817138673,0.008990579843521118,0.016089320182800293,0.02511953830718994,0.00640405535697937,1.2001837491989136,9.875,-0.49374998,11.480469,0.086966336,1.0,0.9992211897989836,0.9999814657935129,4220.208055519836,10338.0,0.00024673938751220705,-0.3015734672546387,1.2040207386016846,1.0,1.0,0.03420035541057587,-0.020399872213602066,-0.5860378742218018,-0.009613730013370514,1.1358909606933594,1.0,-0.11891841143369675,0.21408259868621826,0.37936872243881226,0.0006299237720668316,0.7585005760192871,0.07822798192501068,94.19549560546875,0.08925781399011612,0.8532382249832153,10340.0,0.00026024564,,,,,,,,,,,,,,,,,,,,,,,,,,,,,,,,,,,,,,,,,,,,,
52992000,0.06848221272230148,11.4511079788208,0.9995524725889461,0.31819355487823486,0.861492657661438,5.966544151306152e-05,1.0967254638671875e-05,0.0033088409900665283,0.00887814998626709,0.015479850769042968,0.024839322566986084,0.005956720113754272,1.195198392868042,9.972656,-0.49863273,11.097656,0.0983092,1.0,0.9992586405884979,0.9999821265617366,4220.246348145415,10348.0,0.00015914440155029297,-0.31803441047668457,1.2026605606079102,1.0,1.0,0.027324892580509186,-0.025643102824687958,-0.631000280380249,-0.01786981150507927,1.0803704261779785,1.0,-0.11940261721611023,0.22249439358711243,0.4033506512641907,0.0009572618291713297,1.1526533365249634,0.07824673503637314,94.21806335449219,0.08945313096046448,0.8862723112106323,10350.0,0.00026011048,,,,,,,,,,,,,,,,,,,,,,,,,,,,,,,,,,,,,,,,,,,,,
53043200,0.06113490089774132,11.53295612335205,0.9993204983012458,0.2824068784713745,0.9035453081130982,7.030129432678223e-05,1.2254714965820312e-05,0.004074949026107788,0.008722258806228638,0.016430926322937012,0.025709452629089354,0.006563922166824341,1.2024195671081543,11.074219,-0.55371094,12.6875,0.011059917,1.0,0.9991946948813452,0.9999798743413357,4220.261311161837,10358.0,0.00017910003662109376,-0.28222777843475344,1.1992878913879395,1.0,0.0,0.02941335178911686,-0.03401271626353264,-0.594379186630249,-0.024332527071237564,1.1545794010162354,1.0,-0.11788055300712585,0.24857810139656067,0.42032429575920105,0.0007966827251948416,0.9592975974082947,0.07831187546253204,94.29649353027344,0.08710937947034836,0.8695440292358398,10360.0,0.0002599753,,,,,,,,,,,,,,,,,,,,,,,,,,,,,,,,,,,,,,,,,,,,,
53094400,0.03865496441721916,11.97116756439209,0.9992967651195499,0.2961620569229126,0.8888612747192383,6.55221939086914e-05,1.1849403381347657e-05,0.0035771584510803224,0.009682148694992065,0.016199827194213867,0.024984081983566286,0.00610000491142273,1.2012565851211547,11.5859375,-0.5792968,12.5625,0.013487549,0.99609375,0.9992316573583969,0.9999820380743998,4220.2995498434275,10368.0,0.00014295578002929688,-0.29601910114288327,1.1966803073883057,1.0,1.0,0.027874145656824112,-0.03198034688830376,-0.6117302179336548,-0.023414485156536102,1.1127195358276367,1.0,-0.11754502356052399,0.20079432427883148,0.4087894558906555,0.0007619473617523909,0.9174721837043762,0.07833059877157211,94.31905364990234,0.08613280951976776,0.8832861185073853,10370.0,0.0002598401,,,,,,,,,,,,,,,,,,,,,,,,,,,,,,,,,,,,,,,,,,,,,
53145600,0.04461934044957161,11.885632514953613,0.9988086728615678,0.32582521438598633,0.8601791858673096,6.135344505310058e-05,1.0752677917480469e-05,0.003546171188354492,0.008841255903244019,0.018071961402893067,0.024689778089523315,0.005837880373001099,1.2041093111038208,16.726562,-0.8363279,11.7734375,0.056049846,0.99609375,0.9992438716322423,0.999981565818394,4220.308880707362,10378.0,0.0002007722854614258,-0.3256244421005249,1.1999177932739258,1.0,1.0,0.029507989063858986,-0.03295065835118294,-0.5629996061325073,-0.02226015366613865,1.1894054412841797,1.0,-0.11816146969795227,0.06999143958091736,0.4670501947402954,0.000798066845163703,0.9609642624855042,0.07838840782642365,94.3886489868164,0.0732421875,0.9131014347076416,10380.0,0.00025970495,,,,,,,,,,,,,,,,,,,,,,,,,,,,,,,,,,,,,,,,,,,,,
53196800,0.044793643057346344,12.0,0.9986304496690254,0.31174941062927247,0.8712407350540161,6.17837905883789e-05,1.2063980102539063e-05,0.003625284433364868,0.008579859733581543,0.011127805709838868,0.02525904655456543,0.006003085374832153,1.194153332710266,11.3671875,-0.5683593,12.042969,0.04009128,1.0,0.9992429907270948,0.9999804737495618,4220.351305942053,10388.0,0.0001788616180419922,-0.3115705490112305,1.1985926628112793,1.0,1.0,0.03381342440843582,-0.03691868484020233,-0.5694799423217773,-0.025734758004546165,1.1636269092559814,1.0,-0.1180279552936554,0.21150726079940796,0.4126793146133423,0.0008042383706197143,0.9683955311775208,0.07842026650905609,94.42701721191406,0.087890625,0.8679873943328857,10390.0,0.0002595698,,,,,,,,,,,,,,,,,,,,,,,,,,,,,,,,,,,,,,,,,,,,,
53248000,0.07385119795799255,11.359292030334473,0.9997787610619469,0.31648094654083253,0.8727452278137207,5.9947967529296874e-05,1.2063980102539063e-05,0.00351216197013855,0.00853414535522461,0.01218585968017578,0.025658963918685912,0.005834319591522217,1.2014450073242187,10.8046875,-0.5402343,11.4765625,0.05358093,1.0,0.9991355418194621,0.9999825965322926,4220.368933700895,10398.0,0.00017058849334716797,-0.31631035804748536,1.2557308673858643,1.0,0.0,0.02914322167634964,-0.033527277410030365,-0.5624125003814697,-0.02339038997888565,1.1672394275665283,1.0,-0.11931759119033813,0.21744102239608765,0.41158053278923035,0.0005730930133722723,0.6900699138641357,0.07846920192241669,94.48593139648438,0.09140625596046448,0.8818638324737549,10400.0,0.0002594346,,,,,,,,,,,,,,,,,,,,,,,,,,,,,,,,,,,,,,,,,,,,,
53299200,0.08355825394392014,11.06640625,0.9993489583333334,0.3069068670272827,0.886723256111145,6.344318389892579e-05,1.1920928955078125e-05,0.0034380197525024415,0.009270555973052978,0.0120650053024292,0.025330493450164793,0.006199765205383301,1.2057318687438965,11.609375,-0.58046865,10.78125,0.082397714,1.0,0.9992357200440773,0.9999794155112527,4220.390571824105,10408.0,0.00014963150024414063,-0.30675723552703854,1.2003417015075684,1.0,1.0,0.03586391359567642,-0.020100828260183334,-0.5951505303382874,-0.008923176676034927,1.1321825981140137,1.0,-0.119977205991745,0.1485079526901245,0.4053555130958557,0.0009359915857203305,1.1270415782928467,0.07850673794746399,94.53114318847656,0.0859375,0.8652728199958801,10410.0,0.0002592994,,,,,,,,,,,,,,,,,,,,,,,,,,,,,,,,,,,,,,,,,,,,,
53350400,0.05721627548336983,11.707266807556152,0.9993079584775086,0.3072252035140991,0.8768042802810669,6.154298782348633e-05,1.0824203491210937e-05,0.003459681272506714,0.009138778448104859,0.01228175163269043,0.024959532022476198,0.006187922954559326,1.196344780921936,13.363281,-0.668164,12.199219,0.020767163,1.0,0.9992528246196001,0.9999810077404518,4220.419201691487,10418.0,0.00017633438110351563,-0.30704886913299556,1.2008814811706543,1.0,1.0,0.030502555891871452,-0.030923761427402496,-0.6369442343711853,-0.022190937772393227,1.0850789546966553,1.0,-0.12040085345506668,0.1061381995677948,0.3969026803970337,0.0007266183965839446,0.874932050704956,0.07851216942071915,94.53768157958984,0.07500000298023224,0.8828976154327393,10420.0,0.00025916426,,,,,,,,,,,,,,,,,,,,,,,,,,,,,,,,,,,,,,,,,,,,,
53401600,0.05146288871765137,11.858898162841797,0.999089667728721,0.3161568880081177,0.8660524606704711,6.227374076843262e-05,1.1229515075683594e-05,0.003602226972579956,0.008976984024047851,0.0173447847366333,0.024726871252059936,0.0059021151065826415,1.199587845802307,9.816406,-0.4908203,10.933594,0.08397219,1.0,0.9992575060069722,0.9999812578361077,4220.443349744013,10428.0,0.00016913414001464843,-0.31598775386810307,1.194951057434082,1.0,1.0,0.030574478209018707,-0.0353013314306736,-0.6032674312591553,-0.025976017117500305,1.1070940494537354,1.0,-0.12072256207466125,0.2616046667098999,0.3940725326538086,0.0008485359721817076,1.0217348337173462,0.07857421040534973,94.61238861083984,0.09726563096046448,0.8560099601745605,10430.0,0.0002590291,,,,,,,,,,,,,,,,,,,,,,,,,,,,,,,,,,,,,,,,,,,,,
53452800,0.08773798495531082,11.125882148742676,0.9995590828924162,0.3130669116973877,0.8853165149688721,7.955789566040039e-05,1.2278556823730469e-05,0.003888181447982788,0.009312654733657838,0.018823790550231933,0.024831522703170777,0.006118137836456299,1.2172452688217164,12.6796875,-0.6339843,10.828125,0.09920789,1.0,0.9991919018585853,0.9999788267417742,4220.408251698944,10438.0,0.000718235969543457,-0.31234867572784425,1.404066801071167,1.0,0.0,0.025006812065839767,-0.02224203571677208,-0.6218945980072021,-0.014784479513764381,1.0904576778411865,1.0,-0.12178269773721695,0.17810623347759247,0.41409263014793396,0.0006566701922565699,0.7907063961029053,0.07860687375068665,94.65171813964844,0.08085937798023224,0.8967411518096924,10440.0,0.0002588939,,,,,,,,,,,,,,,,,,,,,,,,,,,,,,,,,,,,,,,,,,,,,
53504000,0.06716538220643997,11.612556457519531,0.9991031390134529,0.28771486282348635,0.9054773807525635,6.543159484863281e-05,1.1897087097167968e-05,0.0036581110954284667,0.009461053609848023,0.015060901641845703,0.02579711437225342,0.006255079507827759,1.2082893133163453,10.3671875,-0.51835936,10.953125,0.097105235,1.0,0.999181009747785,0.9999799129139975,4220.415787571827,10448.0,0.0003412485122680664,-0.2873736143112183,1.1993963718414307,1.0,1.0,0.034350939095020294,-0.019797204062342644,-0.5775442123413086,-0.008626695722341537,1.1547400951385498,1.0,-0.12124855071306229,0.16136687994003296,0.40754377841949463,0.0014336192980408669,1.7262425422668457,0.07865610718727112,94.71099853515625,0.09042968600988388,0.877888560295105,10450.0,0.00025875872,,,,,,,,,,,,,,,,,,,,,,,,,,,,,,,,,,,,,,,,,,,,,
53555200,0.08591466397047043,11.172647476196289,1.0,0.3089472532272339,0.8807684659957886,6.621837615966797e-05,1.163482666015625e-05,0.003594093322753906,0.009088367223739624,0.016417908668518066,0.025021096467971803,0.006229711771011353,1.2061683654785156,10.917969,-0.5458984,9.9375,0.14523375,1.0,0.9991158598506577,0.9999808461563277,4220.417174982219,10458.0,0.0002394437789916992,-0.30870780944824217,1.2379701137542725,1.0,1.0,0.03145204484462738,-0.034093573689460754,-0.5858808755874634,-0.024179913103580475,1.1225402355194092,1.0,-0.12189342081546783,0.23604536056518555,0.37042805552482605,0.0011011483147740364,1.32590913772583,0.07868422567844391,94.74485778808594,0.09296874701976776,0.8606452345848083,10460.0,0.00025862356,,,,,,,,,,,,,,,,,,,,,,,,,,,,,,,,,,,,,,,,,,,,,
53606400,0.07302585989236832,11.363799095153809,0.9995530726256984,0.3068042278289795,0.8924788951873779,6.520271301269532e-05,1.1491775512695313e-05,0.004209520816802978,0.009027669429779053,0.010895323753356934,0.025270237922668456,0.0060151004791259765,1.2102128505706786,12.2734375,-0.6136718,12.144531,0.04025076,0.99609375,0.9991884760933841,0.9999810677721354,4220.406034553608,10468.0,0.00027017593383789064,-0.3065340518951416,1.2040908336639404,1.0,1.0,0.03468718379735947,-0.019144639372825623,-0.5890405178070068,-0.008360108360648155,1.1261787414550781,1.0,-0.12148362398147583,0.0987946093082428,0.3907211422920227,0.001018971554003656,1.226958990097046,0.078710176050663,94.7761001586914,0.08046875149011612,0.8718254566192627,10470.0,0.0002584884,,,,,,,,,,,,,,,,,,,,,,,,,,,,,,,,,,,,,,,,,,,,,
53657600,0.06037364527583122,11.763103485107422,1.0,0.3195390224456787,0.8696738958358765,6.081223487854004e-05,1.1324882507324219e-05,0.003561795949935913,0.008861020803451539,0.012683534622192382,0.0252978253364563,0.005667494535446167,1.2019317150115967,11.519531,-0.5759765,9.730469,0.1610357,1.0,0.9992009434388744,0.9999800843716471,4220.420456776057,10478.0,0.00017490386962890626,-0.3193641185760498,1.2023496627807617,1.0,1.0,0.03521299734711647,-0.024914711713790894,-0.5663926601409912,-0.01361699216067791,1.1520500183105469,1.0,-0.12256079167127609,0.15310609340667725,0.36912333965301514,0.0005187573842704296,0.6246435642242432,0.07873240113258362,94.8028564453125,0.08750000596046448,0.8567904233932495,10480.0,0.00025835322,,,,,,,,,,,,,,,,,,,,,,,,,,,,,,,,,,,,,,,,,,,,,
53708800,0.06778455525636673,11.64254093170166,0.9993018384919712,0.31262547969818116,0.8633585214614868,6.0847997665405274e-05,1.1610984802246094e-05,0.0032792413234710694,0.008559820652008056,0.01572577953338623,0.025452866554260253,0.005780133008956909,1.1917443990707397,16.097656,-0.8048827,12.441406,0.04736813,1.0,0.9991888297655678,0.9999806943561881,4220.460895596565,10488.0,0.00018782615661621093,-0.31243765354156494,1.1995291709899902,1.0,1.0,0.039297811686992645,-0.028369367122650146,-0.6237033605575562,-0.016887348145246506,1.1100237369537354,1.0,-0.12241271138191223,0.08302325010299683,0.5123067498207092,0.0005173126701265574,0.6229039430618286,0.0788109228014946,94.89741516113281,0.0771484375,0.902488112449646,10490.0,0.00025821803,,,,,,,,,,,,,,,,,,,,,,,,,,,,,,,,,,,,,,,,,,,,,
53760000,0.049166079610586166,12.00733757019043,0.9990827791790874,0.32214858531951907,0.8594807624816895,5.866408348083496e-05,1.1086463928222656e-05,0.0031904828548431395,0.009305552244186402,0.017340493202209473,0.024659812450408936,0.0057246780395507815,1.1990038394927978,11.550781,-0.577539,10.457031,0.13862507,1.0,0.999189081288713,0.9999808907822503,4220.481410180064,10498.0,0.00016748905181884766,-0.3219810962677002,1.2048051357269287,1.0,1.0,0.03127424791455269,-0.02052755281329155,-0.570960521697998,-0.009925829246640205,1.1726489067077637,1.0,-0.12165729701519012,0.18174955248832703,0.39270254969596863,0.000741342781111598,0.8926619291305542,0.07883939146995544,94.93170166015625,0.08671875298023224,0.878761887550354,10500.0,0.00025808287,,,,,,,,,,,,,,,,,,,,,,,,,,,,,,,,,,,,,,,,,,,,,
53811200,0.08374278247356415,11.160189628601074,0.9995682210708118,0.3069206476211548,0.8887512922286988,6.418466567993164e-05,1.125335693359375e-05,0.003495091199874878,0.009245748519897462,0.011933708190917968,0.025224376916885376,0.006372256278991699,1.2076404571533204,9.621094,-0.48105466,10.6328125,0.10243122,1.0,0.9991919667421119,0.9999804943967588,4220.475664796156,10508.0,0.00013785362243652345,-0.3067827939987183,1.2050683498382568,1.0,1.0,0.02493610978126526,-0.014307900331914425,-0.6619143486022949,-0.007751250173896551,1.052398920059204,1.0,-0.1211371123790741,0.23882310092449188,0.36208635568618774,0.000818189000710845,0.9851936101913452,0.07887586951255798,94.9756088256836,0.09609375149011612,0.8732485175132751,10510.0,0.00025794771,,,,,,,,,,,,,,,,,,,,,,,,,,,,,,,,,,,,,,,,,,,,,
53862400,0.08702745288610458,11.051370620727539,0.999136628534427,0.315278959274292,0.8660066843032836,6.203174591064453e-05,1.0561943054199218e-05,0.003457711935043335,0.008671889305114746,0.014898586273193359,0.025072615146636962,0.005996419191360474,1.1962161302566527,9.6171875,-0.48085937,10.488281,0.114040025,1.0,0.9990839125882744,0.9999821616994706,4220.508456032162,10518.0,0.0001358509063720703,-0.3151431083679199,1.198847770690918,1.0,1.0,0.024163085967302322,-0.01627814583480358,-0.6092448830604553,-0.008952276781201363,1.0925910472869873,1.0,-0.1237807646393776,0.25405699014663696,0.33805719017982483,0.0004824151692446321,0.580883264541626,0.07889127731323242,94.99417114257812,0.09511718899011612,0.8644183874130249,10520.0,0.00025781256,,,,,,,,,,,,,,,,,,,,,,,,,,,,,,,,,,,,,,,,,,,,,
53913600,0.06392708420753479,11.452128410339355,0.9995494480738906,0.3099605798721313,0.8723350524902344,6.202459335327148e-05,1.1444091796875e-05,0.0033739066123962404,0.009004613161087036,0.01871798038482666,0.025171213150024414,0.005969542264938355,1.2010477542877198,11.0390625,-0.5519531,11.140625,0.07345353,1.0,0.9991871737215833,0.9999811019598102,4220.5269948799105,10528.0,0.00012972354888916016,-0.30983085632324214,1.2015907764434814,1.0,1.0,0.029872294515371323,-0.034973807632923126,-0.593383252620697,-0.025515742599964142,1.1288158893585205,1.0,-0.1233741044998169,0.28950899839401245,0.40380361676216125,0.0007839261670596898,0.9439373016357422,0.07894207537174225,95.05534362792969,0.09140624850988388,0.8470791578292847,10530.0,0.00025767737,,,,,,,,,,,,,,,,,,,,,,,,,,,,,,,,,,,,,,,,,,,,,
53964800,0.07260187715291977,11.490599632263184,0.9995523724261415,0.3181903600692749,0.866610050201416,6.0428380966186526e-05,1.2111663818359374e-05,0.003288661241531372,0.009035264253616332,0.011453890800476074,0.025025728940963745,0.00588566780090332,1.1962885856628418,10.4921875,-0.5246093,11.8515625,0.071970776,1.0,0.9991979808662093,0.999981465234959,4220.554377893867,10538.0,0.00019462108612060546,-0.3179957389831543,1.2022876739501953,1.0,1.0,0.030726857483386993,-0.027819562703371048,-0.5548263788223267,-0.01733468845486641,1.1611862182617188,1.0,-0.12379388511180878,0.27363649010658264,0.39643174409866333,0.0006680798251181841,0.8044449090957642,0.07897856831550598,95.09927368164062,0.08945313096046448,0.8559122681617737,10540.0,0.00025754218,,,,,,,,,,,,,,,,,,,,,,,,,,,,,,,,,,,,,,,,,,,,,
54016000,0.07849282026290894,11.337811470031738,0.9997797841885048,0.3102839469909668,0.8801583528518677,6.363630294799805e-05,1.1706352233886719e-05,0.0037041544914245606,0.008547072410583495,0.013198089599609376,0.0254826021194458,0.0061705029010772705,1.203674077987671,9.378906,-0.46894526,10.8828125,0.12118386,1.0,0.9990922220533427,0.9999817374209554,4220.5632019809245,10548.0,0.00018012523651123047,-0.31010382175445556,1.2048630714416504,1.0,1.0,0.03136672452092171,-0.023795556277036667,-0.5253735780715942,-0.012192126363515854,1.2106571197509766,1.0,-0.12397432327270508,0.2412344217300415,0.4122847020626068,0.0005834833718836308,0.7025811076164246,0.07901450991630554,95.14256286621094,0.09902343899011612,0.8758405447006226,10550.0,0.00025740702,,,,,,,,,,,,,,,,,,,,,,,,,,,,,,,,,,,,,,,,,,,,,
54067200,0.06581146270036697,11.597774505615234,1.0,0.28711233139038084,0.8973613977432251,7.002949714660645e-05,1.3875961303710938e-05,0.004031659364700318,0.010000337362289429,0.01939258575439453,0.024675431251525878,0.006052526235580444,1.2039050579071044,9.90625,-0.49531248,11.972656,0.046547674,1.0,0.999151151899015,0.9999793446687204,4220.569108368143,10558.0,0.00016901493072509765,-0.28694331645965576,1.201507568359375,1.0,1.0,0.03312746435403824,-0.036277614533901215,-0.6673248410224915,-0.027912570163607597,1.0321910381317139,1.0,-0.12386687844991684,0.18713049590587616,0.40110981464385986,0.0009638124029152095,1.16054105758667,0.07903912663459778,95.17219543457031,0.08476562798023224,0.8712575435638428,10560.0,0.00025727187,,,,,,,,,,,,,,,,,,,,,,,,,,,,,,,,,,,,,,,,,,,,,
54118400,0.057229865342378616,11.671785354614258,0.9995415998166399,0.3401999235153198,0.8398779153823852,6.306648254394531e-05,1.1682510375976562e-05,0.0032809865474700928,0.008518762588500976,0.021811676025390626,0.025005743503570557,0.005090965032577515,1.2019235610961914,10.984375,-0.5492187,12.6796875,0.008077133,1.0,0.9991815092687483,0.9999813934401125,4220.58185599878,10568.0,0.00013132095336914061,-0.34006860256195065,1.2067861557006836,1.0,0.0,0.023685215041041374,-0.04448724165558815,-0.6780292987823486,-0.03873620927333832,1.0272785425186157,1.0,-0.12597249448299408,0.23273810744285583,0.3760559558868408,0.0007459609769284725,0.898222804069519,0.07907494157552719,95.21532440185547,0.08144531399011612,0.8963327407836914,10570.0,0.00025713668,,,,,,,,,,,,,,,,,,,,,,,,,,,,,,,,,,,,,,,,,,,,,
54169600,0.06519165635108948,11.683050155639648,0.9997703261368857,0.3140697479248047,0.85465407371521,6.0725212097167966e-05,1.2302398681640625e-05,0.0032359111309051515,0.00939334273338318,0.020606160163879395,0.02465055227279663,0.005356454849243164,1.1893676280975343,12.28125,-0.6140624,11.296875,0.075313866,1.0,0.9991641650479722,0.9999786912857221,4220.637375364991,10578.0,0.0001863241195678711,-0.3138834238052368,1.1983006000518799,1.0,1.0,0.03460531681776047,-0.015317817218601704,-0.5668774843215942,-0.0038954797200858593,1.1584835052490234,1.0,-0.12646888196468353,0.13109929859638214,0.4182751178741455,0.0010320234578102827,1.2426748275756836,0.07913744449615479,95.29058074951172,0.0830078125,0.8860944509506226,10580.0,0.0002570015,,,,,,,,,,,,,,,,,,,,,,,,,,,,,,,,,,,,,,,,,,,,,
54220800,0.0743333026766777,11.439813613891602,0.9991132786521836,0.33471415042877195,0.8615679979324341,6.320118904113769e-05,1.0704994201660156e-05,0.0036414790153503416,0.009234449863433837,0.01946287155151367,0.02474102973937988,0.005362001657485962,1.2157799482345581,10.699219,-0.53496087,12.675781,0.018689368,0.99609375,0.9991587795271527,0.9999800758947605,4220.6029279224995,10588.0,0.0001704692840576172,-0.33454368114471433,1.2027783393859863,1.0,1.0,0.026283899322152138,-0.0335579514503479,-0.6863774657249451,-0.02723051980137825,1.0144315958023071,1.0,-0.12674345076084137,0.2553020417690277,0.40014708042144775,0.0006498072762042284,0.7824426889419556,0.07917916029691696,95.34080505371094,0.08359375596046448,0.8759660720825195,10590.0,0.00025686633,,,,,,,,,,,,,,,,,,,,,,,,,,,,,,,,,,,,,,,,,,,,,
54272000,0.06813371181488037,11.511937141418457,0.9997747747747747,0.33060312271118164,0.8317121028900146,5.897402763366699e-05,1.0728836059570312e-05,0.0031247174739837645,0.00850119709968567,0.02274057865142822,0.02491119980812073,0.004956259727478028,1.1850874900817872,11.0390625,-0.5519531,11.765625,0.054380156,1.0,0.999200275973301,0.9999823160793795,4220.673144011372,10598.0,0.00012166500091552735,-0.3304814577102661,1.2005980014801025,1.0,1.0,0.03053075075149536,-0.039147231727838516,-0.6506577730178833,-0.03103528544306755,1.0535788536071777,1.0,-0.12752604484558105,0.22026921808719635,0.36583226919174194,0.0008493127534165978,1.0226702690124512,0.079217329621315,95.38677978515625,0.08476562798023224,0.8620167374610901,10600.0,0.00025673117,,,,,,,,,,,,,,,,,,,,,,,,,,,,,,,,,,,,,,,,,,,,,
54323200,0.07040012627840042,11.485386848449707,0.9995503597122302,0.31168882846832274,0.8634133815765381,6.423234939575196e-05,1.1301040649414062e-05,0.003452053070068359,0.008703367710113525,0.013955187797546387,0.025162429809570314,0.005753964185714722,1.189092230796814,11.480469,-0.57402337,10.53125,0.13407561,1.0,0.9991980213718482,0.9999802101862683,4220.726662932483,10608.0,0.0002118825912475586,-0.3114769458770752,1.1994872093200684,,,,,,,,,,,,,,,,,,,,,,,,,,,,,,,,,,,,,,,,,,,,,,,,,,,,,,,,,,,,,,,,
