,charts/0/avg_episode_returns,charts/0/avg_episode_lengths,charts/0/avg_episode_success,stats/0/avg_params_queue_get_time,stats/0/avg_rollout_time,stats/0/avg_create_rollout_time,stats/0/avg_rollout_queue_put_time,stats/0/avg_env_recv_time,stats/0/avg_inference_time,stats/0/avg_storage_time,stats/0/avg_device2host_time,stats/0/avg_env_send_time,stats/0/avg_update_time,charts/0/instant_avg_episode_length,charts/0/instant_avg_episode_return,charts/0/returned_avg_episode_length,charts/0/returned_avg_episode_return,charts/0/returned_avg_episode_success,stats/0/inner_time_efficiency,stats/0/middle_time_efficiency,charts/0/SPS,policy_versions/actor_0,stats/rollout_queue_get_time,stats/rollout_params_queue_get_time_diff,stats/training_time,stats/rollout_queue_size,stats/params_queue_size,losses/value_loss,losses/policy_loss,losses/entropy,losses/loss,actor_ma,adv_multiplier,critic_bias,critic_diff,critic_ma,grad_rms/avg,grad_rms/total,param_rms/avg,param_rms/total,proportion_of_boxes,var_explained,policy_versions/learner,losses/learning_rate,rho100/00_episode_returns,rho100/00_episode_lengths,rho100/00_episode_successes,rho100/00_episode_num_cycles,rho100/00_cycles_steps_per_eps_incl_noops,rho100/00_cycles_steps_per_eps_excl_noops,rho100/00_episode_num_noops_per_eps,rho100/00_episode_num_cycles_in_solved,rho100/00_cycles_steps_per_eps_incl_noops_in_solved,rho100/00_cycles_steps_per_eps_excl_noops_in_solved,rho100/00_episode_num_noops_per_eps_in_solved,rho100/00_episode_zero_boxes,rho100/00_episode_one_box,rho100/00_episode_two_boxes,rho100/00_episode_three_boxes,rho050/00_episode_returns,rho050/00_episode_lengths,rho050/00_episode_successes,rho050/00_episode_num_cycles,rho050/00_cycles_steps_per_eps_incl_noops,rho050/00_cycles_steps_per_eps_excl_noops,rho050/00_episode_num_noops_per_eps,rho050/00_episode_num_cycles_in_solved,rho050/00_cycles_steps_per_eps_incl_noops_in_solved,rho050/00_cycles_steps_per_eps_excl_noops_in_solved,rho050/00_episode_num_noops_per_eps_in_solved,rho050/00_episode_zero_boxes,rho050/00_episode_one_box,rho050/00_episode_two_boxes,rho050/00_episode_three_boxes,rho000/00_episode_returns,rho000/00_episode_lengths,rho000/00_episode_successes,rho000/00_episode_num_cycles,rho000/00_cycles_steps_per_eps_incl_noops,rho000/00_cycles_steps_per_eps_excl_noops,rho000/00_episode_num_noops_per_eps,rho000/00_episode_num_cycles_in_solved,rho000/00_cycles_steps_per_eps_incl_noops_in_solved,rho000/00_cycles_steps_per_eps_excl_noops_in_solved,rho000/00_episode_num_noops_per_eps_in_solved,rho000/00_episode_zero_boxes,rho000/00_episode_one_box,rho000/00_episode_two_boxes,rho000/00_episode_three_boxes
51200,0.3982903063297272,6.583156108856201,0.9701969132517296,0.7405575037002563,0.7722334384918212,6.0291290283203124e-05,1.556873321533203e-05,0.004762473106384277,0.014973992109298706,0.08750472068786622,0.00842758059501648,0.01036421537399292,1.6003259420394897,6.7226562,-0.33613282,7.0078125,0.35078126,0.95703125,0.9994012315845677,0.9999908078561097,3122.0536410262866,8.0,0.6803751230239868,-0.060182380676269465,0.40264272689819336,0.0,1.0,0.05869341641664505,-0.026413625106215477,-1.3588553667068481,-0.025149591267108917,0.17280565202236176,1.0,0.002304378431290388,0.3685007393360138,0.37080514430999756,7.089311839081347e-05,0.05774465203285217,0.04870077967643738,39.668304443359375,0.14238281548023224,0.022555910050868988,10.0,0.0003981751,,,,,,,,,,,,,,,,,,,,,,,,,,,,,,,,,,,,,,,,,,,,,
102400,0.3785954713821411,6.922911167144775,0.965962599219696,0.010128378868103027,0.4060610294342041,5.684971809387207e-05,1.1801719665527344e-05,0.003460177183151245,0.002883741855621338,0.007985830307006836,0.009628828763961792,0.004251091480255127,0.4241987943649292,5.7148438,-0.2857422,7.2148438,0.3580078,0.96484375,0.9988985660279692,0.9999722912084951,4915.640495723286,18.0,0.013895964622497559,0.0037675857543945316,0.41632819175720215,0.0,1.0,0.07605401426553726,-0.0372881181538105,-1.3646607398986816,-0.03179303929209709,0.14524471759796143,1.0,0.0038036350160837173,0.3923163414001465,0.39611998200416565,6.256227061385289e-05,0.050958916544914246,0.048843275755643845,39.78437042236328,0.14472657442092896,0.013301536440849304,20.0,0.00039614746,,,,,,,,,,,,,,,,,,,,,,,,,,,,,,,,,,,,,,,,,,,,,
153600,0.3871237337589264,6.843478202819824,0.9700334448160535,0.005339574813842773,0.4128503561019897,5.5354833602905276e-05,1.201629638671875e-05,0.0028305840492248535,0.0030750298500061037,0.009386968612670899,0.010198619365692139,0.004460480213165283,0.42760002613067627,5.890625,-0.29453126,7.2617188,0.34980467,0.953125,0.9989124634107058,0.9999740170600862,6110.890233774514,28.0,0.002528953552246094,-0.0028106212615966793,0.4222142696380615,0.0,1.0,0.1159699559211731,0.0215896088629961,-1.375922679901123,0.03684878349304199,0.05824451893568039,1.0,0.005655103828758001,0.30187368392944336,0.3075287938117981,3.499149170238525e-05,0.028501659631729126,0.04905219003558159,39.95453643798828,0.15097656846046448,0.01958104968070984,30.0,0.0003941198,,,,,,,,,,,,,,,,,,,,,,,,,,,,,,,,,,,,,,,,,,,,,
204800,0.3941816985607147,6.7392683029174805,0.9739796592259939,0.011893248558044434,0.40944995880126955,5.5147409439086916e-05,1.0275840759277344e-05,0.002782386541366577,0.002968505620956421,0.009601163864135741,0.010093324184417725,0.004550074338912964,0.4309671401977539,6.5820312,-0.3291016,7.0117188,0.40722656,0.98046875,0.9988736184007337,0.9999710114011495,6950.0268888797855,38.0,0.0017664432525634766,-0.010126805305480957,0.4181559085845947,0.0,1.0,0.11300628632307053,-0.022075366228818893,-1.3797855377197266,-0.00761006586253643,0.04100542515516281,1.0,0.006347046699374914,0.3524535298347473,0.35880059003829956,6.934136763447896e-05,0.05648070573806763,0.04955717548727989,40.36586380004883,0.14394532144069672,0.01581275463104248,40.0,0.00039209216,,,,,,,,,,,,,,,,,,,,,,,,,,,,,,,,,,,,,,,,,,,,,
256000,0.49290159344673157,5.779544353485107,0.9829905503057254,0.0028157472610473634,0.41952269077301024,5.825281143188477e-05,1.220703125e-05,0.0029601573944091795,0.002950233221054077,0.006984448432922364,0.010073602199554443,0.004909863471984863,0.42934479713439944,3.5078125,-0.17539063,4.5820312,0.6283203,1.0,0.9988546297616563,0.9999773989664387,7571.639993676654,48.0,0.007573342323303223,0.00475759506225586,0.48337364196777344,1.0,0.0,0.02423635870218277,-0.018786054104566574,-1.155088186264038,-0.021189237013459206,0.6714958548545837,1.0,0.006927420385181904,0.685185432434082,0.692112922668457,0.00017708833911456168,0.14424395561218262,0.05094245821237564,41.49421691894531,0.23847655951976776,0.05824705958366394,50.0,0.0003900645,,,,,,,,,,,,,,,,,,,,,,,,,,,,,,,,,,,,,,,,,,,,,
307200,0.6356593370437622,4.523038864135742,0.9946051118775979,0.005045413970947266,0.42708210945129393,6.238579750061036e-05,1.2540817260742188e-05,0.0033201539516448976,0.003008464574813843,0.007570028305053711,0.009881263971328736,0.005058238506317139,0.4397198915481567,3.734375,-0.18671876,4.2773438,0.66308594,1.0,0.9988948883393972,0.9999777153506371,8039.254301169505,58.0,0.010529398918151855,0.00548398494720459,0.41788434982299805,0.0,1.0,0.020627109333872795,-0.010701596736907959,-0.9834408760070801,-0.00979883037507534,0.9777439832687378,1.0,0.007212523370981216,0.7015969753265381,0.708809494972229,0.0005229628877714276,0.42596954107284546,0.051466092467308044,41.92073059082031,0.24531249701976776,-0.019864521920681,60.0,0.00038803686,,,,,,,,,,,,,,,,,,,,,,,,,,,,,,,,,,,,,,,,,,,,,
358400,0.6777421832084656,4.135594367980957,0.9986238160770663,0.0029999732971191405,0.43035316467285156,6.199002265930176e-05,1.1944770812988282e-05,0.003341515064239502,0.0030722153186798096,0.005718326568603516,0.009879034757614136,0.005139646530151368,0.43909311294555664,4.1757812,-0.20878908,4.109375,0.68125,1.0,0.9989191881362768,0.9999779007324794,8408.631005659061,68.0,0.012784409523010253,0.009784436225891112,0.41564440727233887,0.0,1.0,0.01828566938638687,-0.016731396317481995,-0.9192531108856201,-0.014679311774671078,1.081756830215454,1.0,0.007510347291827202,0.6997755765914917,0.7072858810424805,0.0006720839301124215,0.5474333167076111,0.05184914171695709,42.23273468017578,0.23613281548023224,0.0938422754406929,70.0,0.0003860092,,,,,,,,,,,,,,,,,,,,,,,,,,,,,,,,,,,,,,,,,,,,,
409600,0.6791775226593018,4.192763328552246,0.9973684210526316,0.0007247447967529297,0.43021206855773925,6.252408027648926e-05,1.3089179992675781e-05,0.0033092653751373292,0.003053007125854492,0.00602567195892334,0.00985625982284546,0.005205723047256469,0.4369852066040039,5.0195312,-0.2509766,4.03125,0.67929685,1.0,0.9988924542913642,0.9999779578108134,8711.645646703519,78.0,0.015209841728210449,0.014485096931457518,0.4221363067626953,0.0,1.0,0.021022245287895203,-0.007653164677321911,-0.9042155742645264,-0.004630270414054394,1.0958969593048096,1.0,0.009224594570696354,0.6493104100227356,0.6585350036621094,0.00041713856626302004,0.3397723436355591,0.05234752222895622,42.63868713378906,0.23320312798023224,0.14997078478336334,80.0,0.00038398156,,,,,,,,,,,,,,,,,,,,,,,,,,,,,,,,,,,,,,,,,,,,,
460800,0.6695765852928162,4.354445457458496,0.996359017781541,0.0007416248321533203,0.43133769035339353,6.166458129882812e-05,1.3256072998046875e-05,0.0033196985721588137,0.0030186653137207033,0.006049585342407226,0.009963228702545165,0.005173332691192627,0.4381516933441162,4.1367188,-0.20683596,4.3007812,0.6638672,0.9921875,0.9985953160397961,0.9999782341519868,8961.629195650898,88.0,0.014722204208374024,0.013980579376220704,0.442943811416626,1.0,0.0,0.02538789063692093,0.014868493191897869,-0.9321192502975464,0.01779305934906006,0.9946644306182861,1.0,0.008779006078839302,0.569243311882019,0.578022301197052,0.0014891126193106174,1.2129285335540771,0.05280205234885216,43.008914947509766,0.24199219048023224,0.20093068480491638,90.0,0.0003819539,,,,,,,,,,,,,,,,,,,,,,,,,,,,,,,,,,,,,,,,,,,,,
512000,0.679244875907898,4.269735336303711,0.9950287134653296,0.0007019996643066406,0.4289857864379883,6.114006042480469e-05,1.239776611328125e-05,0.0032428395748138428,0.0030144572257995604,0.007016277313232422,0.010025988817214965,0.005075960159301758,0.4367259979248047,9.546875,-0.4773438,6.8164062,0.48144528,0.96484375,0.9986524735663399,0.9999781630972066,9176.996138564116,98.0,0.011606121063232422,0.01090412139892578,0.42513442039489746,0.0,1.0,0.052352238446474075,0.0219558235257864,-1.0703179836273193,0.027633942663669586,0.7405380010604858,1.0,0.011593164876103401,0.22555087506771088,0.25984394550323486,0.0007510245777666569,0.6117329597473145,0.05320903658866882,43.34041976928711,0.12167969346046448,0.48586538434028625,100.0,0.00037992626,,,,,,,,,,,,,,,,,,,,,,,,,,,,,,,,,,,,,,,,,,,,,
563200,0.6880065202713013,4.167220592498779,0.99335232668566,0.0007419347763061524,0.42941985130310056,6.320834159851074e-05,1.2278556823730469e-05,0.0032503414154052735,0.002965584993362427,0.007089376449584961,0.01006592869758606,0.005101162195205689,0.43727288246154783,3.8554688,-0.19277345,4.2421875,0.65898436,0.9921875,0.998846493848763,0.9999784085039088,9357.27396443838,108.0,0.011232972145080566,0.010491037368774414,0.42296576499938965,0.0,1.0,0.01642954908311367,-0.03345583379268646,-0.8715572357177734,-0.03148709982633591,1.1017796993255615,1.0,0.014511855319142342,0.7145879864692688,0.7290998101234436,0.00019620347302407026,0.15981383621692657,0.053628936409950256,43.68244171142578,0.24355469644069672,0.35988742113113403,110.0,0.0003778986,,,,,,,,,,,,,,,,,,,,,,,,,,,,,,,,,,,,,,,,,,,,,
614400,0.7473692893981934,3.5235321521759033,0.9986983626772624,0.0007435798645019532,0.4369426488876343,6.501436233520508e-05,1.4042854309082031e-05,0.003724462985992432,0.0029590511322021484,0.005637073516845703,0.009860957860946656,0.005214083194732666,0.44334709644317627,2.9453125,-0.14726564,3.6914062,0.7490234,0.99609375,0.9989214644881843,0.9999780052244314,9504.260130239081,118.0,0.019661664962768555,0.0189180850982666,0.41776466369628906,0.0,1.0,0.016601989045739174,-0.0061867558397352695,-0.8544508814811707,-0.004035549703985453,1.1008646488189697,1.0,0.01797807775437832,0.6939511299133301,0.711929202079773,0.00033021176932379603,0.26896774768829346,0.054190777242183685,44.14007568359375,0.2923828065395355,0.5910719633102417,120.0,0.00037587096,,,,,,,,,,,,,,,,,,,,,,,,,,,,,,,,,,,,,,,,,,,,,
665600,0.7542538642883301,3.455773115158081,0.9991897366644159,0.000745844841003418,0.4373206853866577,6.634354591369629e-05,1.3375282287597657e-05,0.003911749124526977,0.002881200313568115,0.005559611320495606,0.009615645408630372,0.005365864038467407,0.44364902973175047,3.0234375,-0.15117188,3.265625,0.7605468,1.0,0.9988460715868489,0.9999785575969548,9629.02322796427,128.0,0.0224578857421875,0.02171204090118408,0.4212193489074707,0.0,1.0,0.01815398782491684,-0.04222055524587631,-0.8152822852134705,-0.03821033984422684,1.1803139448165894,1.0,0.021060632541775703,0.7785245776176453,0.799585223197937,0.0005200576269999146,0.4236031174659729,0.05470135807991028,44.55596160888672,0.31035155057907104,0.5309146046638489,130.0,0.0003738433,,,,,,,,,,,,,,,,,,,,,,,,,,,,,,,,,,,,,,,,,,,,,
716800,0.7918787002563477,2.914479970932007,0.9997733068858033,0.0007584571838378906,0.4500749588012695,6.937980651855469e-05,1.3017654418945313e-05,0.004824299812316895,0.002814197540283203,0.006322121620178223,0.00909777045249939,0.005674321651458741,0.45717785358428953,2.140625,-0.10703125,2.9609375,0.7992187,1.0,0.9989433459239756,0.9999796614719806,9722.540597041752,138.0,0.03666682243347168,0.035908365249633784,0.419140100479126,0.0,1.0,0.007991854101419449,-0.02886928804218769,-0.7883539795875549,-0.027538662776350975,1.1329431533813477,1.0,0.023531032726168633,0.8018800020217896,0.8254110813140869,0.00026570999762043357,0.21642905473709106,0.055207759141922,44.96843719482422,0.33515626192092896,0.6049436330795288,140.0,0.00037181567,,,,,,,,,,,,,,,,,,,,,,,,,,,,,,,,,,,,,,,,,,,,,
768000,0.8152486085891724,2.575291633605957,0.9999499223796885,0.000783085823059082,0.4710982322692871,7.274031639099122e-05,1.366138458251953e-05,0.005865224599838257,0.0027480292320251464,0.0054421663284301754,0.008649243116378784,0.006195454597473144,0.477346134185791,1.2578125,-0.06289063,2.3359375,0.836328,1.0,0.998971774899627,0.9999811700990363,9779.856485171722,148.0,0.04518511295318604,0.044402027130126955,0.4168717861175537,0.0,1.0,0.006544564850628376,-0.019260982051491737,-0.7129206657409668,-0.016841210424900055,1.1726499795913696,1.0,0.02432144805788994,0.8053075671195984,0.8296290040016174,0.00023821224749553949,0.19403129816055298,0.05579100549221039,45.443511962890625,0.40410155057907104,0.6903899908065796,150.0,0.000369788,,,,,,,,,,,,,,,,,,,,,,,,,,,,,,,,,,,,,,,,,,,,,
819200,0.8336080312728882,2.3529114723205566,1.0,0.004773640632629394,0.4872926950454712,7.495403289794922e-05,1.4591217041015626e-05,0.006538925170898438,0.0027400803565979003,0.005541396141052246,0.00836979627609253,0.00661047101020813,0.4976322889328003,1.1132812,-0.055664062,2.2304688,0.8416015,1.0,0.9987519654660214,0.9999799733722508,9807.407304566912,158.0,0.05609540939331055,0.051321768760681154,0.43368983268737793,0.0,1.0,0.0050117154605686665,-0.027176976203918457,-0.5368585586547852,-0.021463284268975258,1.2831428050994873,1.0,0.027291126549243927,0.8366010189056396,0.863892138004303,0.00018928764620795846,0.15418069064617157,0.05636303871870041,45.90945053100586,0.4468749761581421,0.6708388924598694,160.0,0.00036776037,,,,,,,,,,,,,,,,,,,,,,,,,,,,,,,,,,,,,,,,,,,,,
870400,0.8465710878372192,2.204479932785034,1.0,0.0008117437362670898,0.5089442014694214,7.788777351379395e-05,1.3589859008789062e-05,0.0076393640041351315,0.0029804456233978273,0.005458450317382813,0.00817506194114685,0.006550595760345459,0.5152372121810913,1.203125,-0.060156252,2.1796875,0.85390615,1.0,0.9990625702832203,0.9999820921338888,9812.543213282994,168.0,0.0648453712463379,0.0640336275100708,0.4181199073791504,0.0,1.0,0.004691154696047306,-0.024040862917900085,-0.6937367916107178,-0.02292078733444214,1.060219168663025,1.0,0.026481369510293007,0.8294553756713867,0.8559367060661316,0.0002678180462680757,0.21814614534378052,0.05674907565116882,46.22389221191406,0.4351562559604645,0.6572714447975159,170.0,0.0003657327,,,,,,,,,,,,,,,,,,,,,,,,,,,,,,,,,,,,,,,,,,,,,
921600,0.8446703553199768,2.2859690189361572,1.0,0.0007852554321289062,0.4957914352416992,7.410168647766113e-05,1.3566017150878906e-05,0.007223551273345947,0.0027620768547058105,0.005538654327392578,0.008406693935394288,0.0062943708896636965,0.5021381616592407,0.984375,-0.04921875,2.078125,0.8570312,1.0,0.9988391440250061,0.9999815774988331,9830.989660367686,178.0,0.05541682243347168,0.05463156700134277,0.4300992488861084,0.0,1.0,0.004619346000254154,-0.025620976462960243,-0.5176544189453125,-0.020164508372545242,1.2597019672393799,1.0,0.029855474829673767,0.8426545858383179,0.8725101351737976,0.0003510139649733901,0.28591179847717285,0.057080499827861786,46.49384689331055,0.462890625,0.6462123394012451,180.0,0.00036370507,,,,,,,,,,,,,,,,,,,,,,,,,,,,,,,,,,,,,,,,,,,,,
972800,0.8608529567718506,2.2076873779296875,1.0,0.0007967472076416016,0.5100173950195312,7.666826248168945e-05,1.3804435729980468e-05,0.007943356037139892,0.002694014310836792,0.005497932434082031,0.008336366415023803,0.006426569223403931,0.5163352966308594,1.3007812,-0.06503907,2.2421875,0.8605468,1.0,0.9990629534473215,0.9999817608171745,9833.271870327157,188.0,0.07342655658721924,0.07262980937957764,0.42523193359375,0.0,1.0,0.00348468916490674,-0.029179425910115242,-0.6145526170730591,-0.026924438774585724,1.1037325859069824,1.0,0.03068343549966812,0.8412555456161499,0.8719390630722046,0.00017689840751700103,0.14408926665782928,0.057436391711235046,46.783729553222656,0.4222656190395355,0.6484875679016113,190.0,0.0003616774,,,,,,,,,,,,,,,,,,,,,,,,,,,,,,,,,,,,,,,,,,,,,
998400,,,,,,,,,,,,,,,,,,,,,,,,,,,,,,,,,,,,,,,,,,,,,0.8976562499999998,1.890625,1.0,0.0,0.0,0.0,0.0,0.0,0.0,0.0,0.0,1.0,0.0,0.0,0.0,0.64453125,1.875,1.0,0.0,0.0,0.0,0.0,0.0,0.0,0.0,0.0,1.0,0.0,0.0,0.0,0.42070312500000007,1.8984375,1.0,0.0,0.0,0.0,0.0,0.0,0.0,0.0,0.0,1.0,0.0,0.0,0.0
1024000,0.8617407083511353,2.2778568267822266,1.0,0.023023056983947753,0.48519191741943357,7.67970085144043e-05,1.2469291687011718e-05,0.007383255958557129,0.00241929292678833,0.012449884414672851,0.007351056337356567,0.007005317211151123,0.5206889629364013,1.1875,-0.059375003,2.3359375,0.8558593,1.0,0.9990157944620711,0.9999776549389591,9552.215942485125,198.0,0.047343897819519046,0.024320840835571293,0.43387937545776367,0.0,1.0,0.0025188508443534374,-0.023695459589362144,-0.5859334468841553,-0.021020840853452682,1.1291286945343018,1.0,0.032536737620830536,0.8440182209014893,0.8765549063682556,0.0001614974462427199,0.13154470920562744,0.0578543022274971,47.12413024902344,0.4205078184604645,0.690092921257019,200.0,0.00035964977,,,,,,,,,,,,,,,,,,,,,,,,,,,,,,,,,,,,,,,,,,,,,
1075200,0.8601197600364685,2.401174306869507,1.0,0.0008171796798706055,0.5154037237167358,7.65395164489746e-05,1.7714500427246093e-05,0.008921215534210205,0.003108030557632446,0.005765724182128906,0.008653761148452758,0.004987248182296753,0.5220144271850586,1.4960938,-0.074804686,2.2851562,0.87207025,1.0,0.9990923136283544,0.9999806804077229,9562.245579037897,208.0,0.05185215473175049,0.051034975051879886,0.4757850170135498,0.0,1.0,0.003407229669392109,-0.03160075843334198,-0.6106717586517334,-0.029631631448864937,1.0876555442810059,1.0,0.033822640776634216,0.8481606245040894,0.8819832801818848,0.00020262271573301405,0.16504250466823578,0.05818912386894226,47.3968505859375,0.421875,0.6058967113494873,210.0,0.0003576221,,,,,,,,,,,,,,,,,,,,,,,,,,,,,,,,,,,,,,,,,,,,,
1126400,0.8636777400970459,2.424802541732788,1.0,0.0008546113967895508,0.5287099361419678,7.524967193603516e-05,1.3589859008789062e-05,0.009998629093170166,0.0027676403522491457,0.005970883369445801,0.008573435544967652,0.004997421503067017,0.5355593204498291,1.15625,-0.057812504,2.1875,0.8847656,1.0,0.9991253940912446,0.9999807683626745,9561.459526452569,218.0,0.06216652393341064,0.06131191253662109,0.4336516857147217,0.0,1.0,0.0019098569173365831,-0.017577897757291794,-0.5505115985870361,-0.01424190029501915,1.1485130786895752,1.0,0.03545296937227249,0.8475714921951294,0.8830244541168213,0.0002695575822144747,0.2195630520582199,0.05851436406373978,47.66176986694336,0.4410156309604645,0.7196130752563477,220.0,0.00035559447,,,,,,,,,,,,,,,,,,,,,,,,,,,,,,,,,,,,,,,,,,,,,
1177600,0.8707247972488403,2.39331316947937,1.0,0.0008449316024780274,0.5220487356185913,7.733225822448731e-05,1.33514404296875e-05,0.008626071214675903,0.002788006067276001,0.005691051483154297,0.008532558679580688,0.006055039167404175,0.5286077976226806,1.2304688,-0.061523438,2.5078125,0.86679685,1.0,0.9991024058801503,0.9999815979293701,9564.458610534663,228.0,0.05792233943939209,0.05707740783691406,0.47652339935302734,0.0,1.0,0.0024615831207484007,-0.025773432105779648,-0.4656539857387543,-0.02032702974975109,1.2464256286621094,1.0,0.03561779856681824,0.8497922420501709,0.885409951210022,0.0006238417699933052,0.5081385374069214,0.05881248041987419,47.90459442138672,0.4144531488418579,0.6560502052307129,230.0,0.0003535668,,,,,,,,,,,,,,,,,,,,,,,,,,,,,,,,,,,,,,,,,,,,,
1228800,0.8743748068809509,2.374715805053711,1.0,0.0007626533508300782,0.5283212900161743,7.701992988586426e-05,1.430511474609375e-05,0.008811328411102295,0.0031747543811798096,0.0103745698928833,0.00843031406402588,0.005899258852005005,0.5394822597503662,1.28125,-0.0640625,2.4335938,0.87441397,1.0,0.9991145970055779,0.9999824991914715,9559.658654449362,238.0,0.06236767768859863,0.06160502433776856,0.43671417236328125,0.0,1.0,0.00249647069722414,-0.02945972979068756,-0.5897213220596313,-0.027540531009435654,1.0898774862289429,1.0,0.037018172442913055,0.8513789772987366,0.8883971571922302,0.000388535438105464,0.31647419929504395,0.059031128883361816,48.08269119262695,0.41718751192092896,0.667578935623169,240.0,0.00035153917,,,,,,,,,,,,,,,,,,,,,,,,,,,,,,,,,,,,,,,,,,,,,
1280000,0.8702468276023865,2.4340929985046387,1.0,0.0007468461990356445,0.5186254501342773,7.787823677062988e-05,1.4162063598632812e-05,0.009016906023025512,0.003390917778015137,0.005539631843566895,0.008542566299438477,0.0048798322677612305,0.5249358177185058,1.0390625,-0.05195313,2.3398438,0.88105464,1.0,0.9991064109292407,0.999981469204998,9565.574063615106,248.0,0.052675509452819826,0.05192866325378418,0.4723622798919678,0.0,1.0,0.0016576466150581837,-0.01755009964108467,-0.5853440761566162,-0.015309782698750496,1.1029103994369507,1.0,0.03773515671491623,0.8448218107223511,0.8825570344924927,0.00016407162183895707,0.13364145159721375,0.059271614998579025,48.2785758972168,0.4326171875,0.7156163454055786,250.0,0.0003495115,,,,,,,,,,,,,,,,,,,,,,,,,,,,,,,,,,,,,,,,,,,,,
1331200,0.8733528256416321,2.3996715545654297,1.0,0.0007634401321411133,0.49627227783203126,7.531046867370605e-05,1.373291015625e-05,0.0076244986057281494,0.0028821587562561034,0.005466866493225098,0.008791674375534058,0.005416427850723267,0.5025260925292969,1.2851562,-0.064257815,2.4492188,0.87167966,1.0,0.9990511726833048,0.9999805479518606,9587.639886293691,258.0,0.044913077354431154,0.04414963722229004,0.4517512321472168,0.0,1.0,0.0019145988626405597,-0.025580083951354027,-0.4920059144496918,-0.02134346216917038,1.1968626976013184,1.0,0.03783705085515976,0.8465455770492554,0.8843826055526733,0.00011784380330936983,0.09598743915557861,0.05945713073015213,48.429683685302734,0.4066406190395355,0.6866286396980286,260.0,0.00034748387,,,,,,,,,,,,,,,,,,,,,,,,,,,,,,,,,,,,,,,,,,,,,
1382400,0.8765819668769836,2.3658199310302734,1.0,0.0008374452590942383,0.49735658168792723,0.00029298305511474607,1.3947486877441406e-05,0.007433844804763794,0.002965857982635498,0.005870366096496582,0.008677042722702026,0.005473457574844361,0.5040889739990234,1.2070312,-0.060351565,2.3710938,0.87949216,1.0,0.9990090431998586,0.9999789055718804,9606.173461402816,268.0,0.06818206310272217,0.06734461784362793,0.439528226852417,0.0,1.0,0.00151360547170043,-0.023450510576367378,-0.4457501173019409,-0.017989065498113632,1.258725881576538,1.0,0.039300717413425446,0.853366494178772,0.8926671743392944,0.00022781659208703786,0.18556371331214905,0.05965346097946167,48.589599609375,0.40898436307907104,0.7162996530532837,270.0,0.0003454562,,,,,,,,,,,,,,,,,,,,,,,,,,,,,,,,,,,,,,,,,,,,,
1433600,0.8781737685203552,2.341299295425415,1.0,0.0008427381515502929,0.530821967124939,9.63890552520752e-05,1.4567375183105469e-05,0.00949844479560852,0.002745263576507568,0.006058883666992187,0.008444393873214722,0.005733641386032104,0.5377490520477295,1.4375,-0.071875006,2.5117188,0.86855465,1.0,0.9991347129149026,0.999979738264487,9601.589239431534,278.0,0.06069076061248779,0.0598480224609375,0.44283318519592285,0.0,1.0,0.0018421986605972052,-0.027977827936410904,-0.5419333577156067,-0.025051917880773544,1.1385327577590942,1.0,0.03960547596216202,0.8426120281219482,0.882217526435852,8.813892782200128e-05,0.07179190218448639,0.05976291000843048,48.678749084472656,0.412109375,0.7119429707527161,280.0,0.00034342858,,,,,,,,,,,,,,,,,,,,,,,,,,,,,,,,,,,,,,,,,,,,,
1484800,0.8753681182861328,2.3935399055480957,1.0,0.0007760763168334961,0.5070862293243408,7.611513137817383e-05,1.399517059326172e-05,0.008593508005142213,0.0028304851055145266,0.00558781623840332,0.008371872901916504,0.005458978414535523,0.5134737014770507,1.4179688,-0.070898436,2.4453125,0.8757812,1.0,0.9990789768532576,0.9999813341426205,9608.667063783185,288.0,0.059308433532714845,0.05853235721588135,0.4767129421234131,0.0,1.0,0.0023311900440603495,-0.029663577675819397,-0.5930447578430176,-0.02781788632273674,1.0821759700775146,1.0,0.040133602917194366,0.839709997177124,0.8798435926437378,0.0002995578688569367,0.24399921298027039,0.05990166962146759,48.79177474975586,0.39238280057907104,0.6633268594741821,290.0,0.0003414009,,,,,,,,,,,,,,,,,,,,,,,,,,,,,,,,,,,,,,,,,,,,,
1536000,0.8782088160514832,2.3448259830474854,1.0,0.0007253646850585938,0.501711106300354,7.698535919189453e-05,1.4066696166992188e-05,0.007803953886032104,0.0026500940322875975,0.005629801750183105,0.008510353565216065,0.0060196113586425785,0.5080901622772217,1.109375,-0.055468753,2.2890625,0.8757812,1.0,0.9990210655758233,0.9999806671213334,9623.132632950856,298.0,0.04589190483093262,0.045166540145874026,0.4230794906616211,0.0,1.0,0.0021469970233738422,-0.02504688687622547,-0.5211708545684814,-0.02168765291571617,1.1583619117736816,1.0,0.04006601870059967,0.8465272188186646,0.8865931630134583,0.00013225607108324766,0.10772669315338135,0.060067303478717804,48.92668914794922,0.44257813692092896,0.6430432796478271,300.0,0.00033937328,,,,,,,,,,,,,,,,,,,,,,,,,,,,,,,,,,,,,,,,,,,,,
1587200,0.8777450919151306,2.349653482437134,1.0,0.0007364749908447266,0.4998356819152832,7.554888725280762e-05,1.3780593872070312e-05,0.00803321123123169,0.0026387548446655273,0.005478382110595703,0.008364094495773315,0.005856331586837769,0.506073784828186,1.0859375,-0.05429688,2.4023438,0.8759765,1.0,0.9990459644692956,0.9999812967636853,9635.353459240026,308.0,0.06465373039245606,0.06391725540161133,0.42530083656311035,0.0,1.0,0.0019739859271794558,-0.024685684591531754,-0.5091201066970825,-0.021134063601493835,1.1701345443725586,1.0,0.040218040347099304,0.8444796800613403,0.8846977353096008,0.00016629839956294745,0.13545522093772888,0.060171451419591904,49.01152038574219,0.4400390684604645,0.6909031271934509,310.0,0.0003373456,,,,,,,,,,,,,,,,,,,,,,,,,,,,,,,,,,,,,,,,,,,,,
1638400,0.8784008026123047,2.3511526584625244,1.0,0.0008658647537231445,0.5128998041152955,8.082151412963867e-05,1.5282630920410155e-05,0.00815300464630127,0.0029308712482452393,0.0060175895690917965,0.008243452310562133,0.006208502054214478,0.5198097467422486,1.109375,-0.055468753,2.3125,0.8804687,1.0,0.9988949719970788,0.9999784427412375,9640.38223688362,318.0,0.06954309940338135,0.0686772346496582,0.4355034828186035,0.0,1.0,0.0015884455060586333,-0.02369586005806923,-0.4803831875324249,-0.019416552037000656,1.204179286956787,1.0,0.04104900732636452,0.8457539081573486,0.8868029713630676,9.805031004361808e-05,0.07986502349376678,0.0602821484208107,49.101688385009766,0.4306640625,0.7130860090255737,320.0,0.00033531798,,,,,,,,,,,,,,,,,,,,,,,,,,,,,,,,,,,,,,,,,,,,,
1689600,0.8734498023986816,2.3977954387664795,1.0,0.0008261203765869141,0.5083532810211182,7.912516593933105e-05,1.4209747314453125e-05,0.007082793712615967,0.0030126476287841795,0.005679726600646973,0.008052890300750732,0.0071615099906921385,0.51488356590271,1.4179688,-0.07089844,2.578125,0.8554687,1.0,0.998870972083984,0.9999801350096977,9647.327292154829,328.0,0.06720390319824218,0.06637778282165527,0.42502331733703613,0.0,1.0,0.001555185066536069,-0.025252558290958405,-0.4474486708641052,-0.019787564873695374,1.2612000703811646,1.0,0.041419729590415955,0.8394384384155273,0.8808581829071045,0.00022165117843542248,0.1805417835712433,0.060455188155174255,49.24263381958008,0.38749998807907104,0.7727783918380737,330.0,0.0003332903,,,,,,,,,,,,,,,,,,,,,,,,,,,,,,,,,,,,,,,,,,,,,
1740800,0.8777965903282166,2.355363607406616,1.0,0.0008400201797485352,0.5039838075637817,8.116602897644043e-05,1.537799835205078e-05,0.007498122453689575,0.002831028699874878,0.010978436470031739,0.008257342576980591,0.006502648591995239,0.5158292770385742,1.2304688,-0.061523438,2.1992188,0.88808584,1.0,0.9988538510071593,0.9999774444236145,9653.81465533763,338.0,0.06805994510650634,0.06721992492675781,0.42168235778808594,0.0,1.0,0.0023386082611978054,-0.025715608149766922,-0.694158673286438,-0.026476114988327026,0.9711408615112305,1.0,0.044110193848609924,0.8400161862373352,0.8841264247894287,0.0001449410046916455,0.11805896461009979,0.06054653972387314,49.31704330444336,0.4302734434604645,0.6281501054763794,340.0,0.00033126265,,,,,,,,,,,,,,,,,,,,,,,,,,,,,,,,,,,,,,,,,,,,,
1792000,0.8746857643127441,2.3946373462677,1.0,0.0008560419082641602,0.5084444761276246,7.811427116394043e-05,1.4710426330566407e-05,0.008119641542434693,0.0027489852905273437,0.005910706520080566,0.008447723388671875,0.005999559164047241,0.5152359724044799,0.98828125,-0.04941407,2.3164062,0.8802734,1.0,0.9988907284527542,0.999980518786114,9660.231879539011,348.0,0.0668548583984375,0.06599881649017333,0.42083191871643066,0.0,1.0,0.0015090142842382193,-0.01700146496295929,-0.6794929504394531,-0.017549533396959305,0.9874851107597351,1.0,0.04351594299077988,0.8466827869415283,0.8901987075805664,0.00010926392860710621,0.08899887651205063,0.06070033460855484,49.44231414794922,0.45683592557907104,0.6938821077346802,350.0,0.00032923502,,,,,,,,,,,,,,,,,,,,,,,,,,,,,,,,,,,,,,,,,,,,,
1843200,0.8718181252479553,2.4351260662078857,1.0,0.000811910629272461,0.4901511907577515,7.68733024597168e-05,1.4638900756835937e-05,0.006540449857711792,0.002871236801147461,0.005559301376342774,0.008472044467926026,0.006520369052886963,0.4965470790863037,1.1367188,-0.056835942,2.4023438,0.8779296,1.0,0.9989151895881548,0.9999797855578999,9674.729286286294,358.0,0.06303915977478028,0.06222724914550782,0.4222736358642578,0.0,1.0,0.0016046528471633792,-0.026479240506887436,-0.4832102656364441,-0.022222382947802544,1.2023930549621582,1.0,0.043921682983636856,0.8458094000816345,0.8897310495376587,7.23950652172789e-05,0.058968037366867065,0.06090383231639862,49.60806655883789,0.4169921875,0.6975365877151489,360.0,0.00032720738,,,,,,,,,,,,,,,,,,,,,,,,,,,,,,,,,,,,,,,,,,,,,
1894400,0.8788316249847412,2.3370771408081055,1.0,0.0008424043655395508,0.4934487581253052,7.560968399047851e-05,1.3852119445800782e-05,0.006599009037017822,0.003017139434814453,0.00563962459564209,0.00857756495475769,0.006378586292266846,0.49995405673980714,1.1796875,-0.058984376,2.28125,0.88593745,1.0,0.9990058338170246,0.9999811632014031,9688.007801772494,368.0,0.056784844398498534,0.055942440032958986,0.4236326217651367,0.0,1.0,0.0022462147753685713,-0.023838751018047333,-0.5590852499008179,-0.02124045044183731,1.114814043045044,1.0,0.0451529398560524,0.8345417976379395,0.8796947598457336,0.00022098352201282978,0.17999795079231262,0.06099133938550949,49.679344177246094,0.4287109375,0.6758495569229126,370.0,0.00032517972,,,,,,,,,,,,,,,,,,,,,,,,,,,,,,,,,,,,,,,,,,,,,
1945600,0.875792920589447,2.3930490016937256,1.0,0.0008082866668701171,0.49301443099975584,7.492542266845703e-05,1.41143798828125e-05,0.006940402984619141,0.0027163684368133544,0.0084763765335083,0.008874431848526002,0.00601533055305481,0.5023232221603393,1.0703125,-0.053515628,2.3125,0.88046867,1.0,0.998812923011333,0.9999800654640667,9698.425956597335,378.0,0.07774896621704101,0.07694067955017089,0.42679834365844727,0.0,1.0,0.0015917813871055841,-0.022272568196058273,-0.4544793665409088,-0.017363937571644783,1.2381908893585205,1.0,0.04307685047388077,0.8426914215087891,0.8857682943344116,0.0001893299340736121,0.15421511232852936,0.061134643852710724,49.79606628417969,0.43808597326278687,0.722160816192627,380.0,0.00032315205,,,,,,,,,,,,,,,,,,,,,,,,,,,,,,,,,,,,,,,,,,,,,
1996800,0.8791115283966064,2.3276920318603516,1.0,0.0007776737213134766,0.49484691619873045,7.68589973449707e-05,1.4209747314453125e-05,0.007070168256759644,0.002676403522491455,0.005398249626159668,0.008354445695877075,0.006539586782455444,0.5010467052459717,1.2070312,-0.060351565,2.375,0.87734365,1.0,0.9989943332293925,0.999980728438382,9710.067143151733,388.0,0.053789925575256345,0.05301225185394287,0.4288959503173828,0.0,1.0,0.0022002472542226315,-0.028745383024215698,-0.5447460412979126,-0.025807995349168777,1.1338069438934326,1.0,0.045378345996141434,0.8366352319717407,0.8820135593414307,0.0001510523579781875,0.12303684651851654,0.061226312071084976,49.8707389831543,0.4105468988418579,0.6550284028053284,390.0,0.00032112442,,,,,,,,,,,,,,,,,,,,,,,,,,,,,,,,,,,,,,,,,,,,,
2001920,,,,,,,,,,,,,,,,,,,,,,,,,,,,,,,,,,,,,,,,,,,,,0.9054687499999999,1.890625,1.0,0.0,0.0,0.0,0.0,0.0,0.0,0.0,0.0,1.0,0.0,0.0,0.0,0.6609375,1.9375,1.0,0.0,0.0,0.0,0.0,0.0,0.0,0.0,0.0,1.0,0.0,0.0,0.0,0.39765625000000004,2.046875,1.0,0.0,0.0,0.0,0.0,0.0,0.0,0.0,0.0,1.0,0.0,0.0,0.0
2048000,0.8774203658103943,2.3679027557373047,1.0,0.0008289575576782227,0.480165433883667,7.664680480957032e-05,1.4162063598632812e-05,0.007336621284484863,0.002564324140548706,0.005591773986816406,0.007878060340881348,0.006083163022994995,0.4866109132766724,1.15625,-0.0578125,2.1015625,0.8949218,1.0,0.9971069929002555,0.9999782458949783,9692.115677249509,398.0,0.08019907474517822,0.07937011718749999,0.4214470386505127,0.0,1.0,0.00180301652289927,-0.025203827768564224,-0.5610408782958984,-0.022993601858615875,1.1131856441497803,1.0,0.04561653733253479,0.8466315865516663,0.8922481536865234,0.00011525365698616952,0.09387768805027008,0.06131478399038315,49.94280242919922,0.43437501788139343,0.6827561855316162,400.0,0.00031909678,,,,,,,,,,,,,,,,,,,,,,,,,,,,,,,,,,,,,,,,,,,,,
2099200,0.8779480457305908,2.348313093185425,1.0,0.0008624315261840821,0.48440873622894287,7.676959037780762e-05,1.4328956604003907e-05,0.006340992450714111,0.0027853453159332273,0.00566258430480957,0.008795250654220581,0.006197153329849243,0.49095826148986815,1.3203125,-0.06601563,2.3867188,0.8748046,1.0,0.9989708909650881,0.9999792640757348,9707.826842958917,408.0,0.06183710098266602,0.06097466945648194,0.43468642234802246,0.0,1.0,0.0016935974126681685,-0.023694336414337158,-0.4616827964782715,-0.01889416202902794,1.2282376289367676,1.0,0.0453713983297348,0.8381397724151611,0.8835111260414124,0.00019424533820711076,0.1582188904285431,0.06140007823705673,50.012271881103516,0.42265623807907104,0.7118676900863647,410.0,0.00031706912,,,,,,,,,,,,,,,,,,,,,,,,,,,,,,,,,,,,,,,,,,,,,
2150400,0.8801445960998535,2.3152995109558105,1.0,0.000841212272644043,0.490332293510437,7.814168930053711e-05,1.4209747314453125e-05,0.00699752926826477,0.002741028070449829,0.005686545372009277,0.008635448217391968,0.006039818525314331,0.4968843698501587,1.21875,-0.0609375,2.3671875,0.8777343,1.0,0.9989946040623209,0.9999796553315675,9720.895809825182,418.0,0.05258431434631348,0.05174310207366944,0.42125844955444336,0.0,1.0,0.0025581130757927895,-0.027713989838957787,-0.6812485456466675,-0.027808884158730507,0.9901193380355835,1.0,0.04782832786440849,0.8350725173950195,0.8829008340835571,0.00017464248230680823,0.14225172996520996,0.061413537710905075,50.02323913574219,0.4244140684604645,0.6224203109741211,420.0,0.00031504146,,,,,,,,,,,,,,,,,,,,,,,,,,,,,,,,,,,,,,,,,,,,,
2201600,0.8757907748222351,2.3877370357513428,1.0,0.0008334159851074219,0.49106707572937014,7.592082023620606e-05,1.4066696166992188e-05,0.006711277961730957,0.002952219247817993,0.005796384811401367,0.008621103763580322,0.006168619394302368,0.49772043228149415,1.03125,-0.051562507,2.2421875,0.88593745,1.0,0.9990138781442557,0.9999809349610086,9732.089706781278,428.0,0.06712219715118409,0.06628878116607667,0.4324069023132324,0.0,1.0,0.001612089341506362,-0.021231498569250107,-0.4908129572868347,-0.017256377264857292,1.1923736333847046,1.0,0.04610428214073181,0.8418775796890259,0.8879818320274353,0.0001060079230228439,0.08634676039218903,0.06168273836374283,50.24251174926758,0.4537109434604645,0.7031802535057068,430.0,0.00031301382,,,,,,,,,,,,,,,,,,,,,,,,,,,,,,,,,,,,,,,,,,,,,
2252800,0.8780569434165955,2.3564820289611816,1.0,0.000759291648864746,0.4917476654052734,7.650256156921387e-05,1.399517059326172e-05,0.0066410195827484135,0.0026416468620300295,0.005687308311462402,0.008749380111694335,0.006450555324554443,0.4982182741165161,1.015625,-0.05078125,2.3203125,0.87812495,1.0,0.9988498642837915,0.9999799012183164,9742.588028912443,438.0,0.05625934600830078,0.05550005435943603,0.43416523933410645,0.0,1.0,0.0016930823912844062,-0.026318777352571487,-0.4833589196205139,-0.022058742120862007,1.2049620151519775,1.0,0.04703494906425476,0.8403047323226929,0.88733971118927,6.9526067818515e-05,0.056631140410900116,0.0617842935025692,50.32522964477539,0.4195312559604645,0.7116848230361938,440.0,0.0003109862,,,,,,,,,,,,,,,,,,,,,,,,,,,,,,,,,,,,,,,,,,,,,
2304000,0.8793958425521851,2.334519624710083,1.0,0.0008274316787719727,0.4845921277999878,7.71796703338623e-05,1.4233589172363282e-05,0.00680850625038147,0.002637448310852051,0.005541467666625976,0.00868541955947876,0.005996602773666382,0.49098520278930663,1.140625,-0.05703125,2.2773438,0.8841797,1.0,0.9989909111649062,0.9999797508057431,9755.843518403837,448.0,0.05254056453704834,0.05171313285827637,0.45390844345092773,0.0,1.0,0.0016879950417205691,-0.021758239716291428,-0.5721393823623657,-0.019615763798356056,1.1039416790008545,1.0,0.048610080033540726,0.836896538734436,0.8855065703392029,0.00011076108057750389,0.09021835029125214,0.06184501200914383,50.37468719482422,0.42500001192092896,0.6939991116523743,450.0,0.00030895852,,,,,,,,,,,,,,,,,,,,,,,,,,,,,,,,,,,,,,,,,,,,,
2355200,0.8777325749397278,2.366779088973999,1.0,0.0008239507675170899,0.4909379243850708,7.596015930175782e-05,1.3518333435058594e-05,0.007181973457336426,0.0030780673027038575,0.0054875373840332035,0.008537503480911255,0.005648766756057739,0.4972728967666626,1.1015625,-0.055078126,2.3710938,0.8755859,1.0,0.9989968156168277,0.9999799588984816,9766.627427235491,458.0,0.04319107532501221,0.04236712455749512,0.42314958572387695,0.0,1.0,0.0013295678654685616,-0.024373672902584076,-0.4709218740463257,-0.020080827176570892,1.2123136520385742,1.0,0.047115202993154526,0.839390754699707,0.8865059614181519,6.682747334707528e-05,0.054433055222034454,0.061935000121593475,50.4479866027832,0.41777345538139343,0.7502740621566772,460.0,0.00030693086,,,,,,,,,,,,,,,,,,,,,,,,,,,,,,,,,,,,,,,,,,,,,
2406400,0.8810479640960693,2.3060176372528076,1.0,0.0007793188095092773,0.4976518154144287,7.562994956970214e-05,1.399517059326172e-05,0.007115910053253174,0.0027125465869903566,0.0055696964263916016,0.008759992122650146,0.006187963485717774,0.5040245056152344,1.2617188,-0.06308594,2.359375,0.8761718,1.0,0.9987722913252173,0.9999807949926964,9773.05295524126,468.0,0.06872847080230712,0.06794915199279784,0.42235541343688965,0.0,1.0,0.002257164567708969,-0.027324136346578598,-0.6603108644485474,-0.02727402374148369,1.0030341148376465,1.0,0.04938187450170517,0.8367136120796204,0.8860955238342285,0.00012246493133716285,0.09975150227546692,0.06199316680431366,50.495365142822266,0.4203125238418579,0.6504530310630798,470.0,0.00030490322,,,,,,,,,,,,,,,,,,,,,,,,,,,,,,,,,,,,,,,,,,,,,
2457600,0.8767951130867004,2.379098892211914,1.0,0.0007804632186889648,0.4917886257171631,7.531046867370605e-05,1.4019012451171874e-05,0.00705898404121399,0.0027196717262268064,0.005520248413085937,0.008696504831314088,0.0060150611400604246,0.49811315536499023,1.1757812,-0.058789063,2.3554688,0.8763671,1.0,0.9990280751884292,0.9999803277558612,9781.95281366777,478.0,0.05275585651397705,0.05197539329528809,0.4300563335418701,0.0,1.0,0.001609143684618175,-0.023228973150253296,-0.44594806432724,-0.01808501034975052,1.2496744394302368,1.0,0.04773085191845894,0.836722195148468,0.8844530582427979,5.3401814511744305e-05,0.043497439473867416,0.06216227263212204,50.63310241699219,0.4185546934604645,0.7120035886764526,480.0,0.0003028756,,,,,,,,,,,,,,,,,,,,,,,,,,,,,,,,,,,,,,,,,,,,,
2508800,0.8791569471359253,2.3285539150238037,1.0,0.0008329391479492187,0.49094481468200685,7.547616958618164e-05,1.4328956604003907e-05,0.0065730071067810055,0.0027584123611450197,0.011910223960876464,0.008743804693222047,0.006371974945068359,0.5037122249603272,1.3476562,-0.06738281,2.5078125,0.8726562,1.0,0.9989992578569695,0.9999803097633944,9788.584358880955,488.0,0.07046339511871338,0.06963045597076417,0.4411277770996094,0.0,1.0,0.0025435511488467455,-0.035458557307720184,-0.5475246906280518,-0.03273717314004898,1.1242895126342773,1.0,0.04898441582918167,0.8334755897521973,0.8824599981307983,7.961494702612981e-05,0.06484885513782501,0.06218011677265167,50.647640228271484,0.4091796875,0.654483437538147,490.0,0.00030084793,,,,,,,,,,,,,,,,,,,,,,,,,,,,,,,,,,,,,,,,,,,,,
2560000,0.8786095976829529,2.3450796604156494,1.0,0.0007787227630615234,0.506165623664856,7.531523704528808e-05,1.373291015625e-05,0.007516920566558838,0.00281559944152832,0.0054500818252563475,0.008387436866760254,0.006488848924636841,0.5124175548553467,0.92578125,-0.046289068,2.390625,0.8765625,1.0,0.9990453659599272,0.9999816678957861,9792.294562342795,498.0,0.0604938268661499,0.059715104103088376,0.4294774532318115,0.0,1.0,0.0019178078509867191,-0.025346385315060616,-0.5342617034912109,-0.022439396008849144,1.13939368724823,1.0,0.04978811740875244,0.8349056243896484,0.8846937417984009,6.305282295215875e-05,0.051358483731746674,0.06233995780348778,50.777835845947266,0.43359375,0.6776646375656128,500.0,0.00029882026,,,,,,,,,,,,,,,,,,,,,,,,,,,,,,,,,,,,,,,,,,,,,
2611200,0.8804138898849487,2.3130061626434326,1.0,0.0008382320404052735,0.5008207321166992,7.849693298339844e-05,1.4829635620117188e-05,0.007103307247161865,0.002945194244384766,0.005558180809020996,0.008309543132781982,0.0065802264213562014,0.5072416067123413,1.203125,-0.06015625,2.2460938,0.8779296,1.0,0.9990308457453757,0.9999810108033957,9797.150345906559,508.0,0.0582277774810791,0.05738954544067383,0.4457743167877197,0.0,1.0,0.0019446701044216752,-0.02870090864598751,-0.5166687965393066,-0.025282779708504677,1.1614574193954468,1.0,0.04934736341238022,0.8370784521102905,0.886425793170929,8.137145778164268e-05,0.0662795826792717,0.062418870627880096,50.84210968017578,0.42949217557907104,0.6906353235244751,510.0,0.00029679263,,,,,,,,,,,,,,,,,,,,,,,,,,,,,,,,,,,,,,,,,,,,,
2662400,0.8801071643829346,2.3265509605407715,1.0,0.0008459329605102539,0.5184255361557006,7.981777191162109e-05,1.5401840209960936e-05,0.008907763957977296,0.002972733974456787,0.005809497833251953,0.008466706275939942,0.005468387603759766,0.5251067638397217,1.1015625,-0.055078126,2.3632812,0.87988275,1.0,0.9990020852779962,0.9999802039303916,9795.169507523557,518.0,0.047372078895568846,0.04652614593505859,0.43447017669677734,0.0,1.0,0.0011134345550090075,-0.02081901952624321,-0.43463248014450073,-0.01548747718334198,1.259384274482727,1.0,0.048821017146110535,0.8394045829772949,0.8882256150245667,0.00010604507406242192,0.08637700974941254,0.06255308538675308,50.95143127441406,0.4361328184604645,0.8022212386131287,520.0,0.00029476496,,,,,,,,,,,,,,,,,,,,,,,,,,,,,,,,,,,,,,,,,,,,,
2713600,0.8802275657653809,2.3241093158721924,1.0,0.0007833719253540039,0.5418425559997558,7.699131965637207e-05,1.304149627685547e-05,0.010418806076049805,0.002958230972290039,0.005609703063964844,0.008425880670547486,0.005035693645477295,0.5482578992843627,1.3007812,-0.06503907,2.4140625,0.8753905,1.0,0.9934842653456375,0.9999831706957195,9785.203801694905,528.0,0.053222370147705075,0.05243899822235107,0.4524664878845215,0.0,1.0,0.0015535475686192513,-0.026702648028731346,-0.5015184879302979,-0.02311110682785511,1.172181248664856,1.0,0.04959139972925186,0.8350390195846558,0.8846303224563599,6.530828250106424e-05,0.05319562926888466,0.06261354684829712,51.00068664550781,0.4085937738418579,0.7229409217834473,530.0,0.00029273733,,,,,,,,,,,,,,,,,,,,,,,,,,,,,,,,,,,,,,,,,,,,,
2764800,0.8778536319732666,2.356006145477295,1.0,0.0007729530334472656,0.5126408815383912,7.871508598327636e-05,1.4138221740722656e-05,0.009074097871780396,0.0026574718952178957,0.0058181524276733395,0.008539351224899292,0.005258288383483887,0.5192562103271484,1.1875,-0.059375,2.1914062,0.8767578,1.0,0.9990590053808261,0.9999805777847325,9785.801142935932,538.0,0.05846235752105713,0.05768940448760986,0.44971203804016113,0.0,1.0,0.002466249978169799,-0.029286719858646393,-0.6607400178909302,-0.029351025819778442,0.9988148808479309,1.0,0.05189889669418335,0.834168553352356,0.8860675096511841,8.013333717826754e-05,0.06527109444141388,0.0626218169927597,51.00741958618164,0.41914063692092896,0.6284872889518738,540.0,0.00029070966,,,,,,,,,,,,,,,,,,,,,,,,,,,,,,,,,,,,,,,,,,,,,
2816000,0.8760276436805725,2.39032244682312,1.0,0.0008465290069580078,0.5021010875701905,7.593870162963867e-05,1.4448165893554688e-05,0.008822429180145263,0.002814948558807373,0.013468384742736816,0.008524569272994996,0.004843795299530029,0.516440463066101,1.0820312,-0.054101564,2.3125,0.8804687,1.0,0.9990689777026641,0.9999806103877632,9787.24127128666,548.0,0.056780648231506345,0.055934119224548336,0.4384481906890869,0.0,1.0,0.001332747982814908,-0.01962185837328434,-0.4638358950614929,-0.015065579675137997,1.221526861190796,1.0,0.05017842352390289,0.8352160453796387,0.8853944540023804,7.4134768510703e-05,0.060385070741176605,0.06278868019580841,51.143333435058594,0.4437500238418579,0.7516228556632996,550.0,0.00028868203,,,,,,,,,,,,,,,,,,,,,,,,,,,,,,,,,,,,,,,,,,,,,
2867200,0.8786366581916809,2.3514022827148438,1.0,0.0008483409881591796,0.5319156885147095,7.81238079071045e-05,1.4448165893554688e-05,0.00948621153831482,0.0028832077980041502,0.005968713760375976,0.0084932279586792,0.005630778074264526,0.538759422302246,1.3046875,-0.06523438,2.3046875,0.8808593,1.0,0.9990887560157007,0.9999772980803646,9781.023818725449,558.0,0.06749501228332519,0.06664667129516601,0.43999385833740234,0.0,1.0,0.0019039493054151535,-0.029011176899075508,-0.5060808658599854,-0.025425713509321213,1.170861005783081,1.0,0.05135195702314377,0.8362253904342651,0.8875772953033447,6.819463305873796e-05,0.05554664880037308,0.06288321316242218,51.2203369140625,0.4164062440395355,0.670146644115448,560.0,0.00028665437,,,,,,,,,,,,,,,,,,,,,,,,,,,,,,,,,,,,,,,,,,,,,
2918400,0.8799170851707458,2.332923650741577,1.0,0.001457357406616211,0.5260939121246337,7.762312889099121e-05,1.354217529296875e-05,0.009532704353332519,0.002627447843551636,0.005866217613220215,0.008577154874801636,0.00546576976776123,0.5334403991699219,1.1015625,-0.055078126,2.484375,0.87382805,1.0,0.9990877811987304,0.9999824350570874,9776.146588378671,568.0,0.06279406547546387,0.06133670806884766,0.4748363494873047,0.0,1.0,0.00173923559486866,-0.02434181049466133,-0.5543123483657837,-0.02217840775847435,1.1099731922149658,1.0,0.05067887902259827,0.8351962566375732,0.8858752250671387,6.588090036530048e-05,0.05366204306483269,0.06292666494846344,51.25572967529297,0.42578125,0.7005383968353271,570.0,0.00028462673,,,,,,,,,,,,,,,,,,,,,,,,,,,,,,,,,,,,,,,,,,,,,
2969600,0.8782384395599365,2.3529465198516846,1.0,0.000765681266784668,0.509332275390625,7.751584053039551e-05,1.4472007751464844e-05,0.009036502838134765,0.0026876139640808106,0.005569934844970703,0.008475492000579834,0.005165791511535645,0.5156920909881592,1.15625,-0.0578125,2.4453125,0.8777343,1.0,0.9990694634597179,0.9999811370424381,9777.8681289521,578.0,0.05651338100433349,0.055747699737548825,0.42708444595336914,0.0,1.0,0.0015772131737321615,-0.026101622730493546,-0.4295138418674469,-0.020366240292787552,1.2711219787597656,1.0,0.05083620920777321,0.8368523716926575,0.8876885771751404,9.564209904056042e-05,0.07790346443653107,0.0630752220749855,51.376731872558594,0.4351562559604645,0.6926678419113159,580.0,0.00028259907,,,,,,,,,,,,,,,,,,,,,,,,,,,,,,,,,,,,,,,,,,,,,
3000320,,,,,,,,,,,,,,,,,,,,,,,,,,,,,,,,,,,,,,,,,,,,,0.898828125,2.0234375,1.0,0.0,0.0,0.0,0.0,0.0,0.0,0.0,0.0,1.0,0.0,0.0,0.0,0.67109375,1.890625,1.0,0.0,0.0,0.0,0.0,0.0,0.0,0.0,0.0,1.0,0.0,0.0,0.0,0.39609375,2.078125,1.0,0.0,0.0,0.0,0.0,0.0,0.0,0.0,0.0,1.0,0.0,0.0,0.0
3020800,0.8788421750068665,2.3514816761016846,1.0,0.0007992982864379883,0.4907755136489868,7.773637771606446e-05,1.4233589172363282e-05,0.007613697052001953,0.0025347137451171876,0.005560684204101563,0.00791537642478943,0.006373077630996704,0.4971614837646484,1.234375,-0.06171875,2.3320312,0.877539,1.0,0.9990148468635583,0.9999763577100529,9762.004402236189,588.0,0.06198108196258545,0.06118178367614746,0.42945265769958496,0.0,1.0,0.002093968912959099,-0.030623286962509155,-0.5448751449584961,-0.028029922395944595,1.1227341890335083,1.0,0.052670951932668686,0.8340274691581726,0.8866984248161316,9.082842734642327e-05,0.07398258149623871,0.06308504939079285,51.38473892211914,0.40898436307907104,0.6668071746826172,590.0,0.00028057143,,,,,,,,,,,,,,,,,,,,,,,,,,,,,,,,,,,,,,,,,,,,,
3072000,0.8794137239456177,2.3337740898132324,1.0,0.0008185863494873047,0.5100440740585327,7.644295692443848e-05,1.4328956604003907e-05,0.008720215559005737,0.0026084864139556884,0.005687189102172851,0.008608006238937378,0.005465285778045654,0.516573691368103,1.25,-0.0625,2.25,0.8835937,1.0,0.9990680508894605,0.9999815846190677,9763.542357439233,598.0,0.05525217056274414,0.054433584213256836,0.43112850189208984,0.0,1.0,0.0018752457108348608,-0.02367459237575531,-0.5120615363121033,-0.020158272236585617,1.168520212173462,1.0,0.05242488533258438,0.8354508280754089,0.8878756761550903,9.513770055491477e-05,0.0774926245212555,0.06319662928581238,51.475616455078125,0.4427734315395355,0.676400899887085,600.0,0.00027854377,,,,,,,,,,,,,,,,,,,,,,,,,,,,,,,,,,,,,,,,,,,,,
3123200,0.8798820376396179,2.3331360816955566,1.0,0.005052590370178222,0.5050537824630738,7.644176483154297e-05,1.3637542724609376e-05,0.007957372665405273,0.0027877771854400634,0.0054923295974731445,0.008787645101547241,0.005619395971298218,0.515622615814209,1.1289062,-0.056445315,2.0351562,0.896289,1.0,0.9990473713704696,0.9999800710045601,9765.297476167669,608.0,0.05200395584106445,0.04695136547088623,0.4346342086791992,0.0,1.0,0.0018968455260619521,-0.028817178681492805,-0.5065933465957642,-0.02524910494685173,1.172550916671753,1.0,0.05284273624420166,0.8345687985420227,0.8874115347862244,3.979211760452017e-05,0.03241191804409027,0.06326625496149063,51.53233337402344,0.4267578125,0.6729871034622192,610.0,0.00027651613,,,,,,,,,,,,,,,,,,,,,,,,,,,,,,,,,,,,,,,,,,,,,
3174400,0.8812656998634338,2.303616523742676,1.0,0.0008194446563720703,0.5072177171707153,7.780790328979493e-05,1.3875961303710938e-05,0.007657738924026489,0.0029009199142456055,0.009614133834838867,0.00860295295715332,0.006097036600112915,0.517675256729126,1.0742188,-0.053710938,2.25,0.88164055,1.0,0.9990367229345256,0.9999805184702864,9767.067997736012,618.0,0.05645437240600586,0.055634927749633786,0.4244389533996582,0.0,1.0,0.0017302867490798235,-0.02650477923452854,-0.5125459432601929,-0.023198816925287247,1.162540078163147,1.0,0.052918218076229095,0.8339680433273315,0.8868862390518188,4.4316595449345186e-05,0.036097247153520584,0.06332413852214813,51.57948303222656,0.4351562559604645,0.7175180315971375,620.0,0.00027448847,,,,,,,,,,,,,,,,,,,,,,,,,,,,,,,,,,,,,,,,,,,,,
3225600,0.8797193169593811,2.3362390995025635,1.0,0.0007966756820678711,0.5010697364807128,7.732510566711426e-05,1.3947486877441406e-05,0.007296882867813111,0.0026421117782592773,0.005704069137573242,0.00843373417854309,0.0065783154964447026,0.5075942277908325,1.125,-0.056250002,2.546875,0.86875,1.0,0.998997449038341,0.9999806952028518,9771.149145867552,628.0,0.048560476303100585,0.04776380062103271,0.4428384304046631,0.0,1.0,0.0019060339545831084,-0.02417704463005066,-0.5451024770736694,-0.0216281209141016,1.1235963106155396,1.0,0.05363880842924118,0.8312729597091675,0.8849117755889893,5.861029785592109e-05,0.0477399080991745,0.06338281184434891,51.62727355957031,0.42753908038139343,0.6899675130844116,630.0,0.0002724608,,,,,,,,,,,,,,,,,,,,,,,,,,,,,,,,,,,,,,,,,,,,,
3276800,0.8796551823616028,2.3388445377349854,1.0,0.0008040904998779297,0.5310508728027343,7.87973403930664e-05,1.4758110046386718e-05,0.009713647365570068,0.0027149152755737305,0.005712652206420898,0.008362247943878173,0.0056587326526641845,0.5375921249389648,1.0898438,-0.05449219,2.4140625,0.8792968,1.0,0.9990884842376867,0.9999818611184337,9766.449899830699,638.0,0.05803534984588623,0.0572312593460083,0.44634175300598145,0.0,1.0,0.001579290023073554,-0.025887537747621536,-0.4729718565940857,-0.021620985120534897,1.2105672359466553,1.0,0.0527622327208519,0.8334934711456299,0.8862557411193848,4.542344686342403e-05,0.03699880838394165,0.063501738011837,51.724143981933594,0.42988282442092896,0.7157843708992004,640.0,0.00027043317,,,,,,,,,,,,,,,,,,,,,,,,,,,,,,,,,,,,,,,,,,,,,
3328000,0.8812801837921143,2.2946605682373047,1.0,0.0007879972457885742,0.5298474311828614,7.860064506530762e-05,1.4185905456542969e-05,0.009551001787185669,0.002508819103240967,0.005793976783752442,0.008660552501678466,0.0056695139408111574,0.5364535808563232,0.98828125,-0.049414065,2.40625,0.8757812,1.0,0.9990984732677413,0.99998137818663,9762.0576376399,648.0,0.06284096240997314,0.06205296516418456,0.4940974712371826,0.0,1.0,0.0016473286086693406,-0.02475810796022415,-0.4918035864830017,-0.020764388144016266,1.1875276565551758,1.0,0.054240405559539795,0.8348217010498047,0.8890621662139893,6.129402754595503e-05,0.04992589354515076,0.06356310844421387,51.774131774902344,0.4388672113418579,0.6951712965965271,650.0,0.00026840554,,,,,,,,,,,,,,,,,,,,,,,,,,,,,,,,,,,,,,,,,,,,,
3379200,0.8798992037773132,2.3318448066711426,1.0,0.0007907390594482422,0.5218652248382568,7.73453712463379e-05,1.4019012451171874e-05,0.009271798133850097,0.0028906714916229247,0.0057126045227050785,0.00873345136642456,0.005095278024673462,0.5283921241760254,1.078125,-0.05390625,2.390625,0.8765625,1.0,0.9990527495253925,0.9999819513904017,9760.744340920817,658.0,0.055264830589294434,0.05447409152984619,0.44273972511291504,0.0,1.0,0.002077077981084585,-0.030145596712827682,-0.5425909757614136,-0.0274723619222641,1.1257908344268799,1.0,0.05428176373243332,0.8312320709228516,0.8855137228965759,0.00010664858564268798,0.08686859160661697,0.06361301243305206,51.814781188964844,0.41582030057907104,0.6690142154693604,660.0,0.00026637787,,,,,,,,,,,,,,,,,,,,,,,,,,,,,,,,,,,,,,,,,,,,,
3430400,0.8791404962539673,2.344344139099121,1.0,0.0008107900619506836,0.5089094638824463,7.692813873291016e-05,1.4543533325195312e-05,0.008805289268493652,0.0029846847057342528,0.005702328681945801,0.008505219221115112,0.0050485551357269285,0.5154476404190064,1.1953125,-0.059765626,2.375,0.8812499,1.0,0.9990254956498437,0.9999796016927542,9761.91132960373,668.0,0.05265862941741943,0.051847839355468744,0.45050573348999023,0.0,1.0,0.0017822098452597857,-0.02458892948925495,-0.47784966230392456,-0.020330365747213364,1.203218936920166,1.0,0.05414353311061859,0.8344299793243408,0.8885735273361206,6.633165321545675e-05,0.0540291927754879,0.06368003785610199,51.86936950683594,0.43476563692092896,0.6884452104568481,670.0,0.0002643502,,,,,,,,,,,,,,,,,,,,,,,,,,,,,,,,,,,,,,,,,,,,,
3481600,0.8794534206390381,2.3370285034179688,1.0,0.0007751941680908203,0.521568775177002,7.522940635681153e-05,1.749992370605469e-05,0.009210002422332764,0.0027828919887542725,0.014310073852539063,0.008408926725387574,0.005577350854873657,0.5366813659667968,1.078125,-0.053906254,2.1953125,0.8882812,1.0,0.999078266863776,0.999981697062574,9757.427852674628,678.0,0.06461372375488281,0.06383852958679198,0.43561697006225586,0.0,1.0,0.001803001738153398,-0.024543222039937973,-0.5627907514572144,-0.022430934011936188,1.105452537536621,1.0,0.05699751526117325,0.8311629891395569,0.8881605267524719,4.362570325611159e-05,0.03553449362516403,0.06377576291561127,51.94734191894531,0.4375,0.6679450273513794,680.0,0.00026232257,,,,,,,,,,,,,,,,,,,,,,,,,,,,,,,,,,,,,,,,,,,,,
3532800,0.8798227906227112,2.329310417175293,1.0,0.0008178949356079102,0.5014416456222535,7.522463798522949e-05,1.4805793762207032e-05,0.00868564248085022,0.002699791193008423,0.005781793594360351,0.008980427980422973,0.004606742858886719,0.5080665349960327,1.2851562,-0.064257815,2.25,0.8796874,1.0,0.999032663913305,0.999979539982792,9761.09383643509,688.0,0.04718136787414551,0.0463634729385376,0.5088417530059814,0.0,1.0,0.001998195191845298,-0.031039446592330933,-0.4876914918422699,-0.02698233351111412,1.1909172534942627,1.0,0.05556870251893997,0.8317606449127197,0.8873293399810791,6.460266013164073e-05,0.05262087658047676,0.06383474171161652,51.99538040161133,0.43339842557907104,0.6755678057670593,690.0,0.00026029494,,,,,,,,,,,,,,,,,,,,,,,,,,,,,,,,,,,,,,,,,,,,,
3584000,0.881201446056366,2.3123080730438232,1.0,0.0007994174957275391,0.5243641376495362,7.812619209289551e-05,1.4066696166992188e-05,0.00911818265914917,0.002692439556121826,0.005749654769897461,0.008419380187988282,0.00588573694229126,0.5309372425079346,1.234375,-0.06171875,2.2851562,0.8818359,1.0,0.9990715862094428,0.9999812296147105,9759.197336421872,698.0,0.05932695865631103,0.05852754116058349,0.4643549919128418,0.0,1.0,0.0019431536784395576,-0.028526080772280693,-0.5083919763565063,-0.025113478302955627,1.1658215522766113,1.0,0.056104935705661774,0.8290814161300659,0.8851863741874695,4.36735172115732e-05,0.03557343780994415,0.06384263932704926,52.00181579589844,0.42363280057907104,0.688965916633606,700.0,0.00025826728,,,,,,,,,,,,,,,,,,,,,,,,,,,,,,,,,,,,,,,,,,,,,
3635200,0.8790399432182312,2.3494794368743896,1.0,0.0007784366607666016,0.5041229248046875,7.663607597351074e-05,1.3828277587890625e-05,0.007907445430755616,0.0026953697204589845,0.005412554740905762,0.008625043630599976,0.005877645015716553,0.5103376150131226,1.1523438,-0.057617188,2.3789062,0.8791015,1.0,0.9990475986887906,0.9999806588248946,9761.149009759016,708.0,0.05392131805419922,0.053142881393432616,0.4222288131713867,0.0,1.0,0.001346169738098979,-0.023159652948379517,-0.45080119371414185,-0.018345927819609642,1.2360831499099731,1.0,0.0556105375289917,0.8313127160072327,0.8869233131408691,4.28589919465594e-05,0.03490998595952988,0.06395817548036575,52.095924377441406,0.42011719942092896,0.7402935028076172,710.0,0.0002562396,,,,,,,,,,,,,,,,,,,,,,,,,,,,,,,,,,,,,,,,,,,,,
3686400,0.8801303505897522,2.3256099224090576,1.0,0.0007094860076904297,0.4997027158737183,7.82632827758789e-05,1.3899803161621093e-05,0.00759177565574646,0.002621786594390869,0.005836868286132812,0.008466041088104248,0.006199929714202881,0.5062726974487305,1.1953125,-0.05976563,2.15625,0.8921875,1.0,0.9989057710675927,0.9999807860900334,9765.185365291181,718.0,0.04285905361175537,0.04214956760406494,0.4292452335357666,0.0,1.0,0.0016538167838007212,-0.023755375295877457,-0.5245755910873413,-0.020771970972418785,1.149857521057129,1.0,0.05725371092557907,0.8283740282058716,0.8856277465820312,4.848604294238612e-05,0.039493393152952194,0.0640057623386383,52.13468933105469,0.4330078363418579,0.710505485534668,720.0,0.00025421198,,,,,,,,,,,,,,,,,,,,,,,,,,,,,,,,,,,,,,,,,,,,,
3737600,0.8791787028312683,2.3489792346954346,1.0,0.0007674932479858398,0.4987925052642822,7.822394371032715e-05,1.4805793762207032e-05,0.008238377571105958,0.002683542966842651,0.010103917121887207,0.008684178590774536,0.005231286287307739,0.5096891164779663,1.2109375,-0.060546875,2.4609375,0.8769531,1.0,0.9990370383187624,0.999979605116702,9767.928197659458,728.0,0.04646964073181152,0.04570214748382568,0.4519624710083008,0.0,1.0,0.0012819746043533087,-0.023599475622177124,-0.45923158526420593,-0.018982576206326485,1.2257792949676514,1.0,0.05668460950255394,0.8299458026885986,0.8866304159164429,4.501625517150387e-05,0.03666714206337929,0.06410880386829376,52.2186164855957,0.4214843809604645,0.7436090707778931,730.0,0.00025218434,,,,,,,,,,,,,,,,,,,,,,,,,,,,,,,,,,,,,,,,,,,,,
3788800,0.880073606967926,2.3293752670288086,1.0,0.0007686853408813476,0.49458420276641846,7.851123809814453e-05,1.52587890625e-05,0.007708685398101807,0.0030216372013092043,0.009448099136352538,0.008683223724365235,0.005213080644607544,0.5048259496688843,1.203125,-0.06015625,2.5820312,0.8591796,1.0,0.9990265790251955,0.9999807782540184,9772.176852676928,738.0,0.05849580764770508,0.05772712230682373,0.4278535842895508,0.0,1.0,0.0018297762144356966,-0.02872149646282196,-0.5623705387115479,-0.026623085141181946,1.1057814359664917,1.0,0.05875220522284508,0.8289575576782227,0.8877097368240356,5.190400406718254e-05,0.04227742552757263,0.06416915357112885,52.26777648925781,0.4115234315395355,0.6906856298446655,740.0,0.00025015668,,,,,,,,,,,,,,,,,,,,,,,,,,,,,,,,,,,,,,,,,,,,,
3840000,0.8793948292732239,2.334639549255371,1.0,0.0007715940475463868,0.4951437473297119,7.590413093566895e-05,1.3399124145507813e-05,0.007252711057662964,0.002702265977859497,0.0053500175476074215,0.00847055196762085,0.006231238842010498,0.501288652420044,1.0625,-0.053125,2.3046875,0.8808594,1.0,0.9990097667383128,0.9999802621284465,9777.144970270163,748.0,0.05901992321014404,0.05824832916259766,0.42720746994018555,0.0,1.0,0.0014390440192073584,-0.021659694612026215,-0.5183733701705933,-0.018548207357525826,1.1531996726989746,1.0,0.05871124938130379,0.828967273235321,0.8876785635948181,3.224688407499343e-05,0.02626609429717064,0.06424880027770996,52.33264923095703,0.44140625,0.7342966794967651,750.0,0.000248129,,,,,,,,,,,,,,,,,,,,,,,,,,,,,,,,,,,,,,,,,,,,,
3891200,0.8785578608512878,2.349391460418701,1.0,0.0007348060607910156,0.4964771270751953,7.54380226135254e-05,1.6355514526367186e-05,0.0069854331016540525,0.0027179217338562014,0.005359196662902832,0.00847681164741516,0.006543757915496826,0.5025970935821533,1.2265625,-0.061328128,2.2148438,0.88339835,1.0,0.9990132905872907,0.9999808827610416,9781.453729152343,758.0,0.07231795787811279,0.07158315181732178,0.4208085536956787,0.0,1.0,0.0024249679408967495,-0.03354785963892937,-0.5231162309646606,-0.0302592683583498,1.1518683433532715,1.0,0.05808405578136444,0.8286030292510986,0.8866870999336243,5.392379898694344e-05,0.04392261430621147,0.0643223375082016,52.392547607421875,0.43515628576278687,0.6367347836494446,760.0,0.00024610138,,,,,,,,,,,,,,,,,,,,,,,,,,,,,,,,,,,,,,,,,,,,,
3942400,0.8790972232818604,2.343515634536743,1.0,0.0007718563079833985,0.48706564903259275,7.57300853729248e-05,1.3971328735351563e-05,0.006570875644683838,0.002938358783721924,0.00847764015197754,0.008614498376846313,0.006129326820373535,0.4963390827178955,1.0390625,-0.051953126,2.1523438,0.8884765,1.0,0.9989942735366474,0.9999799211930847,9787.43307971649,768.0,0.06393635272979736,0.06316449642181396,0.42073869705200195,0.0,1.0,0.0014393419260159135,-0.024113399907946587,-0.4424137473106384,-0.018854625523090363,1.2523233890533447,1.0,0.05698179453611374,0.832183301448822,0.8891651630401611,6.729325104970485e-05,0.05481245368719101,0.06442880630493164,52.479270935058594,0.4345703125,0.7361778020858765,770.0,0.00024407373,,,,,,,,,,,,,,,,,,,,,,,,,,,,,,,,,,,,,,,,,,,,,
3993600,0.8802008032798767,2.3290371894836426,1.0,0.0008105993270874024,0.49498820304870605,7.515907287597656e-05,1.3899803161621093e-05,0.007009463310241699,0.0027321577072143555,0.005599117279052735,0.00848602294921875,0.006422128677368164,0.5014219045639038,1.2695312,-0.06347656,2.21875,0.88710934,1.0,0.9990109487310772,0.9999798869857814,9792.016062038065,778.0,0.06296162605285645,0.06215102672576905,0.4208366870880127,0.0,1.0,0.0018022709991782904,-0.025856133550405502,-0.49600452184677124,-0.022112471982836723,1.1810698509216309,1.0,0.0577920638024807,0.8289073705673218,0.8866994380950928,5.849870649399236e-05,0.047649018466472626,0.06438911706209183,52.44694137573242,0.43476563692092896,0.705424427986145,780.0,0.00024204608,,,,,,,,,,,,,,,,,,,,,,,,,,,,,,,,,,,,,,,,,,,,,
4003840,,,,,,,,,,,,,,,,,,,,,,,,,,,,,,,,,,,,,,,,,,,,,0.8999999999999998,2.0,1.0,0.0,0.0,0.0,0.0,0.0,0.0,0.0,0.0,1.0,0.0,0.0,0.0,0.656640625,1.8671875,1.0,0.0,0.0,0.0,0.0,0.0,0.0,0.0,0.0,1.0,0.0,0.0,0.0,0.40625000000000006,1.875,1.0,0.0,0.0,0.0,0.0,0.0,0.0,0.0,0.0,1.0,0.0,0.0,0.0
4044800,0.8800140023231506,2.3213605880737305,1.0,0.0007399082183837891,0.4906674146652222,7.545232772827149e-05,1.3947486877441406e-05,0.007549247741699219,0.002718886137008667,0.005393195152282715,0.007506836652755738,0.006658254861831665,0.49682416915893557,1.0703125,-0.053515628,2.4960938,0.87324214,1.0,0.9989934928833863,0.9999804686712689,9780.384756258714,788.0,0.07308835983276367,0.07234845161437987,0.4181990623474121,0.0,1.0,0.001625447766855359,-0.026052409783005714,-0.47321873903274536,-0.021689753979444504,1.2103018760681152,1.0,0.058472055941820145,0.8282159566879272,0.8866879940032959,3.300085154478438e-05,0.02688021957874298,0.06449548900127411,52.53358459472656,0.4271484315395355,0.7110495567321777,790.0,0.00024001843,,,,,,,,,,,,,,,,,,,,,,,,,,,,,,,,,,,,,,,,,,,,,
4096000,0.8803908824920654,2.32627272605896,1.0,0.0008340120315551758,0.4814078092575073,7.599115371704102e-05,1.430511474609375e-05,0.006061369180679321,0.0029315900802612304,0.011847519874572754,0.008703217506408692,0.006268397569656372,0.4941134452819824,1.15625,-0.057812504,2.390625,0.8765625,1.0,0.9987609269488706,0.9999801685145494,9786.385794845535,798.0,0.058920669555664065,0.05808665752410889,0.42316579818725586,0.0,1.0,0.002392968162894249,-0.03335678204894066,-0.6121624708175659,-0.03229312598705292,1.0496811866760254,1.0,0.06100385636091232,0.8266497850418091,0.887653648853302,6.59448342048563e-05,0.05371412634849548,0.06446222960948944,52.506492614746094,0.416015625,0.6437147259712219,800.0,0.00023799078,,,,,,,,,,,,,,,,,,,,,,,,,,,,,,,,,,,,,,,,,,,,,
4147200,0.8798017501831055,2.3236708641052246,1.0,0.0008065462112426758,0.4963897705078125,7.556438446044922e-05,1.3804435729980468e-05,0.0072561132907867434,0.0027149927616119383,0.005602002143859863,0.008541532754898072,0.006207209825515747,0.5028218030929565,1.0664062,-0.05332031,2.328125,0.8777343,1.0,0.999029975654291,0.9999807490561229,9790.157285466974,808.0,0.06492395401000976,0.06411740779876708,0.4212179183959961,0.0,1.0,0.002161246258765459,-0.03145558759570122,-0.4725141227245331,-0.027042333036661148,1.2105765342712402,1.0,0.058424144983291626,0.8309223651885986,0.8893464803695679,6.410593050532043e-05,0.05221627652645111,0.06462249904870987,52.63703918457031,0.43730470538139343,0.6432888507843018,810.0,0.00023596313,,,,,,,,,,,,,,,,,,,,,,,,,,,,,,,,,,,,,,,,,,,,,
4198400,0.880725085735321,2.316197156906128,1.0,0.0008458375930786132,0.4947904825210571,7.533788681030274e-05,1.3637542724609376e-05,0.007489477396011353,0.002788825035095215,0.005474662780761719,0.008593517541885375,0.005768136978149414,0.501134204864502,1.3125,-0.065625004,2.4882812,0.87167966,1.0,0.9990206243265738,0.999980874530641,9794.982419737464,818.0,0.06354701519012451,0.0627011775970459,0.42443203926086426,0.0,1.0,0.0020674867555499077,-0.03623458743095398,-0.5573329925537109,-0.0340203195810318,1.1060439348220825,1.0,0.06066980957984924,0.8298021554946899,0.8904719352722168,7.22221884643659e-05,0.0588272288441658,0.06465829908847809,52.66619873046875,0.3968749940395355,0.676909327507019,820.0,0.00023393548,,,,,,,,,,,,,,,,,,,,,,,,,,,,,,,,,,,,,,,,,,,,,
4249600,0.8792133331298828,2.3364763259887695,1.0,0.0007811546325683594,0.5012093305587768,7.576584815979005e-05,1.3494491577148438e-05,0.007695096731185913,0.0026648759841918944,0.005557608604431152,0.008635756969451904,0.005964655876159668,0.5075710773468017,0.94140625,-0.047070317,2.171875,0.8914062,1.0,0.9990297419737751,0.9999813049642272,9797.870657220277,828.0,0.06384813785552979,0.06306698322296142,0.4264712333679199,0.0,1.0,0.0013815457932651043,-0.020773164927959442,-0.4750731289386749,-0.01644512265920639,1.2089674472808838,1.0,0.05959057807922363,0.829400897026062,0.8889914751052856,6.592340650968254e-05,0.05369666963815689,0.0647815465927124,52.76658630371094,0.4449218511581421,0.7375257015228271,830.0,0.00023190783,,,,,,,,,,,,,,,,,,,,,,,,,,,,,,,,,,,,,,,,,,,,,
4300800,0.8806109428405762,2.329460620880127,1.0,0.0007845640182495117,0.49199414253234863,7.580161094665527e-05,1.3637542724609376e-05,0.006523816585540771,0.002755106687545776,0.005412173271179199,0.00873505711555481,0.006485440731048584,0.498214054107666,1.2265625,-0.061328128,2.2773438,0.8841796,1.0,0.9990046875007572,0.999980858141023,9802.654495363991,838.0,0.056534194946289064,0.05574963092803955,0.4213099479675293,0.0,1.0,0.0017944411374628544,-0.02638443559408188,-0.5494632720947266,-0.024008173495531082,1.1178736686706543,1.0,0.06100579351186752,0.8253519535064697,0.8863577842712402,6.416732503566891e-05,0.052266284823417664,0.06476858258247375,52.75602722167969,0.4339843988418579,0.7093157768249512,840.0,0.00022988018,,,,,,,,,,,,,,,,,,,,,,,,,,,,,,,,,,,,,,,,,,,,,
4352000,0.8802945017814636,2.32647967338562,1.0,0.0008822202682495118,0.4953848600387573,7.585525512695313e-05,1.3613700866699219e-05,0.0070678675174713134,0.002842286825180054,0.0089324951171875,0.008583710193634034,0.0061751604080200195,0.5052230834960938,1.0039062,-0.050195314,2.3320312,0.8833984,1.0,0.9990164090802619,0.9999804158373679,9805.797388205394,848.0,0.06471149921417237,0.06382927894592286,0.45775294303894043,0.0,1.0,0.001654057763516903,-0.023093650117516518,-0.558038592338562,-0.021020127460360527,1.1071946620941162,1.0,0.06067987531423569,0.8257448077201843,0.886424720287323,5.277932359604165e-05,0.04299040511250496,0.06482304632663727,52.800392150878906,0.4371093809604645,0.693534255027771,850.0,0.00022785254,,,,,,,,,,,,,,,,,,,,,,,,,,,,,,,,,,,,,,,,,,,,,
4403200,0.8795090317726135,2.333242177963257,1.0,0.0007910251617431641,0.4940534830093384,7.520675659179687e-05,1.4376640319824218e-05,0.006872583627700806,0.002678812742233276,0.005524945259094238,0.008846770524978637,0.006205193996429444,0.5003939390182495,1.046875,-0.052343752,2.28125,0.87812495,1.0,0.9990241338898727,0.9999797980211876,9810.385054428642,858.0,0.04622869491577149,0.045437669754028326,0.42090725898742676,0.0,1.0,0.0019151053857058287,-0.03333980590105057,-0.48650509119033813,-0.02932271733880043,1.1928232908248901,1.0,0.0604277104139328,0.8294684886932373,0.8898961544036865,5.674378189723939e-05,0.04621957987546921,0.06489545106887817,52.85936737060547,0.42441409826278687,0.6812353134155273,860.0,0.00022582489,,,,,,,,,,,,,,,,,,,,,,,,,,,,,,,,,,,,,,,,,,,,,
4454400,0.8816798329353333,2.2998740673065186,1.0,0.000766134262084961,0.5038410425186157,7.592558860778808e-05,1.41143798828125e-05,0.007096318006515503,0.0027517950534820556,0.005495882034301758,0.00863567590713501,0.006608517169952393,0.5101276159286499,1.1914062,-0.059570312,2.2773438,0.8822265,1.0,0.999054447802864,0.9999795291738016,9812.360265518932,868.0,0.0562840461730957,0.05551791191101074,0.4214298725128174,0.0,1.0,0.001850344706326723,-0.028089765459299088,-0.5058792233467102,-0.024581465870141983,1.1675972938537598,1.0,0.061708059161901474,0.8282663226127625,0.8899744153022766,4.276102117728442e-05,0.034830182790756226,0.06499738991260529,52.9423942565918,0.43964844942092896,0.6795507669448853,870.0,0.00022379724,,,,,,,,,,,,,,,,,,,,,,,,,,,,,,,,,,,,,,,,,,,,,
4505600,0.8806135058403015,2.32951283454895,1.0,0.0007830142974853515,0.4881659269332886,7.504820823669433e-05,1.4019012451171874e-05,0.006990121603012085,0.002691868543624878,0.005663442611694336,0.008716493844985962,0.00591049313545227,0.4946362257003784,1.1171875,-0.05585938,2.46875,0.87460935,1.0,0.9990056245217681,0.9999801412736298,9817.443717989521,878.0,0.04538884162902832,0.04460582733154297,0.42081260681152344,0.0,1.0,0.0017659991281107068,-0.02959391102194786,-0.5194971561431885,-0.026576733216643333,1.1517033576965332,1.0,0.061524029821157455,0.8279604315757751,0.8894844651222229,3.727562216226943e-05,0.03036215528845787,0.06503541022539139,52.97336196899414,0.4292968809604645,0.689617395401001,880.0,0.00022176959,,,,,,,,,,,,,,,,,,,,,,,,,,,,,,,,,,,,,,,,,,,,,
4556800,0.8807746171951294,2.320181131362915,1.0,0.0008119583129882812,0.4883063077926636,7.539033889770507e-05,1.3852119445800782e-05,0.006888591051101685,0.0027874255180358886,0.00813746452331543,0.008704746961593629,0.005934844017028809,0.4972790956497192,1.046875,-0.052343752,2.3007812,0.88300776,1.0,0.9990040061908932,0.9999808700961103,9821.979753391743,888.0,0.049643087387084964,0.04883112907409668,0.4703397750854492,0.0,1.0,0.0015144601929932833,-0.02501077763736248,-0.44704771041870117,-0.02011103555560112,1.2388014793395996,1.0,0.06070016697049141,0.8284813165664673,0.8891814947128296,5.1043542043771595e-05,0.041576553136110306,0.06517130136489868,53.08405303955078,0.4378906488418579,0.7101226449012756,890.0,0.00021974194,,,,,,,,,,,,,,,,,,,,,,,,,,,,,,,,,,,,,,,,,,,,,
4608000,0.8815423250198364,2.2998831272125244,1.0,0.0008135557174682618,0.4952800989151001,7.489919662475585e-05,1.3613700866699219e-05,0.0065731251239776614,0.002767130136489868,0.005503368377685547,0.00863698959350586,0.006686873435974121,0.5016202688217163,1.3164062,-0.065820314,2.2578125,0.8832031,1.0,0.9989909766518996,0.9999807980036007,9825.941223286049,898.0,0.0565840482711792,0.05577049255371094,0.4196181297302246,0.0,1.0,0.0016958103515207767,-0.025063809007406235,-0.5272791385650635,-0.022127825766801834,1.1442430019378662,1.0,0.06305886059999466,0.8249087333679199,0.887967586517334,4.547896242002025e-05,0.03704402968287468,0.06517520546913147,53.08723068237305,0.43339845538139343,0.6905688047409058,900.0,0.00021771429,,,,,,,,,,,,,,,,,,,,,,,,,,,,,,,,,,,,,,,,,,,,,
4659200,0.8810750842094421,2.306948184967041,1.0,0.0007814645767211914,0.4939687967300415,7.680296897888183e-05,1.366138458251953e-05,0.0069868767261505125,0.0027846968173980712,0.005513715744018555,0.008513413667678833,0.006312594413757324,0.500287127494812,1.0625,-0.053125,2.234375,0.88632804,1.0,0.9990260420213709,0.9999810327731282,9829.02385201323,908.0,0.07277519702911377,0.07199373245239257,0.43853211402893066,0.0,1.0,0.0016859087627381086,-0.023480186238884926,-0.5548579096794128,-0.02125442586839199,1.1126880645751953,1.0,0.06308520585298538,0.8227521181106567,0.8858373165130615,5.37829109816812e-05,0.04380785673856735,0.06518599390983582,53.09602355957031,0.42832034826278687,0.7060960531234741,910.0,0.00021568664,,,,,,,,,,,,,,,,,,,,,,,,,,,,,,,,,,,,,,,,,,,,,
4710400,0.8792384266853333,2.3419582843780518,1.0,0.0007852554321289062,0.4905982971191406,7.529616355895996e-05,1.3566017150878906e-05,0.006487528085708618,0.002795034646987915,0.005423521995544434,0.008422877788543701,0.006725268363952637,0.49683127403259275,1.3007812,-0.06503907,2.390625,0.87851554,1.0,0.999025279649538,0.9999785974249535,9833.230647998116,918.0,0.0432243824005127,0.04243912696838379,0.41962623596191406,0.0,1.0,0.0019942200742661953,-0.03159515932202339,-0.4980514943599701,-0.02790236473083496,1.1779205799102783,1.0,0.06270993500947952,0.8252780437469482,0.8879879713058472,3.0181023248587735e-05,0.02458338253200054,0.0652863085269928,53.17772674560547,0.4232422113418579,0.6546952724456787,920.0,0.00021365899,,,,,,,,,,,,,,,,,,,,,,,,,,,,,,,,,,,,,,,,,,,,,
4761600,0.8796812891960144,2.342827081680298,1.0,0.0007546663284301758,0.49371464252471925,7.538914680480957e-05,1.5115737915039062e-05,0.007077617645263672,0.002619028091430664,0.009773063659667968,0.008557080030441285,0.006332254409790039,0.5042670965194702,1.1171875,-0.05585938,2.1367188,0.893164,1.0,0.999013081630275,0.9999809460724205,9835.943422595192,928.0,0.06611900329589844,0.06536433696746827,0.42056918144226074,0.0,1.0,0.0017001857049763203,-0.02519160881638527,-0.5307003259658813,-0.02225862815976143,1.1437819004058838,1.0,0.06398381292819977,0.8243691921234131,0.8883529901504517,5.194171899347566e-05,0.04230814427137375,0.06535179913043976,53.2310791015625,0.4302734434604645,0.7077611684799194,930.0,0.00021163134,,,,,,,,,,,,,,,,,,,,,,,,,,,,,,,,,,,,,,,,,,,,,
4812800,0.8793922066688538,2.331070899963379,1.0,0.0007412433624267578,0.4927838802337646,7.551670074462891e-05,1.3852119445800782e-05,0.006517258882522583,0.0028480744361877443,0.005427265167236328,0.008758039474487304,0.006415518522262573,0.4989752769470215,1.21875,-0.0609375,2.2148438,0.8892578,1.0,0.9989940419531727,0.9999818907577882,9839.752931152329,938.0,0.0685622215270996,0.06782097816467285,0.4229767322540283,0.0,1.0,0.0012505240738391876,-0.020360710099339485,-0.4552064538002014,-0.0157223641872406,1.2303428649902344,1.0,0.06260006129741669,0.8236300945281982,0.8862301111221313,3.245571497245692e-05,0.02643618732690811,0.06545468419790268,53.31488037109375,0.44218751788139343,0.7607409954071045,940.0,0.00020960369,,,,,,,,,,,,,,,,,,,,,,,,,,,,,,,,,,,,,,,,,,,,,
4864000,0.8806171417236328,2.3188281059265137,1.0,0.0007688522338867188,0.4934998035430908,7.493734359741211e-05,1.3804435729980468e-05,0.0065761697292327885,0.0027901649475097655,0.005409073829650879,0.008695834875106811,0.0065087246894836425,0.49970102310180664,1.1835938,-0.059179693,2.296875,0.88124996,1.0,0.9988182936643631,0.9999810105262756,9843.36476809663,948.0,0.053562378883361815,0.0527935266494751,0.41950058937072754,0.0,1.0,0.0020079738460481167,-0.02478661760687828,-0.5908164978027344,-0.02338002808392048,1.0716235637664795,1.0,0.06527602672576904,0.8187663555145264,0.8840423822402954,6.0357906477293e-05,0.049163393676280975,0.0654502883553505,53.31129455566406,0.43437498807907104,0.6782890558242798,950.0,0.00020757604,,,,,,,,,,,,,,,,,,,,,,,,,,,,,,,,,,,,,,,,,,,,,
4915200,0.8768444657325745,2.379838228225708,1.0,0.000736069679260254,0.48923640251159667,7.396459579467774e-05,1.3494491577148438e-05,0.006828451156616211,0.002773597240447998,0.005758547782897949,0.008595452308654786,0.0061662054061889645,0.4957540988922119,1.3515625,-0.06757813,2.53125,0.86953115,1.0,0.9990127710140447,0.9999806669740072,9847.628028805355,958.0,0.04590475559234619,0.04516868591308594,0.4259319305419922,0.0,1.0,0.0015272953314706683,-0.028003055602312088,-0.45181146264076233,-0.023053310811519623,1.2367284297943115,1.0,0.06397955119609833,0.8217412233352661,0.8857208490371704,5.276768933981657e-05,0.042980924248695374,0.06560641527175903,53.43846893310547,0.40507811307907104,0.7242834568023682,960.0,0.0002055484,,,,,,,,,,,,,,,,,,,,,,,,,,,,,,,,,,,,,,,,,,,,,
4966400,0.880954921245575,2.3193483352661133,1.0,0.0008107423782348633,0.4922862768173218,7.570028305053711e-05,1.3971328735351563e-05,0.007229148149490356,0.0027639079093933106,0.005606555938720703,0.008412995338439942,0.00610749363899231,0.4987271785736084,1.171875,-0.058593754,2.3085938,0.880664,1.0,0.9989815470111536,0.9999806866138251,9851.238581942349,968.0,0.04587376117706299,0.045063018798828125,0.4382905960083008,0.0,1.0,0.0018990139942616224,-0.026509098708629608,-0.5734657049179077,-0.024663733318448067,1.0902671813964844,1.0,0.06682074069976807,0.8228462934494019,0.8896670341491699,6.0288261011010036e-05,0.049106664955616,0.06563497334718704,53.461727142333984,0.43183594942092896,0.6739035844802856,970.0,0.00020352074,,,,,,,,,,,,,,,,,,,,,,,,,,,,,,,,,,,,,,,,,,,,,
5007360,,,,,,,,,,,,,,,,,,,,,,,,,,,,,,,,,,,,,,,,,,,,,0.9011718749999998,1.9765625,1.0,0.0,0.0,0.0,0.0,0.0,0.0,0.0,0.0,1.0,0.0,0.0,0.0,0.66875,2.015625,1.0,0.0,0.0,0.0,0.0,0.0,0.0,0.0,0.0,1.0,0.0,0.0,0.0,0.40234375,1.953125,1.0,0.0,0.0,0.0,0.0,0.0,0.0,0.0,0.0,1.0,0.0,0.0,0.0
5017600,0.8800557851791382,2.32887864112854,1.0,0.0007616519927978515,0.4843301296234131,7.590889930725097e-05,1.4066696166992188e-05,0.007045975923538208,0.002534165382385254,0.005514168739318847,0.007720805406570434,0.00681389570236206,0.49062979221343994,1.0429688,-0.05214844,2.2421875,0.8839843,1.0,0.9989364623246763,0.9999800762980595,9842.191276857277,978.0,0.06320755481719971,0.06244590282440186,0.4209861755371094,0.0,1.0,0.001724821631796658,-0.0273984856903553,-0.4579903483390808,-0.02263297699391842,1.2277113199234009,1.0,0.06336704641580582,0.8225196003913879,0.8858866691589355,3.209206624887884e-05,0.026139987632632256,0.06571546196937561,53.52729034423828,0.42890626192092896,0.7092410326004028,980.0,0.0002014931,,,,,,,,,,,,,,,,,,,,,,,,,,,,,,,,,,,,,,,,,,,,,
5068800,0.8811832070350647,2.312126874923706,1.0,0.0008131980895996094,0.4918254613876343,7.561564445495605e-05,1.4209747314453125e-05,0.006582523584365845,0.0027239823341369627,0.005478358268737793,0.008575339317321778,0.006609882116317749,0.49814138412475584,1.296875,-0.06484375,2.2929688,0.8814452,1.0,0.999026887598828,0.9999796109462225,9845.880371123667,988.0,0.06635918617248535,0.06554598808288574,0.4217245578765869,0.0,1.0,0.0017609447240829468,-0.02729981020092964,-0.4958326816558838,-0.023634139448404312,1.1789402961730957,1.0,0.06529022753238678,0.8217591047286987,0.8870493173599243,4.428265674505383e-05,0.0360696017742157,0.0657212883234024,53.53203201293945,0.43378907442092896,0.7021139860153198,990.0,0.00019946544,,,,,,,,,,,,,,,,,,,,,,,,,,,,,,,,,,,,,,,,,,,,,
5120000,0.8810951709747314,2.3069686889648438,1.0,0.00076141357421875,0.4921587944030762,7.53927230834961e-05,1.3589859008789062e-05,0.007214028835296631,0.0027022385597229004,0.005722141265869141,0.008530738353729249,0.006061396598815918,0.49866552352905275,1.1132812,-0.055664062,2.34375,0.8789062,1.0,0.9990188268591279,0.9999807798485605,9849.475450369078,998.0,0.05050837993621826,0.04974696636199951,0.4212665557861328,0.0,1.0,0.0019229513127356768,-0.028500527143478394,-0.5130968689918518,-0.025217419490218163,1.1590826511383057,1.0,0.06593804061412811,0.8250141739845276,0.8909522294998169,4.570437886286527e-05,0.03722763806581497,0.06578783690929413,53.586238861083984,0.43437498807907104,0.6583297848701477,1000.0,0.0001974378,,,,,,,,,,,,,,,,,,,,,,,,,,,,,,,,,,,,,,,,,,,,,
5171200,0.8815137147903442,2.3049230575561523,1.0,0.004628038406372071,0.49755795001983644,7.612824440002442e-05,1.3852119445800782e-05,0.006883738040924073,0.002753334045410156,0.0055633544921875,0.008440746068954468,0.006699602603912353,0.5077733755111694,1.0351562,-0.051757816,2.25,0.8835937,1.0,0.9990212799377529,0.9999799507539808,9851.26263756332,1008.0,0.061174750328063965,0.056546711921691896,0.43640851974487305,0.0,1.0,0.0016083470545709133,-0.02399451658129692,-0.5013662576675415,-0.02049497328698635,1.1733595132827759,1.0,0.06580302119255066,0.8235107660293579,0.889313817024231,3.983858914580196e-05,0.03244977071881294,0.06583204120397568,53.622249603271484,0.4498046934604645,0.7175995111465454,1010.0,0.00019541015,,,,,,,,,,,,,,,,,,,,,,,,,,,,,,,,,,,,,,,,,,,,,
5222400,0.8801813721656799,2.3272719383239746,1.0,0.000846409797668457,0.5019862651824951,7.552623748779296e-05,1.373291015625e-05,0.007605950832366943,0.0028977894783020017,0.005629324913024902,0.008426015377044677,0.006069353818893433,0.5084849834442139,1.0625,-0.053125,2.40625,0.87773436,1.0,0.9990168051701201,0.9999818074453124,9853.21352544746,1018.0,0.060425829887390134,0.059579420089721676,0.42389941215515137,0.0,1.0,0.001806976506486535,-0.02850411832332611,-0.4648696184158325,-0.02399013377726078,1.2188739776611328,1.0,0.06543420255184174,0.8208246827125549,0.8862589597702026,4.001334309577942e-05,0.03259211406111717,0.06591158360242844,53.68703842163086,0.42070311307907104,0.6932042241096497,1020.0,0.0001933825,,,,,,,,,,,,,,,,,,,,,,,,,,,,,,,,,,,,,,,,,,,,,
5273600,0.8806570172309875,2.325972318649292,1.0,0.0007689237594604492,0.49980831146240234,7.613182067871094e-05,1.3875961303710938e-05,0.007032055854797364,0.0029351294040679933,0.005572390556335449,0.008570131063461304,0.006352581977844238,0.5061733722686768,1.1015625,-0.055078126,2.453125,0.87343746,1.0,0.999024207812825,0.999980499706789,9855.25349724649,1028.0,0.06601579189300537,0.06524686813354492,0.4197993278503418,0.0,1.0,0.0016836015274748206,-0.027350110933184624,-0.474544882774353,-0.023122094571590424,1.2062206268310547,1.0,0.06593756377696991,0.8223292827606201,0.8882668018341064,3.465641202637926e-05,0.028228722512722015,0.06594736874103546,53.7161865234375,0.4271484613418579,0.6959933042526245,1030.0,0.00019135483,,,,,,,,,,,,,,,,,,,,,,,,,,,,,,,,,,,,,,,,,,,,,
5324800,0.8804913759231567,2.3203518390655518,1.0,0.0008001565933227539,0.491195821762085,7.539391517639161e-05,1.3804435729980468e-05,0.007196440696716309,0.0029959547519683837,0.005599761009216308,0.008745994567871094,0.00552157998085022,0.4976189613342285,1.1796875,-0.058984376,2.2695312,0.88457024,1.0,0.9990053997025373,0.9999810748090281,9858.806595758519,1038.0,0.06023626327514649,0.05943610668182373,0.4212183952331543,0.0,1.0,0.001684120623394847,-0.025451621040701866,-0.5321128368377686,-0.022709667682647705,1.138916015625,1.0,0.06753134727478027,0.8189492225646973,0.8864805698394775,3.425913382670842e-05,0.02790512889623642,0.066012442111969,53.769187927246094,0.4228515625,0.7019322514533997,1040.0,0.00018932718,,,,,,,,,,,,,,,,,,,,,,,,,,,,,,,,,,,,,,,,,,,,,
5376000,0.8798046112060547,2.3377156257629395,1.0,0.0008036136627197265,0.4933337926864624,7.575273513793946e-05,1.354217529296875e-05,0.006678876876831055,0.0027223217487335207,0.00556948184967041,0.008603063821792602,0.006562224626541138,0.49972991943359374,1.140625,-0.05703125,2.4765625,0.8742187,1.0,0.9990087917896837,0.999981011624321,9861.838479632164,1048.0,0.06622211933135987,0.06541850566864015,0.4600234031677246,0.0,1.0,0.0015045420732349157,-0.024466602131724358,-0.4667663276195526,-0.02015162631869316,1.2095835208892822,1.0,0.06609275937080383,0.8203965425491333,0.8864892721176147,3.260634548496455e-05,0.02655888721346855,0.06608127057552338,53.82524871826172,0.43085938692092896,0.729465663433075,1050.0,0.00018729953,,,,,,,,,,,,,,,,,,,,,,,,,,,,,,,,,,,,,,,,,,,,,
5427200,0.8811169862747192,2.3077893257141113,1.0,0.0007521867752075196,0.5060371160507202,7.614374160766602e-05,1.3446807861328125e-05,0.007552124261856079,0.0026599133014678956,0.00982513427734375,0.008383737802505493,0.006605027914047241,0.5166371822357178,1.15625,-0.0578125,2.1796875,0.8851562,1.0,0.9990155354118674,0.9999820022156657,9862.167658552267,1058.0,0.06755015850067139,0.06679797172546387,0.4272456169128418,0.0,1.0,0.0016480589983984828,-0.02751314267516136,-0.4810575246810913,-0.023350300267338753,1.1979997158050537,1.0,0.06684581190347672,0.8226680755615234,0.8895139694213867,4.350634480942972e-05,0.03543727099895477,0.06613455712795258,53.86865234375,0.4291015863418579,0.697883129119873,1060.0,0.00018527189,,,,,,,,,,,,,,,,,,,,,,,,,,,,,,,,,,,,,,,,,,,,,
5478400,0.8821799755096436,2.2963428497314453,1.0,0.000804281234741211,0.4997024297714233,7.540225982666015e-05,1.3709068298339844e-05,0.007451339960098267,0.0028392338752746583,0.005417823791503906,0.008597351312637329,0.005997449159622192,0.5059478998184204,1.015625,-0.05078125,2.2070312,0.8857421,1.0,0.9990256232645017,0.9999809151249426,9863.756263489457,1068.0,0.06719088554382324,0.06638660430908203,0.4221975803375244,0.0,1.0,0.0019317762926220894,-0.029327619820833206,-0.5238931179046631,-0.026256762444972992,1.147531270980835,1.0,0.06815025210380554,0.8226783275604248,0.890828549861908,2.5745524908415973e-05,0.020970530807971954,0.06611572206020355,53.85331344604492,0.4429687559604645,0.6738613247871399,1070.0,0.00018324424,,,,,,,,,,,,,,,,,,,,,,,,,,,,,,,,,,,,,,,,,,,,,
5529600,0.8809658885002136,2.314140796661377,1.0,0.0007561683654785156,0.49329187870025637,7.551670074462891e-05,1.3518333435058594e-05,0.006743565797805786,0.0028026151657104493,0.0055275440216064455,0.00884812355041504,0.006167404651641846,0.49959890842437743,1.3125,-0.065625004,2.328125,0.8835937,1.0,0.9988903904614372,0.9999803862589853,9866.7546508976,1078.0,0.06457648277282715,0.06382031440734864,0.4277656078338623,0.0,1.0,0.0020753429271280766,-0.02993522770702839,-0.5396662950515747,-0.02712545543909073,1.134753942489624,1.0,0.06844459474086761,0.8190408945083618,0.8874855041503906,5.415273335529491e-05,0.04410908743739128,0.06615953892469406,53.888999938964844,0.42460939288139343,0.6605591773986816,1080.0,0.00018121659,,,,,,,,,,,,,,,,,,,,,,,,,,,,,,,,,,,,,,,,,,,,,
5580800,0.8807327151298523,2.3184080123901367,1.0,0.0008254051208496094,0.49987590312957764,7.579326629638671e-05,1.3852119445800782e-05,0.007291297912597656,0.002647819519042969,0.005458521842956543,0.008635876178741455,0.006318929195404052,0.5061835050582886,1.078125,-0.053906254,2.15625,0.8921875,1.0,0.9990365975136785,0.9999805942995755,9868.5122585982,1088.0,0.060386061668395996,0.05956065654754639,0.4764432907104492,0.0,1.0,0.0014758988982066512,-0.021776262670755386,-0.47370100021362305,-0.01752272993326187,1.2088849544525146,1.0,0.06806090474128723,0.8190963268280029,0.8871573209762573,3.516407741699368e-05,0.028642237186431885,0.06624700129032135,53.960243225097656,0.4466797113418579,0.7278546094894409,1090.0,0.00017918894,,,,,,,,,,,,,,,,,,,,,,,,,,,,,,,,,,,,,,,,,,,,,
5632000,0.8787625432014465,2.3494744300842285,1.0,0.0008173465728759765,0.4925389289855957,7.494449615478515e-05,1.3637542724609376e-05,0.006562353372573853,0.0032399654388427734,0.005574178695678711,0.00869540810585022,0.0060296010971069335,0.4989541292190552,1.125,-0.056250002,2.4101562,0.87949216,1.0,0.9989980918339982,0.9999798830762341,9871.779540171845,1098.0,0.056656408309936526,0.05583906173706055,0.44170498847961426,0.0,1.0,0.0016311800573021173,-0.029653888195753098,-0.503777265548706,-0.0261220820248127,1.1745383739471436,1.0,0.0690043568611145,0.8201955556869507,0.8891998529434204,3.228543937439099e-05,0.026297494769096375,0.06630554050207138,54.00792694091797,0.42011719942092896,0.7031533718109131,1100.0,0.00017716129,,,,,,,,,,,,,,,,,,,,,,,,,,,,,,,,,,,,,,,,,,,,,
5683200,0.8807902932167053,2.315434694290161,1.0,0.0008318901062011718,0.49782767295837405,7.640480995178222e-05,1.4090538024902344e-05,0.007223151922225952,0.002795521020889282,0.009753251075744629,0.00838871955871582,0.006382994651794434,0.5084363460540772,1.1835938,-0.059179693,2.3164062,0.8822265,1.0,0.9990120402831247,0.9999814305648963,9873.080673289001,1108.0,0.06282651424407959,0.061994624137878415,0.4385986328125,0.0,1.0,0.0018877312541007996,-0.027508055791258812,-0.49770021438598633,-0.0238067414611578,1.1749886274337769,1.0,0.06874725222587585,0.8213778734207153,0.8901251554489136,4.981442907592282e-05,0.04057539999485016,0.06636952608823776,54.06005096435547,0.43574219942092896,0.6751783490180969,1110.0,0.00017513364,,,,,,,,,,,,,,,,,,,,,,,,,,,,,,,,,,,,,,,,,,,,,
5734400,0.8811056613922119,2.316433906555176,1.0,0.0007387399673461914,0.49998204708099364,7.56978988647461e-05,1.3804435729980468e-05,0.007205959558486939,0.0028528761863708496,0.005530142784118652,0.008450323343276977,0.006389845609664917,0.5062742471694947,0.9296875,-0.046484377,2.203125,0.8878906,1.0,0.999023974659582,0.9999812099837996,9874.759290429916,1118.0,0.05108089447021484,0.05034215450286865,0.42658162117004395,0.0,1.0,0.001536572235636413,-0.024315930902957916,-0.46269676089286804,-0.019760435447096825,1.2212133407592773,1.0,0.06896719336509705,0.8202672004699707,0.8892343640327454,3.3046118915081024e-05,0.026917092502117157,0.06643544137477875,54.11373519897461,0.4410156309604645,0.7144142389297485,1120.0,0.00017310599,,,,,,,,,,,,,,,,,,,,,,,,,,,,,,,,,,,,,,,,,,,,,
5785600,0.8815622925758362,2.3030166625976562,1.0,0.0008107185363769531,0.49388508796691893,7.632613182067871e-05,1.468658447265625e-05,0.007341088056564331,0.0026716721057891846,0.005383110046386719,0.008301661014556885,0.006236355304718017,0.5001041889190674,1.125,-0.056250002,2.3515625,0.8765625,1.0,0.9972806716974071,0.9999788328409426,9877.40340693919,1128.0,0.044455671310424806,0.043644952774047854,0.4227108955383301,0.0,1.0,0.001804686151444912,-0.027361514046788216,-0.47643476724624634,-0.023132478818297386,1.2015972137451172,1.0,0.06954148411750793,0.8191847801208496,0.8887262344360352,3.361681228852831e-05,0.02738194167613983,0.06647711992263794,54.14767837524414,0.4388671815395355,0.6862066388130188,1130.0,0.00017107834,,,,,,,,,,,,,,,,,,,,,,,,,,,,,,,,,,,,,,,,,,,,,
5836800,0.8807171583175659,2.323467969894409,1.0,0.0007796287536621094,0.49834864139556884,7.544755935668945e-05,1.3470649719238281e-05,0.007038379907608032,0.002848275899887085,0.005550837516784668,0.008704524040222168,0.006182101964950562,0.5047022104263306,1.1796875,-0.058984376,2.234375,0.8863281,1.0,0.9972427857910272,0.9999809152597379,9878.886127901822,1138.0,0.06607434749603272,0.06529471874237061,0.4351837635040283,0.0,1.0,0.0022230027243494987,-0.030353188514709473,-0.5249581933021545,-0.027250654995441437,1.147413969039917,1.0,0.07115297764539719,0.8155330419540405,0.8866860866546631,4.674958472605795e-05,0.03807899355888367,0.06649313867092133,54.16073226928711,0.4283203184604645,0.651615560054779,1140.0,0.00016905069,,,,,,,,,,,,,,,,,,,,,,,,,,,,,,,,,,,,,,,,,,,,,
5888000,0.879648745059967,2.338510036468506,1.0,0.0008208274841308594,0.49699976444244387,7.553219795227051e-05,1.3971328735351563e-05,0.007169488668441772,0.002642667293548584,0.005630326271057129,0.00837685465812683,0.006561088562011719,0.5034750699996948,1.1914062,-0.059570312,2.4101562,0.87558585,1.0,0.9990198449261504,0.9999797795880387,9880.56872983864,1148.0,0.06703979969024658,0.06621897220611572,0.42029356956481934,0.0,1.0,0.0017800841014832258,-0.028453024104237556,-0.47557777166366577,-0.024277320131659508,1.2024508714675903,1.0,0.06982482969760895,0.8182457089424133,0.8880705833435059,4.8691195843275636e-05,0.0396604910492897,0.06655557453632355,54.211585998535156,0.4302734434604645,0.691809892654419,1150.0,0.00016702304,,,,,,,,,,,,,,,,,,,,,,,,,,,,,,,,,,,,,,,,,,,,,
5939200,0.8819443583488464,2.300013542175293,1.0,0.0008170127868652344,0.49957311153411865,7.539987564086914e-05,1.3828277587890625e-05,0.007312667369842529,0.002804750204086304,0.005521917343139648,0.008540692329406739,0.006220941543579102,0.50593581199646,1.2070312,-0.060351565,2.265625,0.8828125,1.0,0.9990310025262944,0.9999803491776768,9882.153972953414,1158.0,0.06219015121459961,0.061373138427734376,0.4400758743286133,0.0,1.0,0.0015172413550317287,-0.024160346016287804,-0.5253616571426392,-0.02127380296587944,1.1428720951080322,1.0,0.07143034040927887,0.8147517442703247,0.8861821293830872,3.219263453502208e-05,0.026221903041005135,0.0665922686457634,54.241477966308594,0.4296875,0.7311571836471558,1160.0,0.00016499539,,,,,,,,,,,,,,,,,,,,,,,,,,,,,,,,,,,,,,,,,,,,,
5990400,0.8795366883277893,2.345632553100586,1.0,0.0007639169692993164,0.5016928434371948,7.605671882629394e-05,1.3232231140136719e-05,0.006980204582214355,0.0028960108757019043,0.005464768409729004,0.008657312393188477,0.006450401544570923,0.5079447746276855,1.0585938,-0.052929692,2.3945312,0.8783203,1.0,0.9990170855462531,0.9999802860845854,9883.415918847959,1168.0,0.05216307640075683,0.051399159431457515,0.4216349124908447,0.0,1.0,0.0016972465673461556,-0.027306171134114265,-0.5040226578712463,-0.023818213492631912,1.171454668045044,1.0,0.07091270387172699,0.8154542446136475,0.8863669633865356,4.505019023781642e-05,0.03669477999210358,0.06667644530534744,54.31004333496094,0.4166015386581421,0.7072443962097168,1170.0,0.00016296774,,,,,,,,,,,,,,,,,,,,,,,,,,,,,,,,,,,,,,,,,,,,,
6005760,,,,,,,,,,,,,,,,,,,,,,,,,,,,,,,,,,,,,,,,,,,,,0.8953125,2.09375,1.0,0.0,0.0,0.0,0.0,0.0,0.0,0.0,0.0,1.0,0.0,0.0,0.0,0.666015625,1.9140625,1.0,0.0,0.0,0.0,0.0,0.0,0.0,0.0,0.0,1.0,0.0,0.0,0.0,0.39453125,2.109375,1.0,0.0,0.0,0.0,0.0,0.0,0.0,0.0,0.0,1.0,0.0,0.0,0.0
6041600,0.8805164098739624,2.33005690574646,1.0,0.0008608341217041015,0.49297490119934084,7.674574851989746e-05,1.3685226440429687e-05,0.007731276750564575,0.0027614426612854004,0.005694818496704101,0.0075217092037200926,0.006532901525497436,0.49955451488494873,1.046875,-0.052343752,2.1679688,0.8896484,1.0,0.9989991713444387,0.999979429991216,9874.433273784027,1178.0,0.08369927406311035,0.08283843994140626,0.436826229095459,0.0,1.0,0.0016511882422491908,-0.02485421858727932,-0.48079660534858704,-0.020808860659599304,1.197885274887085,1.0,0.07087375223636627,0.8168593049049377,0.887732982635498,3.333529457449913e-05,0.027152633294463158,0.06674309074878693,54.36433029174805,0.43535158038139343,0.7015529870986938,1180.0,0.0001609401,,,,,,,,,,,,,,,,,,,,,,,,,,,,,,,,,,,,,,,,,,,,,
6092800,0.8810569047927856,2.308425188064575,1.0,0.0008094310760498047,0.49414925575256347,7.602095603942872e-05,1.4066696166992188e-05,0.007551124095916748,0.002618058919906616,0.007900762557983398,0.008522087335586548,0.0059157335758209225,0.5028833866119384,1.3320312,-0.06660157,2.1953125,0.884375,1.0,0.9990109100004333,0.9999803721311191,9876.490528061091,1188.0,0.05676655769348145,0.05595712661743164,0.4211151599884033,0.0,1.0,0.0018063795287162066,-0.03199382126331329,-0.5033689141273499,-0.028479591012001038,1.1726734638214111,1.0,0.07138876616954803,0.8177690505981445,0.8891578912734985,4.0970051486510783e-05,0.03337138146162033,0.06679673492908478,54.40802001953125,0.41777342557907104,0.6836720108985901,1190.0,0.00015891244,,,,,,,,,,,,,,,,,,,,,,,,,,,,,,,,,,,,,,,,,,,,,
6144000,0.8810012340545654,2.3105530738830566,1.0,0.0007812976837158203,0.4947319507598877,7.555603981018066e-05,1.366138458251953e-05,0.007191928625106811,0.0027664601802825928,0.00547182559967041,0.008442717790603637,0.0062357628345489505,0.5010081768035889,1.1171875,-0.05585938,2.3476562,0.87871087,1.0,0.9990228216469511,0.9999811552462224,9878.716072854388,1198.0,0.05266072750091553,0.05187942981719971,0.4267408847808838,0.0,1.0,0.001930021564476192,-0.029492750763893127,-0.46057382225990295,-0.024791201576590538,1.2249678373336792,1.0,0.07100749015808105,0.8171848058700562,0.8881922364234924,4.102560706087388e-05,0.033416636288166046,0.06683431565761566,54.438629150390625,0.4306640625,0.676180362701416,1200.0,0.0001568848,,,,,,,,,,,,,,,,,,,,,,,,,,,,,,,,,,,,,,,,,,,,,
6195200,0.8819159865379333,2.296645164489746,1.0,0.0008333444595336914,0.49969167709350587,7.70735740661621e-05,1.3971328735351563e-05,0.0074137520790100095,0.002670249938964844,0.005756068229675293,0.008554742336273194,0.006032764911651611,0.5063050270080567,1.09375,-0.054687504,2.2890625,0.8835937,1.0,0.9905541346583081,0.9999803164178216,9879.931779532095,1208.0,0.060552358627319336,0.05971901416778565,0.43294644355773926,0.0,1.0,0.0016062201466411352,-0.026467427611351013,-0.4762357175350189,-0.02227257564663887,1.2046102285385132,1.0,0.07111228257417679,0.8169517517089844,0.8880640268325806,3.469192597549409e-05,0.02825765311717987,0.06688462197780609,54.47959899902344,0.4300781190395355,0.7052062153816223,1210.0,0.00015485715,,,,,,,,,,,,,,,,,,,,,,,,,,,,,,,,,,,,,,,,,,,,,
6246400,0.882169783115387,2.291717052459717,1.0,0.0008295297622680664,0.5092772245407104,7.590651512145996e-05,1.3828277587890625e-05,0.007998639345169067,0.0028225684165954588,0.005541157722473144,0.008343654870986938,0.0061975824832916256,0.5156714439392089,1.0429688,-0.052148443,2.1484375,0.88476557,1.0,0.9989982039391619,0.9999811825217714,9880.21613071645,1218.0,0.0611915111541748,0.06036198139190674,0.41913318634033203,0.0,1.0,0.0018569712992757559,-0.026142675429582596,-0.5291613936424255,-0.023224584758281708,1.1435908079147339,1.0,0.07331763207912445,0.8159143924713135,0.8892319202423096,4.3605672544799745e-05,0.03551817685365677,0.06688947975635529,54.48356628417969,0.44257813692092896,0.6782107353210449,1220.0,0.00015282951,,,,,,,,,,,,,,,,,,,,,,,,,,,,,,,,,,,,,,,,,,,,,
6297600,0.8793432116508484,2.347092390060425,1.0,0.0008355379104614258,0.49165897369384765,7.531404495239257e-05,1.4066696166992188e-05,0.006330907344818115,0.0029578590393066406,0.005619263648986817,0.008611786365509033,0.006582623720169068,0.4981375694274902,1.1367188,-0.056835942,2.1679688,0.8876953,1.0,0.9990050758250835,0.9999804723059966,9882.852326121252,1228.0,0.06368110179901124,0.06284556388854981,0.431459903717041,0.0,1.0,0.0015987278893589973,-0.023723861202597618,-0.5491279363632202,-0.0213673897087574,1.1203492879867554,1.0,0.07345174998044968,0.8146861791610718,0.8881378769874573,3.30894545186311e-05,0.026952393352985382,0.06694423407316208,54.528167724609375,0.43632811307907104,0.7141119241714478,1230.0,0.00015080185,,,,,,,,,,,,,,,,,,,,,,,,,,,,,,,,,,,,,,,,,,,,,
6348800,0.8795991539955139,2.3398454189300537,1.0,0.0007937908172607422,0.492673659324646,7.501959800720214e-05,1.392364501953125e-05,0.00671452522277832,0.0031358933448791503,0.010903239250183105,0.008597748279571533,0.006086199283599853,0.504394793510437,1.3632812,-0.068164065,2.2265625,0.8867187,1.0,0.9990136579483649,0.9999798164583406,9884.488747088311,1238.0,0.055002021789550784,0.05420823097229004,0.4203052520751953,0.0,1.0,0.0020863409154117107,-0.030107880011200905,-0.49834978580474854,-0.026482876390218735,1.1742208003997803,1.0,0.07304888963699341,0.8135788440704346,0.8866277933120728,4.1818886529654264e-05,0.034062787890434265,0.06703843176364899,54.60489273071289,0.4281250238418579,0.673560380935669,1240.0,0.00014877418,,,,,,,,,,,,,,,,,,,,,,,,,,,,,,,,,,,,,,,,,,,,,
6400000,0.8806620240211487,2.3215062618255615,1.0,0.0007857084274291992,0.49273133277893066,7.574081420898438e-05,1.3756752014160157e-05,0.0069972026348114015,0.0028237152099609376,0.00560450553894043,0.008474504947662354,0.006240972280502319,0.49914515018463135,1.2421875,-0.06210938,2.3203125,0.8820312,1.0,0.9990083540389952,0.9999802728979471,9886.860264847806,1248.0,0.06697776317596435,0.06619205474853515,0.4689645767211914,0.0,1.0,0.002003998029977083,-0.028192786499857903,-0.5250452756881714,-0.025278007611632347,1.1414144039154053,1.0,0.07305535674095154,0.8184796571731567,0.8915350437164307,6.634880264755338e-05,0.05404316633939743,0.06706944853067398,54.630157470703125,0.43183594942092896,0.6747831702232361,1250.0,0.00014674655,,,,,,,,,,,,,,,,,,,,,,,,,,,,,,,,,,,,,,,,,,,,,
6451200,0.879405677318573,2.3308913707733154,1.0,0.0008223533630371093,0.49581446647644045,7.51197338104248e-05,1.3613700866699219e-05,0.007056801319122314,0.00275301456451416,0.005488204956054688,0.008792425394058228,0.0060887598991394044,0.5021483898162842,1.140625,-0.05703125,2.3515625,0.88046867,1.0,0.9990075959924151,0.9999805808002514,9889.132550655382,1258.0,0.048153805732727054,0.04733145236968994,0.45612025260925293,0.0,1.0,0.0015030385693535209,-0.026880569756031036,-0.43722856044769287,-0.021557386964559555,1.2547186613082886,1.0,0.07188546657562256,0.8163661956787109,0.8882516622543335,3.111141995759681e-05,0.025341222062706947,0.06716299802064896,54.70635223388672,0.43964844942092896,0.7300152778625488,1260.0,0.00014471888,,,,,,,,,,,,,,,,,,,,,,,,,,,,,,,,,,,,,,,,,,,,,
6502400,0.8808760046958923,2.3212926387786865,1.0,0.0008186817169189454,0.5002476453781128,7.530927658081055e-05,1.4543533325195312e-05,0.0071921396255493165,0.00285561203956604,0.009642076492309571,0.008494776487350465,0.006360428333282471,0.5107326030731201,1.0742188,-0.053710938,2.3164062,0.88027334,1.0,0.998636015305949,0.9999810939180395,9889.166306185969,1268.0,0.06254973411560058,0.06173105239868164,0.4334895610809326,0.0,1.0,0.0014858287759125233,-0.022587863728404045,-0.46401676535606384,-0.018119070678949356,1.2187554836273193,1.0,0.0730195939540863,0.8116196393966675,0.8846392631530762,2.3910710297059268e-05,0.019476016983389854,0.06720350682735443,54.73934555053711,0.4253906309604645,0.7328696846961975,1270.0,0.00014269125,,,,,,,,,,,,,,,,,,,,,,,,,,,,,,,,,,,,,,,,,,,,,
6553600,0.8811084032058716,2.3088061809539795,1.0,0.000714874267578125,0.5005261182785035,7.624030113220214e-05,1.4019012451171874e-05,0.0074507415294647215,0.002758222818374634,0.005678629875183106,0.008413329124450683,0.006294401884078979,0.5069429636001587,1.1640625,-0.058203124,2.2734375,0.8863281,1.0,0.9986665928028402,0.9999816110152182,9890.33648076115,1278.0,0.054587054252624514,0.05387217998504639,0.43468379974365234,0.0,1.0,0.0018786417786031961,-0.02843310311436653,-0.48933425545692444,-0.024480462074279785,1.1892623901367188,1.0,0.07328800112009048,0.8147667646408081,0.8880547285079956,3.537984230206348e-05,0.028817985206842422,0.06721735000610352,54.75062561035156,0.4300781488418579,0.6743927001953125,1280.0,0.00014066359,,,,,,,,,,,,,,,,,,,,,,,,,,,,,,,,,,,,,,,,,,,,,
6604800,0.8816978335380554,2.306572914123535,1.0,0.0007900476455688476,0.5026926040649414,7.719159126281738e-05,1.3947486877441406e-05,0.007505588531494141,0.002771176099777222,0.0056725025177001955,0.008449907302856446,0.006306400299072265,0.5091788530349731,1.1679688,-0.05839844,2.2773438,0.88417965,1.0,0.9990305654554237,0.9999808489299445,9891.188404361077,1288.0,0.06203944683074951,0.06124939918518066,0.4695751667022705,0.0,1.0,0.0020178076811134815,-0.029706910252571106,-0.5030186772346497,-0.026084978133440018,1.170543909072876,1.0,0.07498271763324738,0.8152217864990234,0.8902044892311096,5.664277705363929e-05,0.04613730311393738,0.06728793680667877,54.80812072753906,0.4322265684604645,0.6694581508636475,1290.0,0.00013863595,,,,,,,,,,,,,,,,,,,,,,,,,,,,,,,,,,,,,,,,,,,,,
6656000,0.8813006281852722,2.3104381561279297,1.0,0.0008154153823852539,0.4964545011520386,7.619261741638183e-05,1.3875961303710938e-05,0.007269573211669922,0.0027664756774902345,0.009221053123474121,0.008701292276382446,0.005984727144241333,0.5065146207809448,0.91796875,-0.04589844,2.21875,0.88710934,1.0,0.9990144462243834,0.9999807011262023,9892.708549608604,1298.0,0.05932462215423584,0.058509206771850585,0.43007612228393555,0.0,1.0,0.0014500340912491083,-0.023948652669787407,-0.4670983850955963,-0.019546233117580414,1.2158123254776,1.0,0.07395660877227783,0.8143339157104492,0.888290524482727,2.6877647542278282e-05,0.02189268171787262,0.06732591986656189,54.83905792236328,0.44355469942092896,0.7273354530334473,1300.0,0.00013660829,,,,,,,,,,,,,,,,,,,,,,,,,,,,,,,,,,,,,,,,,,,,,
6707200,0.8810278177261353,2.3081815242767334,1.0,0.0007928848266601562,0.5040486574172973,7.585406303405761e-05,1.3613700866699219e-05,0.007480782270431518,0.0027920806407928465,0.005440282821655274,0.008517588376998902,0.00631190299987793,0.5103050708770752,1.0078125,-0.050390627,2.2695312,0.88457024,1.0,0.9990388023309599,0.9999811247993692,9893.3742833355,1308.0,0.05199134349822998,0.05119845867156982,0.445385217666626,0.0,1.0,0.0014962891582399607,-0.022384872660040855,-0.5210081338882446,-0.019344141706824303,1.1493780612945557,1.0,0.0751909390091896,0.8119824528694153,0.8871733546257019,2.7314854378346354e-05,0.022248800843954086,0.06735112518072128,54.859588623046875,0.4400390386581421,0.7325527667999268,1310.0,0.00013458065,,,,,,,,,,,,,,,,,,,,,,,,,,,,,,,,,,,,,,,,,,,,,
6758400,0.8794773817062378,2.330721139907837,1.0,0.0008397579193115234,0.5003154516220093,7.618427276611329e-05,1.3899803161621093e-05,0.0075989413261413575,0.0026245355606079102,0.009538936614990234,0.008236234188079833,0.006455442905426025,0.5107177734375,1.1757812,-0.058789067,2.25,0.8796874,1.0,0.9990232431159178,0.9999809533199484,9893.770545534548,1318.0,0.057029223442077635,0.05618946552276611,0.43478846549987793,0.0,1.0,0.0015525799244642258,-0.026318872347474098,-0.4604714512825012,-0.021760832518339157,1.2217555046081543,1.0,0.0750783383846283,0.8112317323684692,0.8863101005554199,3.699597073136829e-05,0.030134370550513268,0.06742453575134277,54.91938400268555,0.4292968809604645,0.7183309197425842,1320.0,0.00013255299,,,,,,,,,,,,,,,,,,,,,,,,,,,,,,,,,,,,,,,,,,,,,
6809600,0.8812228441238403,2.3149421215057373,1.0,0.000802922248840332,0.4996650218963623,7.6674222946167e-05,1.3709068298339844e-05,0.007079312801361084,0.0028642964363098143,0.00946342945098877,0.008615293502807618,0.006322678327560425,0.5099547863006592,1.2226562,-0.061132815,2.4179688,0.87519526,1.0,0.9989994975538555,0.999980971575461,9894.435086881555,1328.0,0.0629584789276123,0.06215555667877197,0.4217188358306885,0.0,1.0,0.0021586192306131124,-0.032944269478321075,-0.5572417974472046,-0.03073306940495968,1.1064119338989258,1.0,0.07729515433311462,0.8069460391998291,0.8842412233352661,4.640831321012229e-05,0.03780101612210274,0.06741973012685776,54.91547393798828,0.4156250059604645,0.6775568723678589,1330.0,0.00013052535,,,,,,,,,,,,,,,,,,,,,,,,,,,,,,,,,,,,,,,,,,,,,
6860800,0.879485011100769,2.3426167964935303,1.0,0.0007908821105957031,0.4955956220626831,7.50732421875e-05,1.3566017150878906e-05,0.0073804771900177,0.002840796709060669,0.008095169067382812,0.008681055307388306,0.0057781457901000975,0.504504656791687,1.1210938,-0.05605469,2.421875,0.87890625,1.0,0.999022071087754,0.9999813331081334,9895.865918804515,1338.0,0.06574814319610596,0.06495726108551025,0.423952579498291,0.0,1.0,0.0014907104196026921,-0.0245819054543972,-0.4568819999694824,-0.020017415285110474,1.2232574224472046,1.0,0.07582259178161621,0.811371386051178,0.8871939182281494,3.6592686228686944e-05,0.029805881902575493,0.06754743307828903,55.01948547363281,0.4341796934604645,0.7186058759689331,1340.0,0.00012849769,,,,,,,,,,,,,,,,,,,,,,,,,,,,,,,,,,,,,,,,,,,,,
6912000,0.8816459774971008,2.3018665313720703,1.0,0.00082244873046875,0.5022849321365357,0.0001902318000793457,1.4281272888183593e-05,0.007344741821289063,0.0027264440059661865,0.005604267120361328,0.008540074825286865,0.006288374662399292,0.508735966682434,1.1914062,-0.059570312,2.40625,0.87773436,1.0,0.999029256493826,0.999980269878999,9896.517189307746,1348.0,0.06123242378234863,0.06040997505187988,0.4384129047393799,0.0,1.0,0.001875758753158152,-0.03036106377840042,-0.5138787031173706,-0.02726302668452263,1.154175043106079,1.0,0.07759284228086472,0.810760498046875,0.8883532881736755,4.160994285484776e-05,0.033892594277858734,0.06754915416240692,55.020896911621094,0.4193359315395355,0.6883095502853394,1350.0,0.00012647005,,,,,,,,,,,,,,,,,,,,,,,,,,,,,,,,,,,,,,,,,,,,,
6963200,0.8807263374328613,2.318035840988159,1.0,0.0008170604705810547,0.4996837854385376,7.596492767333984e-05,1.3780593872070312e-05,0.007398422956466675,0.0028057193756103518,0.005585908889770508,0.008605072498321533,0.006074615716934204,0.5061105012893676,1.125,-0.056250006,2.2421875,0.8839843,1.0,0.9990236306387501,0.9999803088523532,9897.67099490863,1358.0,0.059297704696655275,0.05848064422607422,0.4293050765991211,0.0,1.0,0.0016348827630281448,-0.025159446522593498,-0.47782424092292786,-0.021023385226726532,1.2024897336959839,1.0,0.07681144773960114,0.8107931017875671,0.8876045942306519,4.038475890411064e-05,0.032894644886255264,0.06765631586313248,55.10817337036133,0.43730467557907104,0.7060452103614807,1360.0,0.00012444239,,,,,,,,,,,,,,,,,,,,,,,,,,,,,,,,,,,,,,,,,,,,,
7009280,,,,,,,,,,,,,,,,,,,,,,,,,,,,,,,,,,,,,,,,,,,,,0.89921875,2.015625,1.0,0.0,0.0,0.0,0.0,0.0,0.0,0.0,0.0,1.0,0.0,0.0,0.0,0.674609375,2.0546875,1.0,0.0,0.0,0.0,0.0,0.0,0.0,0.0,0.0,1.0,0.0,0.0,0.0,0.40234375000000006,1.953125,1.0,0.0,0.0,0.0,0.0,0.0,0.0,0.0,0.0,1.0,0.0,0.0,0.0
7014400,0.8811901807785034,2.308518409729004,1.0,0.0007733821868896485,0.4977074861526489,7.652759552001954e-05,1.4400482177734375e-05,0.007898125648498535,0.002540938854217529,0.00566561222076416,0.007775266170501709,0.006570184230804443,0.5041720151901246,1.2578125,-0.06289063,2.4140625,0.87734365,1.0,0.9990222446409919,0.9999779159744917,9888.787716254035,1368.0,0.07669463157653808,0.07592124938964843,0.43606090545654297,0.0,1.0,0.001636336906813085,-0.027376938611268997,-0.48936307430267334,-0.02355511486530304,1.1877100467681885,1.0,0.07803729921579361,0.8107119798660278,0.8887492418289185,2.9428974812617525e-05,0.023970816284418106,0.06768982857465744,55.135467529296875,0.42695313692092896,0.7097560167312622,1370.0,0.00012241476,,,,,,,,,,,,,,,,,,,,,,,,,,,,,,,,,,,,,,,,,,,,,
7065600,0.8808907866477966,2.3196866512298584,1.0,0.0008385896682739258,0.5018720149993896,7.566094398498536e-05,1.5330314636230468e-05,0.007471523284912109,0.0028226757049560547,0.005462455749511719,0.008501776456832887,0.00619773268699646,0.5081979274749756,1.1757812,-0.058789063,2.3867188,0.8748046,1.0,0.9990343485365679,0.9999812341950872,9889.693027808033,1378.0,0.05892031192779541,0.05808172225952149,0.422191858291626,0.0,1.0,0.0022360868752002716,-0.03157465532422066,-0.5129914283752441,-0.028252433985471725,1.1579995155334473,1.0,0.07814690470695496,0.8102557063102722,0.8884025812149048,4.225095472065732e-05,0.03441471979022026,0.06770750135183334,55.149871826171875,0.41874998807907104,0.6358357667922974,1380.0,0.00012038709,,,,,,,,,,,,,,,,,,,,,,,,,,,,,,,,,,,,,,,,,,,,,
7116800,0.8815167546272278,2.31408429145813,1.0,0.0008168697357177734,0.5079963684082032,0.00018963217735290527,1.6570091247558594e-05,0.007932928800582885,0.002650653123855591,0.005581521987915039,0.008238030672073364,0.006363571882247925,0.5144212007522583,1.125,-0.056250002,2.2148438,0.8853515,1.0,0.9990156715341951,0.9999808123592877,9889.73158683912,1388.0,0.06477885246276856,0.06396198272705078,0.4212789535522461,0.0,1.0,0.0018858209950849414,-0.025713039562106133,-0.522313117980957,-0.022653881460428238,1.1483266353607178,1.0,0.0792296752333641,0.8089607954025269,0.888190507888794,2.935942575277295e-05,0.023914165794849396,0.06776095181703568,55.19340515136719,0.4400390386581421,0.6830401420593262,1390.0,0.00011835946,,,,,,,,,,,,,,,,,,,,,,,,,,,,,,,,,,,,,,,,,,,,,
7168000,0.8803837299346924,2.31937837600708,1.0,0.0007568836212158203,0.5030510902404786,7.568836212158203e-05,1.4138221740722656e-05,0.008262488842010498,0.0029345059394836424,0.005558371543884277,0.00827261209487915,0.005583103895187378,0.5093904495239258,1.1601562,-0.058007814,2.2929688,0.8814453,1.0,0.9990396451251053,0.9999804356430009,9890.511920455001,1398.0,0.05464346408843994,0.05388658046722412,0.42613792419433594,0.0,1.0,0.0018975413404405117,-0.029011204838752747,-0.5071443319320679,-0.02559436298906803,1.1633049249649048,1.0,0.07964745163917542,0.808043897151947,0.8876913785934448,3.2876821933314204e-05,0.026779193431138992,0.06781833618879318,55.240142822265625,0.43085938692092896,0.6869667172431946,1400.0,0.000116331794,,,,,,,,,,,,,,,,,,,,,,,,,,,,,,,,,,,,,,,,,,,,,
7219200,0.8810936808586121,2.31661319732666,1.0,0.0007877588272094726,0.5080411434173584,7.668733596801757e-05,1.399517059326172e-05,0.008062855005264283,0.0026215314865112305,0.005579543113708496,0.008516008853912354,0.006100058555603027,0.5144321203231812,1.0898438,-0.05449219,2.515625,0.8722656,1.0,0.9990191371729694,0.999981183534369,9890.559479465574,1408.0,0.05836222171783447,0.057574462890625,0.4382905960083008,0.0,1.0,0.00162323412951082,-0.02677251398563385,-0.468143492937088,-0.022303875535726547,1.2156111001968384,1.0,0.07912886142730713,0.8085804581642151,0.8877092599868774,2.6291963877156377e-05,0.021415622904896736,0.06787627935409546,55.28734588623047,0.4326171875,0.7085826396942139,1410.0,0.00011430416,,,,,,,,,,,,,,,,,,,,,,,,,,,,,,,,,,,,,,,,,,,,,
7270400,0.8809723854064941,2.3185296058654785,1.0,0.0008291959762573242,0.5427449464797973,7.71653652191162e-05,1.3470649719238281e-05,0.009558897018432617,0.002579977512359619,0.0058971881866455075,0.008469295501708985,0.006427550315856933,0.5494943141937256,1.0351562,-0.051757816,2.25,0.88164055,1.0,0.9991022814465393,0.9999826878985634,9886.174878417027,1418.0,0.06539449691772461,0.06456530094146729,0.44765567779541016,0.0,1.0,0.0014749632682651281,-0.024008940905332565,-0.4565857946872711,-0.019287465140223503,1.226836919784546,1.0,0.0794207751750946,0.8071718215942383,0.8865925669670105,3.075604763580486e-05,0.02505175769329071,0.06792109459638596,55.3238410949707,0.43339842557907104,0.7346588373184204,1420.0,0.000112276495,,,,,,,,,,,,,,,,,,,,,,,,,,,,,,,,,,,,,,,,,,,,,
7321600,0.8816643357276917,2.3049709796905518,1.0,0.0007895231246948242,0.5148391008377076,7.719039916992187e-05,1.4281272888183593e-05,0.008588201999664306,0.002671151161193848,0.005749273300170899,0.008578357696533203,0.005798933506011963,0.5214019298553467,1.25,-0.0625,2.4335938,0.8783202,1.0,0.9989076090271163,0.9999812978830209,9885.27779705449,1428.0,0.06288187503814698,0.06209235191345215,0.44074559211730957,0.0,1.0,0.0021171316038817167,-0.029262440279126167,-0.5148378014564514,-0.025992410257458687,1.1547150611877441,1.0,0.0797852873802185,0.8052468299865723,0.8850321173667908,3.540559555403888e-05,0.028838958591222763,0.06794261932373047,55.34137725830078,0.4306640625,0.6824109554290771,1430.0,0.00011024886,,,,,,,,,,,,,,,,,,,,,,,,,,,,,,,,,,,,,,,,,,,,,
7372800,0.8809186220169067,2.315197229385376,1.0,0.0008074760437011719,0.5053843975067138,7.64942169189453e-05,1.399517059326172e-05,0.008054431676864624,0.0027575814723968506,0.0052771329879760746,0.008438950777053833,0.0059172165393829345,0.5114935636520386,1.1210938,-0.05605469,2.3515625,0.88046867,1.0,0.9990286525330185,0.9999793507801373,9885.298734161172,1438.0,0.05675325393676758,0.05594577789306641,0.4198920726776123,0.0,1.0,0.0024218298494815826,-0.0313740000128746,-0.5324159264564514,-0.028528867289423943,1.1373350620269775,1.0,0.08171343058347702,0.8078102469444275,0.8895237445831299,3.0718390917172655e-05,0.025021085515618324,0.06799612194299698,55.38496017456055,0.4330078363418579,0.6151646375656128,1440.0,0.0001082212,,,,,,,,,,,,,,,,,,,,,,,,,,,,,,,,,,,,,,,,,,,,,
7424000,0.880636990070343,2.3228206634521484,1.0,0.0008239030838012695,0.5154194593429565,7.821202278137207e-05,1.4519691467285156e-05,0.008865284919738769,0.0032173192501068117,0.005605244636535644,0.008661218881607056,0.004924783706665039,0.5218738079071045,1.1679688,-0.05839844,2.3945312,0.8783203,1.0,0.9990627367356455,0.9999795330745059,9883.868651512868,1448.0,0.05861368179321289,0.05778977870941162,0.5248026847839355,0.0,1.0,0.0017128000035881996,-0.028131499886512756,-0.4843329191207886,-0.024203015491366386,1.1899669170379639,1.0,0.08053582161664963,0.8059238791465759,0.8864597082138062,3.122276393696666e-05,0.025431916117668152,0.06806415319442749,55.440372467041016,0.423828125,0.7077990174293518,1450.0,0.00010619356,,,,,,,,,,,,,,,,,,,,,,,,,,,,,,,,,,,,,,,,,,,,,
7475200,0.8813085556030273,2.3098177909851074,1.0,0.0007829666137695312,0.5438346147537232,7.901310920715331e-05,1.3971328735351563e-05,0.010244860649108886,0.002780739068984985,0.006083083152770996,0.00847926139831543,0.005583144426345825,0.5507251977920532,1.0078125,-0.050390627,2.3203125,0.8800781,1.0,0.9990911911432828,0.9999808217544857,9879.499971518648,1458.0,0.06784839630126953,0.0670654296875,0.45872068405151367,0.0,1.0,0.0016591083258390427,-0.026755990460515022,-0.47346895933151245,-0.02254430763423443,1.2067476511001587,1.0,0.08037518709897995,0.8072352409362793,0.8876104354858398,3.6113866372033954e-05,0.02941586822271347,0.06812038272619247,55.48617172241211,0.4224609434604645,0.7044281959533691,1460.0,0.0001041659,,,,,,,,,,,,,,,,,,,,,,,,,,,,,,,,,,,,,,,,,,,,,
7526400,0.8808329105377197,2.314161777496338,1.0,0.0008167266845703125,0.5234330654144287,7.744312286376953e-05,1.4209747314453125e-05,0.009525165557861329,0.002595416307449341,0.008799076080322266,0.008507405519485473,0.00544222354888916,0.5330733060836792,1.0859375,-0.054296877,2.3125,0.8765625,1.0,0.9990830073314776,0.999980812850828,9876.98223800311,1468.0,0.05830686092376709,0.05749013423919678,0.43206167221069336,0.0,1.0,0.00170553894713521,-0.028315700590610504,-0.49377384781837463,-0.0246259905397892,1.1797184944152832,1.0,0.08145908266305923,0.8069961071014404,0.8884552121162415,2.9638280466315337e-05,0.024141302332282066,0.06813010573387146,55.49408721923828,0.431640625,0.7015817165374756,1470.0,0.00010213826,,,,,,,,,,,,,,,,,,,,,,,,,,,,,,,,,,,,,,,,,,,,,
7577600,0.880675196647644,2.3194198608398438,1.0,0.000823068618774414,0.5127017736434937,7.776975631713867e-05,1.506805419921875e-05,0.008627253770828246,0.0027747154235839844,0.006134152412414551,0.008756686449050904,0.005374337434768677,0.5196858167648315,1.171875,-0.058593754,2.3164062,0.88027334,1.0,0.9990510722265359,0.9999773824192031,9876.39455323361,1478.0,0.04797298908233642,0.047149920463562006,0.4563310146331787,0.0,1.0,0.0019772942177951336,-0.027983373031020164,-0.5080888867378235,-0.024523353204131126,1.1663485765457153,1.0,0.0827169120311737,0.8047398328781128,0.8874566555023193,5.0359762099105865e-05,0.04101959243416786,0.06821335852146149,55.56190490722656,0.4339843988418579,0.6676976680755615,1480.0,0.0001001106,,,,,,,,,,,,,,,,,,,,,,,,,,,,,,,,,,,,,,,,,,,,,
7628800,0.8816356658935547,2.3052005767822266,1.0,0.000756525993347168,0.5510613918304443,8.00621509552002e-05,1.3756752014160157e-05,0.010444626808166504,0.0026662302017211913,0.005583572387695313,0.008503228425979614,0.005834625959396362,0.5574248313903809,1.015625,-0.050781254,2.5195312,0.87207025,1.0,0.9991182091264771,0.9999828058845962,9871.075178365103,1488.0,0.0611499547958374,0.06039342880249023,0.4931375980377197,0.0,1.0,0.001910295570269227,-0.03096325322985649,-0.48494261503219604,-0.02700723521411419,1.1923437118530273,1.0,0.08218136429786682,0.808343768119812,0.8905251026153564,3.895148984156549e-05,0.031727202236652374,0.06821028888225555,55.55940246582031,0.42558592557907104,0.66289222240448,1490.0,9.8082965e-05,,,,,,,,,,,,,,,,,,,,,,,,,,,,,,,,,,,,,,,,,,,,,
7680000,0.8815181255340576,2.304353713989258,1.0,0.000868988037109375,0.5294121503829956,7.764220237731933e-05,1.4090538024902344e-05,0.009556816816329956,0.002894744873046875,0.005775952339172363,0.008440649509429932,0.005475698709487915,0.5360814332962036,1.0859375,-0.054296874,2.3398438,0.8771484,1.0,0.9990534630359482,0.9999808760418387,9868.77432599973,1498.0,0.05746417045593262,0.05659518241882325,0.42428064346313477,0.0,1.0,0.0015576567966490984,-0.023922991007566452,-0.5327492952346802,-0.02124587632715702,1.1366393566131592,1.0,0.08404386043548584,0.8036588430404663,0.8877027630805969,2.3467207938665524e-05,0.019114769995212555,0.06822644174098969,55.57256317138672,0.431640625,0.7148379683494568,1500.0,9.60553e-05,,,,,,,,,,,,,,,,,,,,,,,,,,,,,,,,,,,,,,,,,,,,,
7731200,0.8791412711143494,2.344395160675049,1.0,0.0008198976516723633,0.5210497617721558,7.669210433959961e-05,1.4019012451171874e-05,0.009707558155059814,0.002687838077545166,0.006075811386108398,0.008628833293914794,0.0049276590347290036,0.5279697895050048,1.015625,-0.05078125,2.2734375,0.8863281,1.0,0.9990823362844233,0.9999804919091548,9867.273701863183,1508.0,0.055993294715881346,0.055173397064208984,0.43955469131469727,0.0,1.0,0.0012744755949825048,-0.022608598694205284,-0.4622593820095062,-0.018113315105438232,1.2231121063232422,1.0,0.08206252008676529,0.8037464618682861,0.885809063911438,2.9292888939380646e-05,0.023859970271587372,0.06835325062274933,55.675846099853516,0.42949217557907104,0.7574620842933655,1510.0,9.4027666e-05,,,,,,,,,,,,,,,,,,,,,,,,,,,,,,,,,,,,,,,,,,,,,
7782400,0.8806068897247314,2.319417953491211,1.0,0.0007973432540893555,0.5174946784973145,7.751226425170899e-05,1.4233589172363282e-05,0.009434797763824464,0.002818300724029541,0.010323929786682128,0.008440523147583008,0.005079683065414429,0.5286400556564331,1.1289062,-0.056445315,2.2695312,0.880664,1.0,0.9990756635476128,0.9999813284501067,9865.677735431955,1518.0,0.0564518928527832,0.05565454959869385,0.4379448890686035,0.0,1.0,0.0012932689860463142,-0.023740511387586594,-0.4627609848976135,-0.019321611151099205,1.2186448574066162,1.0,0.08201045542955399,0.80420982837677,0.8862203359603882,3.1083480280358344e-05,0.025318462401628494,0.06839088350534439,55.706504821777344,0.4287109375,0.755766749382019,1520.0,9.2e-05,,,,,,,,,,,,,,,,,,,,,,,,,,,,,,,,,,,,,,,,,,,,,
7833600,0.881233811378479,2.3116848468780518,1.0,0.000818634033203125,0.5168325424194335,7.719874382019043e-05,1.3685226440429687e-05,0.008744970560073853,0.002676879167556763,0.005803203582763672,0.008451138734817504,0.0058675014972686765,0.5234781742095947,1.0507812,-0.052539065,2.2734375,0.884375,1.0,0.9990736489880211,0.9999806888839842,9864.558926470962,1528.0,0.06017835140228271,0.059359717369079586,0.44329404830932617,0.0,1.0,0.0015471773222088814,-0.02439121901988983,-0.4646085798740387,-0.019899483770132065,1.2195175886154175,1.0,0.08188146352767944,0.8062260746955872,0.8881075382232666,2.3506256184191443e-05,0.019146576523780823,0.06845054030418396,55.75509262084961,0.43730470538139343,0.7035219669342041,1530.0,8.997237e-05,,,,,,,,,,,,,,,,,,,,,,,,,,,,,,,,,,,,,,,,,,,,,
7884800,0.8810923099517822,2.3130481243133545,1.0,0.0008586168289184571,0.514940881729126,7.751584053039551e-05,1.3709068298339844e-05,0.008918690681457519,0.0026382172107696535,0.0058579683303833004,0.008184081315994263,0.00590384840965271,0.5216815948486329,1.2070312,-0.060351565,2.3515625,0.88242185,1.0,0.9990410305754381,0.9999800282547638,9863.342919401162,1538.0,0.06517701148986817,0.06431839466094971,0.4293818473815918,0.0,1.0,0.0014453358016908169,-0.021778050810098648,-0.47341322898864746,-0.017568819224834442,1.207188606262207,1.0,0.08234646916389465,0.8030819892883301,0.8854284286499023,2.521206988603808e-05,0.020536016672849655,0.06843126565217972,55.73939514160156,0.43769532442092896,0.7360516786575317,1540.0,8.79447e-05,,,,,,,,,,,,,,,,,,,,,,,,,,,,,,,,,,,,,,,,,,,,,
7936000,0.880747377872467,2.3251147270202637,1.0,0.0007907629013061523,0.5048240184783935,7.56227970123291e-05,1.3589859008789062e-05,0.008113481998443604,0.002793779373168945,0.005718421936035156,0.008541275262832642,0.005692892074584961,0.5113565683364868,1.1835938,-0.05917969,2.296875,0.883203,1.0,0.9990432540056241,0.999980883863925,9863.968298666516,1548.0,0.051797223091125486,0.05100646018981933,0.423262357711792,0.0,1.0,0.002408404601737857,-0.03312209993600845,-0.5520446300506592,-0.030773039907217026,1.1118736267089844,1.0,0.08553299307823181,0.8031096458435059,0.8886426091194153,4.3630803702399135e-05,0.035538651049137115,0.06843021512031555,55.73853302001953,0.42558592557907104,0.6457856893539429,1550.0,8.591707e-05,,,,,,,,,,,,,,,,,,,,,,,,,,,,,,,,,,,,,,,,,,,,,
7987200,0.8795283436775208,2.3333332538604736,1.0,0.0008147478103637696,0.511481499671936,7.725596427917481e-05,1.399517059326172e-05,0.008565002679824829,0.0027042746543884276,0.005860805511474609,0.00855709433555603,0.005645668506622315,0.5181819677352906,1.1640625,-0.058203127,2.3398438,0.8771484,1.0,0.9990310952422748,0.999978927149915,9863.7220536608,1558.0,0.05244781970977783,0.05163307189941407,0.46840739250183105,0.0,1.0,0.0019418041920289397,-0.03269784525036812,-0.46327757835388184,-0.028142260387539864,1.2176291942596436,1.0,0.08288136124610901,0.8069132566452026,0.8897945880889893,2.9281674869707786e-05,0.023850835859775543,0.06856615096330643,55.849266052246094,0.4320312738418579,0.6752166748046875,1560.0,8.3889405e-05,,,,,,,,,,,,,,,,,,,,,,,,,,,,,,,,,,,,,,,,,,,,,
8007680,,,,,,,,,,,,,,,,,,,,,,,,,,,,,,,,,,,,,,,,,,,,,0.897265625,2.0546875,1.0,0.0,0.0,0.0,0.0,0.0,0.0,0.0,0.0,1.0,0.0,0.0,0.0,0.67578125,2.109375,1.0,0.0,0.0,0.0,0.0,0.0,0.0,0.0,0.0,1.0,0.0,0.0,0.0,0.39335937500000007,2.1328125,1.0,0.0,0.0,0.0,0.0,0.0,0.0,0.0,0.0,1.0,0.0,0.0,0.0
8038400,0.8805278539657593,2.325434684753418,1.0,0.0007992267608642578,0.5110045433044433,7.720470428466797e-05,1.3780593872070312e-05,0.010043641328811645,0.002441105842590332,0.005615401268005371,0.007825411558151245,0.00513697624206543,0.517444109916687,1.0585938,-0.052929692,1.9414062,0.89511704,1.0,0.9989868000330704,0.9999784363387502,9854.029684973475,1568.0,0.07161886692047119,0.07081964015960693,0.46475839614868164,0.0,1.0,0.0014752421993762255,-0.021269861608743668,-0.4651011824607849,-0.016852332279086113,1.2165355682373047,1.0,0.08353575319051743,0.8041625618934631,0.8876982927322388,2.349046917515807e-05,0.019133716821670532,0.06862050294876099,55.89353942871094,0.45292970538139343,0.7307426929473877,1570.0,8.186177e-05,,,,,,,,,,,,,,,,,,,,,,,,,,,,,,,,,,,,,,,,,,,,,
8089600,0.8796812295913696,2.3383407592773438,1.0,0.000826573371887207,0.5330108642578125,7.81393051147461e-05,1.4638900756835937e-05,0.010843504667282105,0.0026503431797027586,0.005974268913269043,0.008365954160690308,0.004685947895050049,0.539837121963501,1.0117188,-0.05058594,2.34375,0.8808593,1.0,0.9989998701025439,0.9999800374606767,9850.76345632627,1578.0,0.06353018283843995,0.06270360946655273,0.45461106300354004,0.0,1.0,0.0015749274753034115,-0.026625890284776688,-0.5131456851959229,-0.023497644811868668,1.1576306819915771,1.0,0.08475236594676971,0.804878294467926,0.8896306157112122,3.074091364396736e-05,0.0250394307076931,0.06866097450256348,55.9265022277832,0.4261718690395355,0.7081072330474854,1580.0,7.9834106e-05,,,,,,,,,,,,,,,,,,,,,,,,,,,,,,,,,,,,,,,,,,,,,
8140800,0.8810575604438782,2.314581871032715,1.0,0.0008027791976928711,0.5213805198669433,7.981419563293457e-05,1.4162063598632812e-05,0.00938751220703125,0.002665997743606567,0.005717349052429199,0.008672165870666503,0.005239131450653076,0.5279248476028442,1.234375,-0.061718754,2.3007812,0.8849609,1.0,0.9990638497286756,0.9999809870245249,9849.463440305228,1588.0,0.05977749824523926,0.058974719047546385,0.4385800361633301,0.0,1.0,0.0015131877735257149,-0.024980716407299042,-0.4638765752315521,-0.020443622022867203,1.2212634086608887,1.0,0.08348458260297775,0.803261399269104,0.8867459297180176,3.107277734670788e-05,0.025309745222330093,0.06871950626373291,55.97418212890625,0.4224609434604645,0.7325199842453003,1590.0,7.780647e-05,,,,,,,,,,,,,,,,,,,,,,,,,,,,,,,,,,,,,,,,,,,,,
8192000,0.8818892240524292,2.301576614379883,1.0,0.0008002519607543945,0.5112572908401489,7.712721824645996e-05,1.4376640319824218e-05,0.008713632822036743,0.002801462411880493,0.00599212646484375,0.008853838443756104,0.005092982053756714,0.5180752992630004,1.078125,-0.053906254,2.1875,0.8886719,1.0,0.9990681172568987,0.9999782785302647,9849.168503874493,1598.0,0.04870684146881103,0.04790658950805664,0.4791710376739502,0.0,1.0,0.0013712923973798752,-0.02207561768591404,-0.49137774109840393,-0.018360132351517677,1.185309886932373,1.0,0.0845249593257904,0.8024250268936157,0.8869500160217285,3.0186234653228894e-05,0.02458762750029564,0.06877075135707855,56.01591491699219,0.43359375,0.7352051734924316,1600.0,7.577881e-05,,,,,,,,,,,,,,,,,,,,,,,,,,,,,,,,,,,,,,,,,,,,,
8243200,0.8812209367752075,2.306645631790161,1.0,0.0021275758743286135,0.5267805814743042,7.690906524658203e-05,1.3971328735351563e-05,0.009990719556808471,0.002627235651016235,0.005553030967712402,0.008583356142044068,0.005036866664886475,0.5344851016998291,1.09375,-0.054687507,2.3632812,0.8798828,1.0,0.9990910069749962,0.9999813988178212,9847.027999055483,1608.0,0.04947781562805176,0.04735023975372314,0.44010257720947266,0.0,1.0,0.0018053015228360891,-0.02670377306640148,-0.5282581448554993,-0.02378895878791809,1.1384450197219849,1.0,0.08664369583129883,0.8015660047531128,0.8882097005844116,3.139064210699871e-05,0.025568652898073196,0.06883388757705688,56.067344665527344,0.42792969942092896,0.680849015712738,1610.0,7.375117e-05,,,,,,,,,,,,,,,,,,,,,,,,,,,,,,,,,,,,,,,,,,,,,
8294400,0.8804283142089844,2.3326497077941895,1.0,0.000870203971862793,0.5206019163131714,7.698416709899902e-05,1.4042854309082031e-05,0.008954191207885742,0.002831418514251709,0.005643200874328613,0.00868965983390808,0.005453726053237915,0.5271403312683105,1.1328125,-0.05664063,2.3984375,0.8761718,1.0,0.9990735324431032,0.9999791948102087,9846.098008487459,1618.0,0.05807344913482666,0.05720324516296387,0.4365510940551758,0.0,1.0,0.0016513674054294825,-0.0277223102748394,-0.5034399032592773,-0.02435125783085823,1.1701490879058838,1.0,0.08566814661026001,0.8004096746444702,0.8860778212547302,2.5636114514782093e-05,0.02088141441345215,0.06882230937480927,56.057918548583984,0.4166015684604645,0.7250584959983826,1620.0,7.172351e-05,,,,,,,,,,,,,,,,,,,,,,,,,,,,,,,,,,,,,,,,,,,,,
8345600,0.8813704252243042,2.3050854206085205,1.0,0.0008301734924316406,0.5241917848587037,7.680892944335938e-05,1.4162063598632812e-05,0.009372180700302124,0.0026785624027252197,0.009316301345825196,0.00837661862373352,0.005681552886962891,0.5343622207641602,1.0585938,-0.052929692,2.3632812,0.87597656,1.0,0.999089428699288,0.9999816622447839,9843.401418313952,1628.0,0.059864592552185056,0.059034419059753415,0.42101454734802246,0.0,1.0,0.0017921284306794405,-0.026791822165250778,-0.5056024193763733,-0.023295633494853973,1.1696445941925049,1.0,0.08615534007549286,0.8012176752090454,0.8873730301856995,2.8062660931027494e-05,0.0228579118847847,0.06889848411083221,56.119956970214844,0.43535158038139343,0.6866949796676636,1630.0,6.9695874e-05,,,,,,,,,,,,,,,,,,,,,,,,,,,,,,,,,,,,,,,,,,,,,
8396800,0.8809635639190674,2.3222031593322754,1.0,0.0008382558822631836,0.5171452283859252,7.688760757446289e-05,1.4209747314453125e-05,0.00882649540901184,0.0027025032043457033,0.00564265251159668,0.008577928543090821,0.005649036169052124,0.5236506462097168,1.1132812,-0.055664066,2.2226562,0.8888671,1.0,0.9990559523754091,0.9999803310037108,9842.370575117433,1638.0,0.06372275352478027,0.06288449764251708,0.43453121185302734,0.0,1.0,0.001707212533801794,-0.024092013016343117,-0.5015813112258911,-0.020600195974111557,1.1707619428634644,1.0,0.08640116453170776,0.7983414530754089,0.8847426176071167,3.480216764728539e-05,0.028347449377179146,0.0689041018486023,56.124534606933594,0.43144533038139343,0.704613983631134,1640.0,6.766821e-05,,,,,,,,,,,,,,,,,,,,,,,,,,,,,,,,,,,,,,,,,,,,,
8448000,0.8807212710380554,2.3202919960021973,1.0,0.0008014917373657226,0.5132709264755249,7.664322853088378e-05,1.4019012451171874e-05,0.008558785915374756,0.0028984546661376953,0.005502629280090332,0.008462545871734619,0.005642315149307251,0.5195988178253174,1.1875,-0.059375003,2.1992188,0.89003897,1.0,0.9990335905888399,0.999981232982927,9842.076880099034,1648.0,0.04991452693939209,0.04911303520202637,0.47283339500427246,0.0,1.0,0.0016384451882913709,-0.02698630839586258,-0.4759075939655304,-0.022852186113595963,1.203249216079712,1.0,0.08538126945495605,0.8020237684249878,0.8874050378799438,2.440916796331294e-05,0.01988202892243862,0.06894862651824951,56.160804748535156,0.4261718988418579,0.7027174830436707,1650.0,6.5640575e-05,,,,,,,,,,,,,,,,,,,,,,,,,,,,,,,,,,,,,,,,,,,,,
8499200,0.8802459239959717,2.326455593109131,1.0,0.0008104324340820312,0.5054296731948853,7.757067680358887e-05,1.5950202941894533e-05,0.00771918773651123,0.0027677726745605467,0.008959317207336425,0.008764210939407348,0.005918344259262085,0.5152259826660156,1.2304688,-0.06152344,2.4414062,0.87597656,1.0,0.9990345888065794,0.9999794078188465,9842.564172243447,1658.0,0.06321361064910888,0.06240317821502685,0.43129611015319824,0.0,1.0,0.0018031152430921793,-0.029754051938652992,-0.5036408305168152,-0.026261022314429283,1.1712148189544678,1.0,0.08796712011098862,0.8008376359939575,0.8888047337532043,2.7275986212771386e-05,0.02221713960170746,0.06900744140148163,56.208709716796875,0.4248046875,0.6798819303512573,1660.0,6.361291e-05,,,,,,,,,,,,,,,,,,,,,,,,,,,,,,,,,,,,,,,,,,,,,
8550400,0.8805417418479919,2.325530767440796,1.0,0.0007951974868774414,0.49458234310150145,7.634282112121582e-05,1.4233589172363282e-05,0.007209528684616089,0.002692508697509766,0.005665111541748047,0.008671952486038208,0.006054222583770752,0.501065993309021,1.3710938,-0.06855469,2.2539062,0.8833984,1.0,0.9990067626812144,0.9999818235724569,9844.397391905264,1668.0,0.05342264175415039,0.05262744426727295,0.42081451416015625,0.0,1.0,0.0013609646121039987,-0.024811726063489914,-0.4380871057510376,-0.019637342542409897,1.2517110109329224,1.0,0.08580754697322845,0.8012873530387878,0.8870949149131775,2.288118594151456e-05,0.018637437373399734,0.0691099539399147,56.29220962524414,0.427734375,0.7344800233840942,1670.0,6.158525e-05,,,,,,,,,,,,,,,,,,,,,,,,,,,,,,,,,,,,,,,,,,,,,
8601600,0.8822838664054871,2.2948436737060547,1.0,0.0008179426193237304,0.4818694829940796,7.550358772277832e-05,1.392364501953125e-05,0.006277060508728028,0.002886601686477661,0.011788582801818848,0.008643516302108765,0.0061864590644836424,0.4944998025894165,0.921875,-0.046093754,2.3085938,0.88066405,1.0,0.9989900584684502,0.9999800393668044,9846.83068274428,1678.0,0.05976986885070801,0.058951926231384275,0.4225316047668457,0.0,1.0,0.0017319672042503953,-0.02372387982904911,-0.5145583152770996,-0.02058149129152298,1.1557612419128418,1.0,0.08783053606748581,0.8012717962265015,0.8891023397445679,4.1142084228340536e-05,0.033511508256196976,0.06910480558872223,56.28801727294922,0.4466796815395355,0.680195689201355,1680.0,5.9557613e-05,,,,,,,,,,,,,,,,,,,,,,,,,,,,,,,,,,,,,,,,,,,,,
8652800,0.8805895447731018,2.3214869499206543,1.0,0.0008118152618408203,0.48941240310668943,7.564663887023926e-05,1.3828277587890625e-05,0.006726362705230713,0.0026559674739837645,0.005547904968261718,0.00854949712753296,0.0064392340183258056,0.4957953929901123,1.1289062,-0.056445315,2.390625,0.8765624,1.0,0.9990228203764677,0.9999809571128213,9849.204842673254,1688.0,0.05109822750091553,0.05028641223907471,0.44937872886657715,0.0,1.0,0.0018896545516327024,-0.027447722852230072,-0.49738988280296326,-0.02371787093579769,1.175508737564087,1.0,0.08760078251361847,0.7984609603881836,0.8860617280006409,3.739857493201271e-05,0.03046230413019657,0.06913430243730545,56.312042236328125,0.4283203184604645,0.6767978072166443,1690.0,5.752995e-05,,,,,,,,,,,,,,,,,,,,,,,,,,,,,,,,,,,,,,,,,,,,,
8704000,0.8808847069740295,2.3202409744262695,1.0,0.0008139371871948242,0.5018558979034424,7.626771926879882e-05,1.3804435729980468e-05,0.006866990327835083,0.00272080659866333,0.005642914772033691,0.008567063808441163,0.006837253570556641,0.5083362579345703,1.0625,-0.053125,2.2617188,0.8849609,1.0,0.9990270964032069,0.9999809109894917,9850.406011288993,1698.0,0.0553225040435791,0.05450856685638428,0.430833101272583,0.0,1.0,0.0015685688704252243,-0.02559446543455124,-0.4834658205509186,-0.021672450006008148,1.1939258575439453,1.0,0.08890769630670547,0.7994502782821655,0.8883579969406128,2.147562918253243e-05,0.017492569983005524,0.06920455396175385,56.3692626953125,0.43046873807907104,0.7128428220748901,1700.0,5.5502314e-05,,,,,,,,,,,,,,,,,,,,,,,,,,,,,,,,,,,,,,,,,,,,,
8755200,0.8816006183624268,2.2957797050476074,1.0,0.0009619474411010742,0.5021225452423096,7.629036903381348e-05,1.3899803161621093e-05,0.007058314085006714,0.002879519462585449,0.005952906608581543,0.00861188530921936,0.006455360651016235,0.5090614557266235,1.1054688,-0.05527344,2.3515625,0.87460935,1.0,0.9990138907129948,0.9999800483195979,9851.265890619501,1708.0,0.06385066509246826,0.06288871765136718,0.429241418838501,0.0,1.0,0.002614988014101982,-0.036645613610744476,-0.5883220434188843,-0.03496897220611572,1.0739634037017822,1.0,0.09200344979763031,0.8046514987945557,0.8966549634933472,7.23137054592371e-05,0.05890176445245743,0.0692300796508789,56.390052795410156,0.431640625,0.6220910549163818,1710.0,5.347465e-05,,,,,,,,,,,,,,,,,,,,,,,,,,,,,,,,,,,,,,,,,,,,,
8806400,0.8793405890464783,2.3435897827148438,1.0,0.0007992744445800781,0.4981993198394775,7.506370544433593e-05,1.3685226440429687e-05,0.007552824020385742,0.002739616632461548,0.005581283569335937,0.008463187217712402,0.00605454683303833,0.5046032667160034,1.1679688,-0.05839844,2.3125,0.8804687,1.0,0.9990073216904637,0.9999807697714036,9852.624247671944,1718.0,0.06760282516479492,0.06680355072021484,0.4245758056640625,0.0,1.0,0.001558447489514947,-0.027169767767190933,-0.46629494428634644,-0.022735996171832085,1.21500825881958,1.0,0.08796568214893341,0.799054741859436,0.887020468711853,2.300589403603226e-05,0.018739018589258194,0.06931090354919434,56.455894470214844,0.42597657442092896,0.7154844999313354,1720.0,5.1447016e-05,,,,,,,,,,,,,,,,,,,,,,,,,,,,,,,,,,,,,,,,,,,,,
8857600,0.881118655204773,2.318770408630371,1.0,0.0007321834564208984,0.4924630641937256,7.602930068969726e-05,1.4495849609375e-05,0.007070292234420777,0.002714903354644775,0.0055007457733154295,0.008505557775497436,0.006231992244720459,0.49872004985809326,1.1015625,-0.055078126,2.3085938,0.87871087,1.0,0.9990099440349685,0.9999808297560431,9854.612557328815,1728.0,0.043749237060546876,0.04301705360412598,0.42942357063293457,0.0,1.0,0.001326311961747706,-0.022585779428482056,-0.4524470865726471,-0.01788516342639923,1.2320603132247925,1.0,0.08792558312416077,0.8006136417388916,0.88853919506073,2.1586740331258625e-05,0.017583072185516357,0.06937387585639954,56.507179260253906,0.43769532442092896,0.7343202829360962,1730.0,4.9419352e-05,,,,,,,,,,,,,,,,,,,,,,,,,,,,,,,,,,,,,,,,,,,,,
8908800,0.8814065456390381,2.3039448261260986,1.0,0.0008170843124389648,0.5080479383468628,7.664322853088378e-05,1.3852119445800782e-05,0.007814533710479736,0.002606176137924194,0.005585598945617676,0.008372865915298462,0.006507577896118164,0.5144743204116822,1.0273438,-0.051367193,2.3007812,0.8791015,1.0,0.9990315863077116,0.9999808606825915,9854.801442749169,1738.0,0.06914377212524414,0.06832668781280518,0.41870713233947754,0.0,1.0,0.0022435300052165985,-0.03220721706748009,-0.5331828594207764,-0.029477186501026154,1.1337502002716064,1.0,0.08997754752635956,0.8003519177436829,0.8903294801712036,4.6530753024853766e-05,0.03790074959397316,0.06936131417751312,56.496944427490234,0.4341796934604645,0.6291401386260986,1740.0,4.7391717e-05,,,,,,,,,,,,,,,,,,,,,,,,,,,,,,,,,,,,,,,,,,,,,
8960000,0.8806005120277405,2.318235397338867,1.0,0.0007536172866821289,0.500490403175354,7.629156112670899e-05,1.399517059326172e-05,0.007592850923538208,0.002718772888183594,0.005590987205505371,0.008504412174224853,0.006107932329177857,0.5068589210510254,1.0976562,-0.054882817,2.3789062,0.87519526,1.0,0.9990305395523047,0.999980432004886,9855.817039102007,1748.0,0.06076056957244873,0.0600069522857666,0.4386003017425537,0.0,1.0,0.0017687438521534204,-0.027715979143977165,-0.48054444789886475,-0.023593634366989136,1.197296380996704,1.0,0.08938932418823242,0.7976612448692322,0.8870505690574646,2.671124821063131e-05,0.02175714261829853,0.06948566436767578,56.598236083984375,0.42304688692092896,0.6857832670211792,1750.0,4.5364053e-05,,,,,,,,,,,,,,,,,,,,,,,,,,,,,,,,,,,,,,,,,,,,,
9011200,0.8810288310050964,2.3134517669677734,1.0,0.0007638216018676757,0.4998178482055664,7.568120956420899e-05,1.3875961303710938e-05,0.007334883213043213,0.002735717296600342,0.0053981304168701175,0.008488434553146362,0.006215512752532959,0.5060035467147828,1.1015625,-0.055078126,2.359375,0.87812495,1.0,0.9943714140702962,0.9999804931620758,9856.902503121059,1758.0,0.05357511043548584,0.05281128883361816,0.731334924697876,0.0,1.0,0.0017556864768266678,-0.028078647330403328,-0.4677707552909851,-0.023674525320529938,1.2141482830047607,1.0,0.08932636678218842,0.799919068813324,0.8892453908920288,2.495171793270856e-05,0.020323950797319412,0.06951665878295898,56.62348175048828,0.43535155057907104,0.6790475249290466,1760.0,4.333642e-05,0.8988281249999999,2.0234375,1.0,0.0,0.0,0.0,0.0,0.0,0.0,0.0,0.0,1.0,0.0,0.0,0.0,0.6515624999999999,1.96875,1.0,0.0,0.0,0.0,0.0,0.0,0.0,0.0,0.0,1.0,0.0,0.0,0.0,0.40234375,1.953125,1.0,0.0,0.0,0.0,0.0,0.0,0.0,0.0,0.0,1.0,0.0,0.0,0.0
9062400,0.881583034992218,2.3039700984954834,1.0,0.0009002685546875,0.5011275291442872,7.620930671691894e-05,1.392364501953125e-05,0.008800358772277831,0.002593163251876831,0.005664992332458496,0.007604873180389405,0.0059571492671966556,0.5077165126800537,1.1601562,-0.058007814,2.2226562,0.8849609,1.0,0.9990173088754969,0.9999806998524642,9850.29110082209,1768.0,0.09199185371398926,0.09109158515930176,0.4193992614746094,0.0,1.0,0.0016079007182270288,-0.02372606284916401,-0.47838354110717773,-0.019584761932492256,1.2009636163711548,1.0,0.09007204324007034,0.7981633543968201,0.8882354497909546,2.233103987236973e-05,0.0181893277913332,0.06956218183040619,56.66056442260742,0.4427734613418579,0.6988191604614258,1770.0,4.1308755e-05,,,,,,,,,,,,,,,,,,,,,,,,,,,,,,,,,,,,,,,,,,,,,
9113600,0.880338728427887,2.3300294876098633,1.0,0.0007384538650512696,0.5011856317520141,7.589340209960937e-05,1.4162063598632812e-05,0.006797517538070679,0.0029658961296081545,0.005557727813720703,0.008389407396316528,0.006805980205535888,0.5075054883956909,0.96875,-0.048437506,2.265625,0.8867187,1.0,0.9990188499265672,0.9999812555695974,9851.269745342252,1778.0,0.05937330722808838,0.058634853363037115,0.43610072135925293,0.0,1.0,0.0017562438733875751,-0.02883116528391838,-0.4672431945800781,-0.024303995072841644,1.2182564735412598,1.0,0.08989670872688293,0.7993900179862976,0.8892867565155029,2.637428588059265e-05,0.0214826762676239,0.06960473954677582,56.695228576660156,0.4339843988418579,0.6857072114944458,1780.0,3.928112e-05,,,,,,,,,,,,,,,,,,,,,,,,,,,,,,,,,,,,,,,,,,,,,
9164800,0.88070148229599,2.32549786567688,1.0,0.0007866621017456055,0.4927875280380249,7.475852966308594e-05,1.316070556640625e-05,0.0073159742355346676,0.0027176475524902342,0.00528421401977539,0.008496637344360352,0.006009864807128906,0.49888148307800295,1.1757812,-0.058789067,2.28125,0.88398427,1.0,0.9990059028960607,0.9999801190999725,9853.183463365265,1788.0,0.04158229827880859,0.040795636177062986,0.4553849697113037,0.0,1.0,0.0017735534347593784,-0.027231786400079727,-0.4677245616912842,-0.022789431735873222,1.2118937969207764,1.0,0.0901719480752945,0.7941932678222656,0.8843651413917542,2.4301756639033556e-05,0.019794538617134094,0.06963382661342621,56.71891784667969,0.4232422113418579,0.7080647349357605,1790.0,3.7253456e-05,,,,,,,,,,,,,,,,,,,,,,,,,,,,,,,,,,,,,,,,,,,,,
9216000,0.8823977708816528,2.295596122741699,1.0,0.0008254528045654296,0.5072096586227417,7.55608081817627e-05,1.373291015625e-05,0.007722821235656738,0.002912616729736328,0.005515575408935547,0.008189388513565064,0.006435414552688598,0.5135738134384156,1.0195312,-0.050976567,2.2421875,0.8839843,1.0,0.999026789380328,0.999981709168632,9853.251313461466,1798.0,0.06501195430755616,0.06418650150299073,0.4231686592102051,0.0,1.0,0.001802550395950675,-0.026840850710868835,-0.47817540168762207,-0.022744957357645035,1.2003239393234253,1.0,0.09060271084308624,0.7985197305679321,0.8891224265098572,3.55494485120289e-05,0.028956132009625435,0.06968189775943756,56.758079528808594,0.44121095538139343,0.6885881423950195,1800.0,3.522582e-05,,,,,,,,,,,,,,,,,,,,,,,,,,,,,,,,,,,,,,,,,,,,,
9267200,0.881871223449707,2.301006555557251,1.0,0.0008217334747314453,0.49058144092559813,7.626175880432129e-05,1.4138221740722656e-05,0.007206121683120728,0.0026730895042419434,0.005407881736755371,0.008576421737670899,0.005973231792449951,0.49683547019958496,1.0117188,-0.05058594,2.3710938,0.8814453,1.0,0.999023788182982,0.999979317417182,9855.261784355964,1808.0,0.05040633678436279,0.049584603309631346,0.43726515769958496,1.0,0.0,0.0014774613082408905,-0.022260721772909164,-0.4677349328994751,-0.017941351979970932,1.212648868560791,1.0,0.09094641357660294,0.7946598529815674,0.8856062889099121,2.039081482507754e-05,0.01660895347595215,0.06974300742149353,56.8078498840332,0.43476563692092896,0.742631196975708,1810.0,3.3198157e-05,,,,,,,,,,,,,,,,,,,,,,,,,,,,,,,,,,,,,,,,,,,,,
9318400,0.8807374238967896,2.3142080307006836,1.0,0.0007529973983764649,0.5107444286346435,7.534027099609375e-05,1.3518333435058594e-05,0.007839292287826538,0.0027822256088256836,0.005507731437683105,0.008426414728164673,0.006389546394348145,0.5170280694961548,1.2304688,-0.061523438,2.359375,0.8800781,1.0,0.9990444480564857,0.9999818313693766,9855.444583772649,1818.0,0.055423641204833986,0.054670643806457524,0.43525075912475586,0.0,1.0,0.0017156419344246387,-0.028336934745311737,-0.4627450406551361,-0.02371368557214737,1.2212263345718384,1.0,0.0914933830499649,0.797785222530365,0.8892786502838135,2.2356174667947926e-05,0.018209800124168396,0.06979165971279144,56.847476959228516,0.4267578125,0.6780169010162354,1820.0,3.1170523e-05,,,,,,,,,,,,,,,,,,,,,,,,,,,,,,,,,,,,,,,,,,,,,
9369600,0.8810356259346008,2.3239431381225586,1.0,0.0007245540618896484,0.5080499887466431,7.65383243560791e-05,1.3828277587890625e-05,0.008090128898620605,0.0027869343757629395,0.010304546356201172,0.008486979007720948,0.005937672853469848,0.5191023826599122,1.1171875,-0.05585938,2.4140625,0.8753906,1.0,0.9990455278835239,0.9999817661834997,9855.201077011146,1828.0,0.058856773376464847,0.0581322193145752,0.4306626319885254,0.0,1.0,0.001840171287767589,-0.026748068630695343,-0.534647524356842,-0.024082494899630547,1.132441759109497,1.0,0.09337613731622696,0.7936762571334839,0.8870524168014526,2.8488631869549863e-05,0.023204877972602844,0.06977355480194092,56.832733154296875,0.423828125,0.697213888168335,1830.0,2.9142859e-05,,,,,,,,,,,,,,,,,,,,,,,,,,,,,,,,,,,,,,,,,,,,,
9420800,0.8804540038108826,2.3246312141418457,1.0,0.0007793664932250977,0.5019852638244628,7.63547420501709e-05,1.4162063598632812e-05,0.007893720865249634,0.0027472579479217527,0.005509662628173828,0.008565056324005126,0.0057922923564910885,0.5082982540130615,1.1171875,-0.05585938,2.359375,0.8800781,1.0,0.9990206503147883,0.9999807219412545,9856.05957795871,1838.0,0.0588533878326416,0.058074021339416505,0.4292306900024414,0.0,1.0,0.0016602093819528818,-0.028293730691075325,-0.4838394522666931,-0.02436012588441372,1.1904139518737793,1.0,0.09285064786672592,0.7960383892059326,0.8888890147209167,1.9192322724848054e-05,0.015632744878530502,0.0698348879814148,56.8826904296875,0.42851561307907104,0.7028104066848755,1840.0,2.7115224e-05,,,,,,,,,,,,,,,,,,,,,,,,,,,,,,,,,,,,,,,,,,,,,
9472000,0.8811150789260864,2.309122085571289,1.0,0.0008415937423706055,0.49721460342407225,7.551789283752442e-05,1.3852119445800782e-05,0.007616930007934571,0.0027229321002960206,0.00900580883026123,0.008873850107192993,0.005547231435775757,0.507086181640625,1.1796875,-0.058984376,2.234375,0.8882812,1.0,0.9990238167986369,0.9999796414793997,9857.008715418422,1848.0,0.06154487133026123,0.060703277587890625,0.48390698432922363,0.0,1.0,0.001377283944748342,-0.02497192844748497,-0.4639645516872406,-0.020397240296006203,1.2219886779785156,1.0,0.09223601222038269,0.7958229184150696,0.8880589604377747,2.819110159180127e-05,0.022962529212236404,0.06992912292480469,56.959449768066406,0.4320312738418579,0.7420511841773987,1850.0,2.508756e-05,,,,,,,,,,,,,,,,,,,,,,,,,,,,,,,,,,,,,,,,,,,,,
9523200,0.8818356394767761,2.2986855506896973,1.0,0.0008121252059936524,0.49839038848876954,7.560014724731445e-05,1.3899803161621093e-05,0.007091523408889771,0.002902226448059082,0.008374810218811035,0.008686814308166504,0.006139235496520996,0.5076009035110474,1.0234375,-0.051171876,2.2734375,0.8804687,1.0,0.999032099490203,0.9999809303051973,9858.141027576776,1858.0,0.07186315059661866,0.07105102539062501,0.4217698574066162,0.0,1.0,0.001703031943179667,-0.026014458388090134,-0.48527759313583374,-0.022059867158532143,1.1910895109176636,1.0,0.09305686503648758,0.7959088087081909,0.8889657258987427,2.065212174784392e-05,0.01682179793715477,0.0699603483080864,56.984886169433594,0.43925780057907104,0.685852587223053,1860.0,2.3059925e-05,,,,,,,,,,,,,,,,,,,,,,,,,,,,,,,,,,,,,,,,,,,,,
9574400,0.8818097710609436,2.2995686531066895,1.0,0.0007766485214233398,0.5003339290618897,7.727742195129395e-05,1.3756752014160157e-05,0.00765358567237854,0.0027819859981536867,0.005630755424499511,0.00838291049003601,0.006096669435501099,0.5067646503448486,1.0507812,-0.052539065,2.2734375,0.88632804,1.0,0.9990299504525166,0.9999811340727585,9859.123021230655,1868.0,0.057382512092590335,0.056605863571166995,0.42189550399780273,0.0,1.0,0.001998037798330188,-0.028958134353160858,-0.5432028770446777,-0.026417458429932594,1.1231496334075928,1.0,0.09538965672254562,0.7946609258651733,0.8900505900382996,3.222645682399161e-05,0.02624945342540741,0.06998815387487411,57.007530212402344,0.4326171875,0.6567520499229431,1870.0,2.1032261e-05,,,,,,,,,,,,,,,,,,,,,,,,,,,,,,,,,,,,,,,,,,,,,
9625600,0.8800163865089417,2.3291311264038086,1.0,0.0008183002471923828,0.4999725580215454,7.486581802368164e-05,1.3971328735351563e-05,0.007641158103942871,0.002838650941848755,0.005561995506286621,0.0083094584941864,0.006110506057739258,0.5063765287399292,1.1367188,-0.056835942,2.4023438,0.8759765,1.0,0.9990404079203375,0.9999808371130597,9859.802064860292,1878.0,0.0599001407623291,0.059081840515136715,0.44739866256713867,0.0,1.0,0.0015200626803562045,-0.023885849863290787,-0.4542527496814728,-0.01917155832052231,1.2319881916046143,1.0,0.09237775951623917,0.7935515642166138,0.8859293460845947,2.3182201402960345e-05,0.018882624804973602,0.07007087767124176,57.074913024902344,0.4253906309604645,0.7306446433067322,1880.0,1.9004627e-05,,,,,,,,,,,,,,,,,,,,,,,,,,,,,,,,,,,,,,,,,,,,,
9676800,0.8815617561340332,2.3052854537963867,1.0,0.0021774768829345703,0.49792435169219973,7.536649703979493e-05,1.373291015625e-05,0.0073202550411224365,0.0026667332649230957,0.005602598190307617,0.008374426364898682,0.006434973478317261,0.5057280778884887,1.1171875,-0.05585938,2.3125,0.884375,1.0,0.9990174034177851,0.9999803882494877,9860.816543896364,1888.0,0.06357669830322266,0.061399221420288086,0.5846517086029053,1.0,0.0,0.0022636924404650927,-0.03383380547165871,-0.5258357524871826,-0.030788714066147804,1.1426700353622437,1.0,0.09490838646888733,0.795122504234314,0.8900309801101685,4.3018422729801387e-05,0.03503984212875366,0.07006242871284485,57.06802749633789,0.4281249940395355,0.6568912863731384,1890.0,1.6976963e-05,,,,,,,,,,,,,,,,,,,,,,,,,,,,,,,,,,,,,,,,,,,,,
9728000,0.881118893623352,2.3196375370025635,1.0,0.0006844282150268554,0.4983412981033325,7.460474967956543e-05,1.3518333435058594e-05,0.006787331104278565,0.002819463014602661,0.008074021339416504,0.008670103549957276,0.006541268825531006,0.507123064994812,1.09375,-0.054687504,2.4804688,0.87207025,1.0,0.9990250191501281,0.9999806772669644,9861.952764192312,1898.0,0.05634753704071045,0.055663108825683594,0.4340057373046875,0.0,1.0,0.001352726947516203,-0.02488730102777481,-0.46624329686164856,-0.020517699420452118,1.2149136066436768,1.0,0.09401671588420868,0.7941131591796875,0.8881298899650574,1.966343552339822e-05,0.016016479581594467,0.07009783387184143,57.09687042236328,0.4320312738418579,0.7418637871742249,1900.0,1.4949328e-05,,,,,,,,,,,,,,,,,,,,,,,,,,,,,,,,,,,,,,,,,,,,,
9779200,0.8822580575942993,2.2908594608306885,1.0,0.0007757186889648437,0.49497213363647463,7.732152938842773e-05,1.373291015625e-05,0.007146754264831543,0.0028412890434265136,0.00540618896484375,0.008705815076828003,0.005952843427658081,0.5011777400970459,1.0820312,-0.054101564,2.2265625,0.88476557,1.0,0.9990066778301011,0.9999801150454039,9863.450443046093,1908.0,0.04291529655456543,0.04213957786560058,0.4443979263305664,0.0,1.0,0.0017198559362441301,-0.025423316285014153,-0.4854697287082672,-0.021551713347434998,1.189284324645996,1.0,0.09466950595378876,0.7938793301582336,0.8885488510131836,2.4068223865469918e-05,0.019604314118623734,0.0701361671090126,57.12809371948242,0.44394534826278687,0.6910820603370667,1910.0,1.2921664e-05,,,,,,,,,,,,,,,,,,,,,,,,,,,,,,,,,,,,,,,,,,,,,
9830400,0.8809634447097778,2.326216220855713,1.0,0.0008101701736450195,0.4873494148254395,7.484197616577149e-05,1.3852119445800782e-05,0.006346360445022583,0.0028544926643371583,0.005430388450622559,0.008734163045883179,0.006333564519882202,0.4936134576797485,1.0546875,-0.052734375,2.4609375,0.8730468,1.0,0.9990131068490277,0.9999804865316254,9865.437811178728,1918.0,0.06399986743927003,0.06318969726562501,0.4239647388458252,0.0,1.0,0.0018711213488131762,-0.030353643000125885,-0.5297664403915405,-0.027485549449920654,1.140021800994873,1.0,0.09659148752689362,0.792451798915863,0.8890432715415955,2.7953428798355162e-05,0.022768937051296234,0.07019102573394775,57.17277526855469,0.4322265386581421,0.6679287552833557,1920.0,1.0894029e-05,,,,,,,,,,,,,,,,,,,,,,,,,,,,,,,,,,,,,,,,,,,,,
9881600,0.880407989025116,2.320199489593506,1.0,0.0007686614990234375,0.4957474708557129,7.620930671691894e-05,1.3971328735351563e-05,0.007410463094711304,0.0027566802501678466,0.005523228645324707,0.008659836053848267,0.00586029052734375,0.5020627975463867,1.1640625,-0.05820313,2.296875,0.8851562,1.0,0.9990360289703015,0.9999811473432475,9866.646919486633,1928.0,0.06919808387756347,0.06842942237854004,0.41965818405151367,0.0,1.0,0.0012490274384617805,-0.024682708084583282,-0.46806877851486206,-0.020403703674674034,1.2123678922653198,1.0,0.09486755728721619,0.7937753200531006,0.8886429071426392,2.0841816876782104e-05,0.016976308077573776,0.07024449110031128,57.2163200378418,0.43046873807907104,0.7492616772651672,1930.0,8.8663655e-06,,,,,,,,,,,,,,,,,,,,,,,,,,,,,,,,,,,,,,,,,,,,,
9932800,0.8825362920761108,2.284592628479004,1.0,0.0007468223571777344,0.4999854326248169,7.578611373901367e-05,1.3971328735351563e-05,0.007088303565979004,0.002813596725463867,0.005524587631225586,0.008385651111602783,0.006611552238464356,0.506280493736267,1.1015625,-0.055078126,2.1601562,0.8919921,1.0,0.9990246965451045,0.999980880570294,9867.595390378283,1938.0,0.059662246704101564,0.05891542434692383,0.4251399040222168,0.0,1.0,0.001779639394953847,-0.026105333119630814,-0.49455976486206055,-0.022314194589853287,1.1829659938812256,1.0,0.09519229829311371,0.7930987477302551,0.88829106092453,2.311129355803132e-05,0.01882486790418625,0.07028529047966003,57.249549865722656,0.443359375,0.6834905743598938,1940.0,6.8387308e-06,,,,,,,,,,,,,,,,,,,,,,,,,,,,,,,,,,,,,,,,,,,,,
9984000,0.8799958825111389,2.333986759185791,1.0,0.0008274316787719727,0.492846417427063,7.567405700683593e-05,1.430511474609375e-05,0.006873815059661865,0.0028145313262939453,0.0055750846862792965,0.008293828964233398,0.006555423736572265,0.49927308559417727,1.0898438,-0.05449219,2.1992188,0.88808584,1.0,0.9988212259820621,0.9999802779528859,9869.037500516903,1948.0,0.04790511131286621,0.04707767963409424,0.42156028747558594,0.0,1.0,0.002147635444998741,-0.028866223990917206,-0.46972382068634033,-0.02429446205496788,1.2150790691375732,1.0,0.09569858759641647,0.7896280288696289,0.885326623916626,2.5541898139636032e-05,0.020804671570658684,0.07035723328590393,57.30815505981445,0.4296875,0.6709246039390564,1950.0,4.811067e-06,,,,,,,,,,,,,,,,,,,,,,,,,,,,,,,,,,,,,,,,,,,,,
